"text","intent","sentiment","priority"
"على فكرة، مبقتش عارف أعمل إيه، الأوردر متأخر جداً وأنا مضغوط وشكراً لتعاونكم","track_order","negative","high"
"مبقتش عارف أعمل إيه، الأوردر متأخر جداً وأنا مضغوط برجاء الإفادة","track_order","negative","high"
"لو سمحت، مبقتش عارف أعمل إيه، الأوردر متأخر جداً وأنا مضغوط برجاء الإفادة","track_order","negative","high"
"لو سمحت، مبقتش عارف أعمل إيه، الأوردر متأخر جداً وأنا مضغوط","track_order","negative","high"
"معلش، مبقتش عارف أعمل إيه، الاوردر متأخر جداً وأنا مضغوط برجاء الإفادة","track_order","negative","high"
"معلش، مبقتش عارف أعمل إيه، الأوردر متاخر جداً وأنا مضغوط وشكراً لتعاونكم","track_order","negative","high"
"على فكرة، مبقتش عارف أعمل إيه، الأوردر متاخر جداً وأنا مضغوط برجاء الإفادة","track_order","negative","high"
"لو سمحت، مبقتش عارف أعمل إيه، الأوردر متأخر جداً وأنا مضغوط وشكراً لتعاونكم","track_order","negative","high"
"من فضلك، مبقتش عارف أعمل إيه، الأوردر متأخر جداً وأنا مضغوط","track_order","negative","high"
"بجد مبقتش عارف أعمل إيه، الأوردر متاخر جداً وأنا مضغوط في انتظار ردكم","track_order","negative","high"
"مبقتش عارف أعمل إيه، الأوردر متأخر جداً وأنا مضغوط","track_order","negative","high"
"مبقتش عارف أعمل إيه، الاوردر متأخر جداً وأنا مضغوط ياريت حد يرد عليا","track_order","negative","high"
"معلش، الشحنة لسا في المخزن ولا خرجت للتوصيل؟ في انتظار ردكم","track_order","neutral","medium"
"بجد الشحنة لسا في المخزن ولا خرجت للتوصيل؟ وشكراً لتعاونكم","track_order","neutral","medium"
"على فكرة، الشحنه لسه في المخزن ولا خرجت للتوصيل؟ وشكراً لتعاونكم","track_order","neutral","medium"
"على فكرة، الشحنه لسه في المخزن ولا خرجت للتوصيل؟ في انتظار ردكم","track_order","neutral","medium"
"بجد الشحنه لسه في المخزن ولا خرجت للتوصيل؟ في انتظار ردكم","track_order","neutral","medium"
"بجد الشحنه لسه في المخزن ولا خرجت للتوصيل؟ ياريت حد يرد عليا","track_order","neutral","medium"
"من فضلك، الشحنه لسه في المخزن ولا خرجت للتوصيل؟ في انتظار ردكم","track_order","neutral","medium"
"لو سمحت، الشحنة لسه في المخزن ولا خرجت للتوصيل؟ ياريت حد يرد عليا","track_order","neutral","medium"
"من فضلك، الشحنة لسه في المخزن ولا خرجت للتوصيل؟ ياريت حد يرد عليا","track_order","neutral","medium"
"من فضلك، الشحنه لسه في المخزن ولا خرجت للتوصيل؟ وشكراً لتعاونكم","track_order","neutral","medium"
"لو سمحت، الشحنه لسه في المخزن ولا خرجت للتوصيل؟","track_order","neutral","medium"
"لو سمحت، الشحنة لسه في المخزن ولا خرجت للتوصيل؟ برجاء الإفادة","track_order","neutral","medium"
"ممكن أعرف حالة طلبي #1003؟ ياريت حد يرد عليا","track_order","neutral","medium"
"ممكن أعرف حالة طلبي #1001؟ وشكراً لتعاونكم","track_order","neutral","medium"
"لو سمحت، ممكن أعرف حالة طلبي #1003؟","track_order","neutral","medium"
"بجد ممكن أعرف حالة طلبي #1001؟ برجاء الإفادة","track_order","neutral","medium"
"لو سمحت، ممكن أعرف حالة طلبي #1002؟ وشكراً لتعاونكم","track_order","neutral","medium"
"من فضلك، ممكن أعرف حالة طلبي #1001؟ وشكراً لتعاونكم","track_order","neutral","medium"
"معلش، ممكن أعرف حالة طلبي #1002؟ ياريت حد يرد عليا","track_order","neutral","medium"
"على فكرة، ممكن أعرف حالة طلبي #1002؟ وشكراً لتعاونكم","track_order","neutral","medium"
"طب ممكن أعرف حالة طلبي #1002؟","track_order","neutral","medium"
"معلش، ممكن أعرف حالة طلبي #1001؟","track_order","neutral","medium"
"لو سمحت، ممكن أعرف حالة طلبي #1002؟ ياريت حد يرد عليا","track_order","neutral","medium"
"الطلب اتسلم بسرعة وده شيء يفرح في انتظار ردكم","track_order","positive","low"
"بجد الطلب اتسلم بسرعة وده شيء يفرح وشكراً لتعاونكم","track_order","positive","low"
"طب الطلب اتسلم بسرعة وده شيء يفرح برجاء الإفادة","track_order","positive","low"
"الطلب اتسلم بسرعة وده شيء يفرح","track_order","positive","low"
"لو سمحت، الطلب اتسلم بسرعة وده شيء يفرح","track_order","positive","low"
"على فكرة، الطلب اتسلم بسرعة وده شيء يفرح وشكراً لتعاونكم","track_order","positive","low"
"بجد الطلب اتسلم بسرعة وده شيء يفرح برجاء الإفادة","track_order","positive","low"
"من فضلك، الطلب اتسلم بسرعة وده شيء يفرح ياريت حد يرد عليا","track_order","positive","low"
"معلش، الطلب اتسلم بسرعة وده شيء يفرح ياريت حد يرد عليا","track_order","positive","low"
"من فضلك، الطلب اتسلم بسرعة وده شيء يفرح في انتظار ردكم","track_order","positive","low"
"من فضلك، الطلب اتسلم بسرعة وده شيء يفرح وشكراً لتعاونكم","track_order","positive","low"
"من فضلك، الطلب اتسلم بسرعة وده شيء يفرح برجاء الإفادة","track_order","positive","low"
"على فكرة، عادي لو اتاخر بس حابب أعرف الموعد التقريبي وشكراً لتعاونكم","track_order","neutral","low"
"طب عادي لو اتاخر بس حابب أعرف الموعد التقريبي برجاء الإفادة","track_order","neutral","low"
"عادي لو اتأخر بس حابب أعرف الموعد التقريبي في انتظار ردكم","track_order","neutral","low"
"عادي لو اتاخر بس حابب أعرف الموعد التقريبي وشكراً لتعاونكم","track_order","neutral","low"
"معلش، عادي لو اتاخر بس حابب أعرف الموعد التقريبي ياريت حد يرد عليا","track_order","neutral","low"
"عادي لو اتاخر بس حابب أعرف الموعد التقريبي","track_order","neutral","low"
"لو سمحت، عادي لو اتاخر بس حابب أعرف الموعد التقريبي وشكراً لتعاونكم","track_order","neutral","low"
"على فكرة، عادي لو اتاخر بس حابب أعرف الموعد التقريبي","track_order","neutral","low"
"معلش، عادي لو اتاخر بس حابب أعرف الموعد التقريبي في انتظار ردكم","track_order","neutral","low"
"بجد عادي لو اتأخر بس حابب أعرف الموعد التقريبي ياريت حد يرد عليا","track_order","neutral","low"
"من فضلك، عادي لو اتاخر بس حابب أعرف الموعد التقريبي وشكراً لتعاونكم","track_order","neutral","low"
"لو سمحت، عادي لو اتأخر بس حابب أعرف الموعد التقريبي برجاء الإفادة","track_order","neutral","low"
"لو سمحت، ممكن أعرف رقم تتبع الشحنة؟ ياريت حد يرد عليا","track_order","neutral","medium"
"معلش، ممكن أعرف رقم تتبع الشحنه؟ برجاء الإفادة","track_order","neutral","medium"
"من فضلك، ممكن أعرف رقم تتبع الشحنه؟ برجاء الإفادة","track_order","neutral","medium"
"على فكرة، ممكن أعرف رقم تتبع الشحنة؟","track_order","neutral","medium"
"معلش، ممكن أعرف رقم تتبع الشحنه؟","track_order","neutral","medium"
"ممكن أعرف رقم تتبع الشحنه؟ برجاء الإفادة","track_order","neutral","medium"
"طب ممكن أعرف رقم تتبع الشحنة؟ برجاء الإفادة","track_order","neutral","medium"
"لو سمحت، ممكن أعرف رقم تتبع الشحنة؟ في انتظار ردكم","track_order","neutral","medium"
"على فكرة، ممكن أعرف رقم تتبع الشحنه؟ وشكراً لتعاونكم","track_order","neutral","medium"
"على فكرة، ممكن أعرف رقم تتبع الشحنة؟ ياريت حد يرد عليا","track_order","neutral","medium"
"طب ممكن أعرف رقم تتبع الشحنه؟","track_order","neutral","medium"
"ممكن أعرف رقم تتبع الشحنه؟ في انتظار ردكم","track_order","neutral","medium"
"لو سمحت، الاوردر #1003 لسه ما وصلش وأنا مستني بقالي كتير في انتظار ردكم","track_order","negative","high"
"لو سمحت، الأوردر #1003 لسا ما وصلش وأنا مستني بقالي كتير برجاء الإفادة","track_order","negative","high"
"بجد الأوردر #1003 لسه ما وصلش وأنا مستني بقالي كتير ياريت حد يرد عليا","track_order","negative","high"
"الأوردر #1002 لسه ما وصلش وأنا مستني بقالي كتير وشكراً لتعاونكم","track_order","negative","high"
"على فكرة، الاوردر #1001 لسه ما وصلش وأنا مستني بقالي كتير برجاء الإفادة","track_order","negative","high"
"الأوردر #1003 لسه ما وصلش وأنا مستني بقالي كتير في انتظار ردكم","track_order","negative","high"
"بجد الاوردر #1001 لسه ما وصلش وأنا مستني بقالي كتير ياريت حد يرد عليا","track_order","negative","high"
"على فكرة، الأوردر #1002 لسه ما وصلش وأنا مستني بقالي كتير","track_order","negative","high"
"لو سمحت، الأوردر #1003 لسه ما وصلش وأنا مستني بقالي كتير ياريت حد يرد عليا","track_order","negative","high"
"معلش، الأوردر #1001 لسه ما وصلش وأنا مستني بقالي كتير ياريت حد يرد عليا","track_order","negative","high"
"من فضلك، الأوردر #1003 لسه ما وصلش وأنا مستني بقالي كتير برجاء الإفادة","track_order","negative","high"
"معلش، الأوردر #1003 لسه ما وصلش وأنا مستني بقالي كتير","track_order","negative","high"
"الأوردر #1001 لسا ما وصلش وأنا مستني بقالي كتير في انتظار ردكم","track_order","negative","high"
"معلش، الاوردر #1003 لسه ما وصلش وأنا مستني بقالي كتير برجاء الإفادة","track_order","negative","high"
"بجد أنا مستني الـكيبورد ده من مدة طويلة جداً ياريت حد يرد عليا","track_order","negative","high"
"من فضلك، أنا مستني الـباور بانك ده من مدة طويلة جداً ياريت حد يرد عليا","track_order","negative","high"
"لو سمحت، أنا مستني الـموبايل ده من مدة طويلة جداً","track_order","negative","high"
"بجد أنا مستني الـهيدفون ده من مدة طويلة جداً برجاء الإفادة","track_order","negative","high"
"طب أنا مستني الـشاحن ده من مدة طويلة جداً برجاء الإفادة","track_order","negative","high"
"طب أنا مستني الـماوس ده من مدة طويلة جداً","track_order","negative","high"
"بجد أنا مستني الـباور بانك ده من مدة طويلة جداً في انتظار ردكم","track_order","negative","high"
"على فكرة، أنا مستني الـهيدفون ده من مدة طويلة جداً في انتظار ردكم","track_order","negative","high"
"بجد أنا مستني الـشاحن ده من مدة طويلة جداً","track_order","negative","high"
"أنا مستني الـماوس ده من مدة طويلة جداً","track_order","negative","high"
"على فكرة، أنا مستني الـلابتوب ده من مدة طويلة جداً وشكراً لتعاونكم","track_order","negative","high"
"على فكرة، أنا مستني الـتابلت ده من مدة طويلة جداً ياريت حد يرد عليا","track_order","negative","high"
"طب أنا مستني الـموبايل ده من مدة طويلة جداً في انتظار ردكم","track_order","negative","high"
"معلش، أنا مستني الـتابلت ده من مدة طويلة جداً","track_order","negative","high"
"لو سمحت، أنا مستني الـموبايل ده من مدة طويلة جداً ياريت حد يرد عليا","track_order","negative","high"
"معلش، أنا مستني الـهيدفون ده من مدة طويلة جداً ياريت حد يرد عليا","track_order","negative","high"
"لو سمحت، اتأخر الطلب أوي وأنا مش عارف اتصرف إزاي","track_order","negative","high"
"اتأخر الطلب أوي وأنا مش عارف اتصرف ازاي برجاء الإفادة","track_order","negative","high"
"اتأخر الطلب أوي وأنا مش عارف اتصرف إزاي ياريت حد يرد عليا","track_order","negative","high"
"من فضلك، اتأخر الطلب أوي وأنا مش عارف اتصرف ازاي برجاء الإفادة","track_order","negative","high"
"معلش، اتأخر الطلب أوي وأنا مش عارف اتصرف إزاي ياريت حد يرد عليا","track_order","negative","high"
"اتأخر الطلب أوي وأنا مش عارف اتصرف إزاي","track_order","negative","high"
"على فكرة، اتأخر الطلب أوي وأنا مش عارف اتصرف ازاي","track_order","negative","high"
"على فكرة، اتأخر الطلب أوي وأنا مش عارف اتصرف إزاي ياريت حد يرد عليا","track_order","negative","high"
"من فضلك، اتأخر الطلب أوي وأنا مش عارف اتصرف ازاي","track_order","negative","high"
"اتأخر الطلب أوي وأنا مش عارف اتصرف ازاي في انتظار ردكم","track_order","negative","high"
"على فكرة، اتأخر الطلب أوي وأنا مش عارف اتصرف إزاي برجاء الإفادة","track_order","negative","high"
"بجد اتأخر الطلب أوي وأنا مش عارف اتصرف ازاي برجاء الإفادة","track_order","negative","high"
"بجد عايز أعرف الطلب فين وصل بالظبط","track_order","neutral","medium"
"عاوز أعرف الطلب فين وصل بالظبط برجاء الإفادة","track_order","neutral","medium"
"بجد عاوز أعرف الطلب فين وصل بالظبط ياريت حد يرد عليا","track_order","neutral","medium"
"طب عايز أعرف الطلب فين وصل بالظبط وشكراً لتعاونكم","track_order","neutral","medium"
"لو سمحت، عايز أعرف الطلب فين وصل بالظبط في انتظار ردكم","track_order","neutral","medium"
"طب عايز أعرف الطلب فين وصل بالظبط برجاء الإفادة","track_order","neutral","medium"
"عاوز أعرف الطلب فين وصل بالظبط ياريت حد يرد عليا","track_order","neutral","medium"
"من فضلك، عاوز أعرف الطلب فين وصل بالظبط وشكراً لتعاونكم","track_order","neutral","medium"
"معلش، عايز أعرف الطلب فين وصل بالظبط ياريت حد يرد عليا","track_order","neutral","medium"
"لو سمحت، عايز أعرف الطلب فين وصل بالظبط وشكراً لتعاونكم","track_order","neutral","medium"
"على فكرة، عايز أعرف الطلب فين وصل بالظبط في انتظار ردكم","track_order","neutral","medium"
"لو سمحت، عاوز أعرف الطلب فين وصل بالظبط","track_order","neutral","medium"
"من فضلك، مفيش مشكلة في الوقت، بس عاوز أطمن على الأوردر","track_order","neutral","low"
"طب مفيش مشكلة في الوقت، بس عايز أطمن على الأوردر في انتظار ردكم","track_order","neutral","low"
"على فكرة، مفيش مشكلة في الوقت، بس عايز أطمن على الأوردر في انتظار ردكم","track_order","neutral","low"
"على فكرة، مفيش مشكلة في الوقت، بس عايز أطمن على الأوردر ياريت حد يرد عليا","track_order","neutral","low"
"بجد مفيش مشكلة في الوقت، بس عايز أطمن على الأوردر في انتظار ردكم","track_order","neutral","low"
"طب مفيش مشكلة في الوقت، بس عايز أطمن على الأوردر ياريت حد يرد عليا","track_order","neutral","low"
"بجد مفيش مشكلة في الوقت، بس عايز أطمن على الأوردر","track_order","neutral","low"
"مفيش مشكلة في الوقت، بس عاوز أطمن على الأوردر وشكراً لتعاونكم","track_order","neutral","low"
"بجد مفيش مشكلة في الوقت، بس عايز أطمن على الاوردر برجاء الإفادة","track_order","neutral","low"
"من فضلك، مفيش مشكلة في الوقت، بس عايز أطمن على الأوردر في انتظار ردكم","track_order","neutral","low"
"مفيش مشكلة في الوقت، بس عايز أطمن على الأوردر برجاء الإفادة","track_order","neutral","low"
"مفيش مشكلة في الوقت، بس عايز أطمن على الأوردر ياريت حد يرد عليا","track_order","neutral","low"
"الطلب اتأخر جداً وأنا معايا مناسبة النهاردة ومحتاجه","track_order","negative","high"
"بجد الطلب اتاخر جداً وأنا معايا مناسبة النهاردة ومحتاجه في انتظار ردكم","track_order","negative","high"
"طب الطلب اتأخر جداً وأنا معايا مناسبة النهاردة ومحتاجه في انتظار ردكم","track_order","negative","high"
"بجد الطلب اتاخر جداً وأنا معايا مناسبة النهاردة ومحتاجه وشكراً لتعاونكم","track_order","negative","high"
"طب الطلب اتأخر جداً وأنا معايا مناسبة النهاردة ومحتاجه برجاء الإفادة","track_order","negative","high"
"لو سمحت، الطلب اتأخر جداً وأنا معايا مناسبة النهاردة ومحتاجه في انتظار ردكم","track_order","negative","high"
"على فكرة، الطلب اتاخر جداً وأنا معايا مناسبة النهاردة ومحتاجه ياريت حد يرد عليا","track_order","negative","high"
"طب الطلب اتاخر جداً وأنا معايا مناسبة النهاردة ومحتاجه ياريت حد يرد عليا","track_order","negative","high"
"على فكرة، الطلب اتاخر جداً وأنا معايا مناسبة النهاردة ومحتاجه برجاء الإفادة","track_order","negative","high"
"من فضلك، الطلب اتأخر جداً وأنا معايا مناسبة النهاردة ومحتاجه ياريت حد يرد عليا","track_order","negative","high"
"معلش، الطلب اتاخر جداً وأنا معايا مناسبة النهاردة ومحتاجه وشكراً لتعاونكم","track_order","negative","high"
"بجد الطلب اتأخر جداً وأنا معايا مناسبة النهاردة ومحتاجه ياريت حد يرد عليا","track_order","negative","high"
"طلبي المفروض يوصل امتى؟ وشكراً لتعاونكم","track_order","neutral","medium"
"بجد طلبي المفروض يوصل امتى؟ في انتظار ردكم","track_order","neutral","medium"
"من فضلك، طلبي المفروض يوصل امتى؟ في انتظار ردكم","track_order","neutral","medium"
"طلبي المفروض يوصل امتى؟ في انتظار ردكم","track_order","neutral","medium"
"على فكرة، طلبي المفروض يوصل امتى؟ ياريت حد يرد عليا","track_order","neutral","medium"
"بجد طلبي المفروض يوصل امتى؟","track_order","neutral","medium"
"طب طلبي المفروض يوصل امتى؟","track_order","neutral","medium"
"معلش، طلبي المفروض يوصل امتى؟ برجاء الإفادة","track_order","neutral","medium"
"معلش، طلبي المفروض يوصل امتى؟ في انتظار ردكم","track_order","neutral","medium"
"طب طلبي المفروض يوصل امتى؟ في انتظار ردكم","track_order","neutral","medium"
"طلبي المفروض يوصل امتى؟","track_order","neutral","medium"
"معلش، طلبي المفروض يوصل امتى؟ ياريت حد يرد عليا","track_order","neutral","medium"
"لو سمحت، الأوردر بتاعي اتاخر شوية، فين وصل؟ وشكراً لتعاونكم","track_order","neutral","medium"
"معلش، الأوردر بتاعي اتاخر شوية، فين وصل؟ في انتظار ردكم","track_order","neutral","medium"
"بجد الاوردر بتاعي اتأخر شوية، فين وصل؟ وشكراً لتعاونكم","track_order","neutral","medium"
"على فكرة، الأوردر بتاعي اتأخر شوية، فين وصل؟","track_order","neutral","medium"
"لو سمحت، الاوردر بتاعي اتأخر شوية، فين وصل؟ برجاء الإفادة","track_order","neutral","medium"
"طب الأوردر بتاعي اتاخر شوية، فين وصل؟ برجاء الإفادة","track_order","neutral","medium"
"على فكرة، الأوردر بتاعي اتاخر شوية، فين وصل؟ برجاء الإفادة","track_order","neutral","medium"
"من فضلك، الأوردر بتاعي اتاخر شوية، فين وصل؟ برجاء الإفادة","track_order","neutral","medium"
"معلش، الأوردر بتاعي اتأخر شوية، فين وصل؟ وشكراً لتعاونكم","track_order","neutral","medium"
"بجد الأوردر بتاعي اتأخر شوية، فين وصل؟ ياريت حد يرد عليا","track_order","neutral","medium"
"بجد الأوردر بتاعي اتأخر شوية، فين وصل؟ في انتظار ردكم","track_order","neutral","medium"
"بجد الاوردر بتاعي اتأخر شوية، فين وصل؟ برجاء الإفادة","track_order","neutral","medium"
"من فضلك، محتاج رد سريع، الطلب اتأخر ومعنديش وقت في انتظار ردكم","track_order","negative","high"
"لو سمحت، محتاج رد سريع، الطلب اتأخر ومعنديش وقت في انتظار ردكم","track_order","negative","high"
"من فضلك، محتاج رد سريع، الطلب اتاخر ومعنديش وقت وشكراً لتعاونكم","track_order","negative","high"
"محتاج رد سريع، الطلب اتاخر ومعنديش وقت","track_order","negative","high"
"معلش، محتاج رد سريع، الطلب اتاخر ومعنديش وقت ياريت حد يرد عليا","track_order","negative","high"
"لو سمحت، محتاج رد سريع، الطلب اتأخر ومعنديش وقت","track_order","negative","high"
"طب محتاج رد سريع، الطلب اتأخر ومعنديش وقت ياريت حد يرد عليا","track_order","negative","high"
"طب محتاج رد سريع، الطلب اتاخر ومعنديش وقت في انتظار ردكم","track_order","negative","high"
"طب محتاج رد سريع، الطلب اتأخر ومعنديش وقت","track_order","negative","high"
"على فكرة، محتاج رد سريع، الطلب اتأخر ومعنديش وقت وشكراً لتعاونكم","track_order","negative","high"
"معلش، محتاج رد سريع، الطلب اتأخر ومعنديش وقت في انتظار ردكم","track_order","negative","high"
"معلش، محتاج رد سريع، الطلب اتاخر ومعنديش وقت برجاء الإفادة","track_order","negative","high"
"على فكرة، محتاج الـشاشة ضروري وأنا لسه مستني الشحنه وشكراً لتعاونكم","track_order","negative","high"
"لو سمحت، محتاج الـكيبورد ضروري وأنا لسه مستني الشحنة برجاء الإفادة","track_order","negative","high"
"بجد محتاج الـسماعة ضروري وأنا لسه مستني الشحنة في انتظار ردكم","track_order","negative","high"
"معلش، محتاج الـباور بانك ضروري وأنا لسه مستني الشحنه وشكراً لتعاونكم","track_order","negative","high"
"بجد محتاج الـباور بانك ضروري وأنا لسه مستني الشحنة ياريت حد يرد عليا","track_order","negative","high"
"لو سمحت، محتاج الـتابلت ضروري وأنا لسا مستني الشحنة","track_order","negative","high"
"لو سمحت، محتاج الـماوس ضروري وأنا لسه مستني الشحنة ياريت حد يرد عليا","track_order","negative","high"
"محتاج الـكاميرا ضروري وأنا لسه مستني الشحنه برجاء الإفادة","track_order","negative","high"
"محتاج الـتابلت ضروري وأنا لسه مستني الشحنه وشكراً لتعاونكم","track_order","negative","high"
"من فضلك، محتاج الـسماعة ضروري وأنا لسه مستني الشحنة ياريت حد يرد عليا","track_order","negative","high"
"طب محتاج الـلابتوب ضروري وأنا لسه مستني الشحنه برجاء الإفادة","track_order","negative","high"
"طب محتاج الـهيدفون ضروري وأنا لسه مستني الشحنه","track_order","negative","high"
"طب محتاج الـسماعة ضروري وأنا لسه مستني الشحنة وشكراً لتعاونكم","track_order","negative","high"
"على فكرة، محتاج الـشاحن ضروري وأنا لسه مستني الشحنة","track_order","negative","high"
"معلش، محتاج الـباور بانك ضروري وأنا لسه مستني الشحنة في انتظار ردكم","track_order","negative","high"
"على فكرة، محتاج الـتابلت ضروري وأنا لسه مستني الشحنة في انتظار ردكم","track_order","negative","high"
"معلش، محتاج الـشاشة ضروري وأنا لسه مستني الشحنة","track_order","negative","high"
"بجد محتاج الـهيدفون ضروري وأنا لسا مستني الشحنة في انتظار ردكم","track_order","negative","high"
"طب محتاج الـسماعة ضروري وأنا لسا مستني الشحنة ياريت حد يرد عليا","track_order","negative","high"
"الشحنة اتاخرت أكتر من المعقول وأنا مستعجل جداً","track_order","negative","high"
"لو سمحت، الشحنه اتأخرت أكتر من المعقول وأنا مستعجل جداً في انتظار ردكم","track_order","negative","high"
"من فضلك، الشحنة اتأخرت أكتر من المعقول وأنا مستعجل جداً في انتظار ردكم","track_order","negative","high"
"معلش، الشحنه اتأخرت أكتر من المعقول وأنا مستعجل جداً في انتظار ردكم","track_order","negative","high"
"الشحنة اتأخرت أكتر من المعقول وأنا مستعجل جداً ياريت حد يرد عليا","track_order","negative","high"
"بجد الشحنة اتاخرت أكتر من المعقول وأنا مستعجل جداً برجاء الإفادة","track_order","negative","high"
"معلش، الشحنة اتاخرت أكتر من المعقول وأنا مستعجل جداً برجاء الإفادة","track_order","negative","high"
"الشحنه اتأخرت أكتر من المعقول وأنا مستعجل جداً وشكراً لتعاونكم","track_order","negative","high"
"لو سمحت، الشحنة اتأخرت أكتر من المعقول وأنا مستعجل جداً وشكراً لتعاونكم","track_order","negative","high"
"طب الشحنة اتأخرت أكتر من المعقول وأنا مستعجل جداً ياريت حد يرد عليا","track_order","negative","high"
"طب الشحنة اتأخرت أكتر من المعقول وأنا مستعجل جداً في انتظار ردكم","track_order","negative","high"
"معلش، الشحنه اتأخرت أكتر من المعقول وأنا مستعجل جداً","track_order","negative","high"
"لو سمحت، الطلب بياخد وقت أكتر من المتوقع شوية برجاء الإفادة","track_order","negative","medium"
"من فضلك، الطلب بياخد وقت أكتر من المتوقع شوية ياريت حد يرد عليا","track_order","negative","medium"
"طب الطلب بياخد وقت أكتر من المتوقع شوية","track_order","negative","medium"
"معلش، الطلب بياخد وقت أكتر من المتوقع شوية وشكراً لتعاونكم","track_order","negative","medium"
"طب الطلب بياخد وقت أكتر من المتوقع شوية ياريت حد يرد عليا","track_order","negative","medium"
"الطلب بياخد وقت أكتر من المتوقع شوية ياريت حد يرد عليا","track_order","negative","medium"
"لو سمحت، الطلب بياخد وقت أكتر من المتوقع شوية في انتظار ردكم","track_order","negative","medium"
"الطلب بياخد وقت أكتر من المتوقع شوية برجاء الإفادة","track_order","negative","medium"
"على فكرة، الطلب بياخد وقت أكتر من المتوقع شوية ياريت حد يرد عليا","track_order","negative","medium"
"الطلب بياخد وقت أكتر من المتوقع شوية","track_order","negative","medium"
"بجد الطلب بياخد وقت أكتر من المتوقع شوية وشكراً لتعاونكم","track_order","negative","medium"
"على فكرة، الطلب بياخد وقت أكتر من المتوقع شوية وشكراً لتعاونكم","track_order","negative","medium"
"معلش، الطلب متاخر بقاله أسبوع وأنا محتاجه ضروري النهاردة ياريت حد يرد عليا","track_order","negative","high"
"من فضلك، الطلب متاخر بقاله أسبوع وأنا محتاجه ضروري النهاردة في انتظار ردكم","track_order","negative","high"
"بجد الطلب متأخر بقاله أسبوع وأنا محتاجه ضروري النهاردة وشكراً لتعاونكم","track_order","negative","high"
"على فكرة، الطلب متأخر بقاله أسبوع وأنا محتاجه ضروري النهاردة برجاء الإفادة","track_order","negative","high"
"معلش، الطلب متاخر بقاله أسبوع وأنا محتاجه ضروري النهاردة","track_order","negative","high"
"الطلب متأخر بقاله أسبوع وأنا محتاجه ضروري النهاردة برجاء الإفادة","track_order","negative","high"
"على فكرة، الطلب متأخر بقاله أسبوع وأنا محتاجه ضروري النهاردة وشكراً لتعاونكم","track_order","negative","high"
"من فضلك، الطلب متأخر بقاله أسبوع وأنا محتاجه ضروري النهاردة وشكراً لتعاونكم","track_order","negative","high"
"من فضلك، الطلب متاخر بقاله أسبوع وأنا محتاجه ضروري النهاردة ياريت حد يرد عليا","track_order","negative","high"
"الطلب متأخر بقاله أسبوع وأنا محتاجه ضروري النهاردة","track_order","negative","high"
"معلش، الطلب متاخر بقاله أسبوع وأنا محتاجه ضروري النهاردة في انتظار ردكم","track_order","negative","high"
"على فكرة، الطلب متأخر بقاله أسبوع وأنا محتاجه ضروري النهاردة","track_order","negative","high"
"على فكرة، استلمت الساعة الذكية وكل حاجة مظبوطة، شكراً","track_order","positive","low"
"استلمت الـسماعة وكل حاجة مظبوطة، شكراً برجاء الإفادة","track_order","positive","low"
"بجد استلمت الـسماعة وكل حاجة مظبوطة، شكراً وشكراً لتعاونكم","track_order","positive","low"
"استلمت الساعة الذكية وكل حاجة مظبوطة، شكراً في انتظار ردكم","track_order","positive","low"
"استلمت الـتابلت وكل حاجة مظبوطة، شكراً وشكراً لتعاونكم","track_order","positive","low"
"بجد استلمت الـموبايل وكل حاجة مظبوطة، شكراً ياريت حد يرد عليا","track_order","positive","low"
"طب استلمت الـتابلت وكل حاجة مظبوطة، شكراً برجاء الإفادة","track_order","positive","low"
"استلمت الـتابلت وكل حاجة مظبوطة، شكراً في انتظار ردكم","track_order","positive","low"
"على فكرة، استلمت الـسماعة وكل حاجة مظبوطة، شكراً وشكراً لتعاونكم","track_order","positive","low"
"معلش، استلمت الـموبايل وكل حاجة مظبوطة، شكراً","track_order","positive","low"
"من فضلك، استلمت الـكاميرا وكل حاجة مظبوطة، شكراً وشكراً لتعاونكم","track_order","positive","low"
"على فكرة، استلمت الـلابتوب وكل حاجة مظبوطة، شكراً برجاء الإفادة","track_order","positive","low"
"بجد استلمت الـسماعة وكل حاجة مظبوطة، شكراً برجاء الإفادة","track_order","positive","low"
"طب استلمت الـموبايل وكل حاجة مظبوطة، شكراً في انتظار ردكم","track_order","positive","low"
"طب استلمت الـلابتوب وكل حاجة مظبوطة، شكراً ياريت حد يرد عليا","track_order","positive","low"
"معلش، استلمت الـباور بانك وكل حاجة مظبوطة، شكراً ياريت حد يرد عليا","track_order","positive","low"
"طب حبيت أقولكم ان الأوردر #1003 وصل بسلامة ياريت حد يرد عليا","track_order","positive","low"
"حبيت أقولكم ان الاوردر #1003 وصل بسلامة وشكراً لتعاونكم","track_order","positive","low"
"على فكرة، حبيت أقولكم ان الاوردر #1003 وصل بسلامة وشكراً لتعاونكم","track_order","positive","low"
"من فضلك، حبيت أقولكم ان الاوردر #1001 وصل بسلامة ياريت حد يرد عليا","track_order","positive","low"
"بجد حبيت أقولكم ان الأوردر #1003 وصل بسلامة برجاء الإفادة","track_order","positive","low"
"لو سمحت، حبيت أقولكم ان الاوردر #1003 وصل بسلامة ياريت حد يرد عليا","track_order","positive","low"
"طب حبيت أقولكم ان الأوردر #1001 وصل بسلامة","track_order","positive","low"
"من فضلك، حبيت أقولكم ان الاوردر #1003 وصل بسلامة برجاء الإفادة","track_order","positive","low"
"على فكرة، حبيت أقولكم ان الاوردر #1003 وصل بسلامة ياريت حد يرد عليا","track_order","positive","low"
"معلش، حبيت أقولكم ان الاوردر #1001 وصل بسلامة وشكراً لتعاونكم","track_order","positive","low"
"بجد حبيت أقولكم ان الأوردر #1002 وصل بسلامة","track_order","positive","low"
"على فكرة، حبيت أقولكم ان الاوردر #1003 وصل بسلامة","track_order","positive","low"
"بجد التوصيل كان أحسن من المتوقع، شكراً في انتظار ردكم","track_order","positive","low"
"لو سمحت، التوصيل كان أحسن من المتوقع، شكراً ياريت حد يرد عليا","track_order","positive","low"
"طب التوصيل كان أحسن من المتوقع، شكراً ياريت حد يرد عليا","track_order","positive","low"
"معلش، التوصيل كان أحسن من المتوقع، شكراً وشكراً لتعاونكم","track_order","positive","low"
"بجد التوصيل كان أحسن من المتوقع، شكراً ياريت حد يرد عليا","track_order","positive","low"
"معلش، التوصيل كان أحسن من المتوقع، شكراً في انتظار ردكم","track_order","positive","low"
"بجد التوصيل كان أحسن من المتوقع، شكراً وشكراً لتعاونكم","track_order","positive","low"
"معلش، التوصيل كان أحسن من المتوقع، شكراً","track_order","positive","low"
"على فكرة، التوصيل كان أحسن من المتوقع، شكراً في انتظار ردكم","track_order","positive","low"
"من فضلك، التوصيل كان أحسن من المتوقع، شكراً","track_order","positive","low"
"من فضلك، التوصيل كان أحسن من المتوقع، شكراً في انتظار ردكم","track_order","positive","low"
"طب التوصيل كان أحسن من المتوقع، شكراً وشكراً لتعاونكم","track_order","positive","low"
"لو سمحت، لاحظت ان في تأخير بسيط في الشحنة وشكراً لتعاونكم","track_order","negative","medium"
"لو سمحت، لاحظت ان في تأخير بسيط في الشحنه في انتظار ردكم","track_order","negative","medium"
"بجد لاحظت ان في تأخير بسيط في الشحنة برجاء الإفادة","track_order","negative","medium"
"بجد لاحظت ان في تأخير بسيط في الشحنه في انتظار ردكم","track_order","negative","medium"
"لو سمحت، لاحظت ان في تأخير بسيط في الشحنه برجاء الإفادة","track_order","negative","medium"
"على فكرة، لاحظت ان في تأخير بسيط في الشحنة في انتظار ردكم","track_order","negative","medium"
"على فكرة، لاحظت ان في تأخير بسيط في الشحنه ياريت حد يرد عليا","track_order","negative","medium"
"معلش، لاحظت ان في تأخير بسيط في الشحنة ياريت حد يرد عليا","track_order","negative","medium"
"لو سمحت، لاحظت ان في تأخير بسيط في الشحنة ياريت حد يرد عليا","track_order","negative","medium"
"طب لاحظت ان في تأخير بسيط في الشحنة ياريت حد يرد عليا","track_order","negative","medium"
"لاحظت ان في تأخير بسيط في الشحنة وشكراً لتعاونكم","track_order","negative","medium"
"على فكرة، لاحظت ان في تأخير بسيط في الشحنة برجاء الإفادة","track_order","negative","medium"
"الشحنه متأخرة يوم عن المعاد المتوقع","track_order","negative","medium"
"على فكرة، الشحنة متأخرة يوم عن المعاد المتوقع وشكراً لتعاونكم","track_order","negative","medium"
"طب الشحنه متأخرة يوم عن المعاد المتوقع برجاء الإفادة","track_order","negative","medium"
"لو سمحت، الشحنه متأخرة يوم عن المعاد المتوقع ياريت حد يرد عليا","track_order","negative","medium"
"بجد الشحنة متأخرة يوم عن المعاد المتوقع","track_order","negative","medium"
"طب الشحنة متاخرة يوم عن المعاد المتوقع ياريت حد يرد عليا","track_order","negative","medium"
"على فكرة، الشحنه متأخرة يوم عن المعاد المتوقع في انتظار ردكم","track_order","negative","medium"
"من فضلك، الشحنة متاخرة يوم عن المعاد المتوقع","track_order","negative","medium"
"طب الشحنة متأخرة يوم عن المعاد المتوقع وشكراً لتعاونكم","track_order","negative","medium"
"من فضلك، الشحنة متأخرة يوم عن المعاد المتوقع وشكراً لتعاونكم","track_order","negative","medium"
"الشحنة متاخرة يوم عن المعاد المتوقع ياريت حد يرد عليا","track_order","negative","medium"
"بجد الشحنة متأخرة يوم عن المعاد المتوقع في انتظار ردكم","track_order","negative","medium"
"معلش، الشحنة اتاخرت والموعد المهم بتاعي قرب برجاء الإفادة","track_order","negative","high"
"من فضلك، الشحنة اتأخرت والموعد المهم بتاعي قرب","track_order","negative","high"
"طب الشحنة اتأخرت والموعد المهم بتاعي قرب وشكراً لتعاونكم","track_order","negative","high"
"على فكرة، الشحنة اتأخرت والموعد المهم بتاعي قرب برجاء الإفادة","track_order","negative","high"
"على فكرة، الشحنة اتأخرت والموعد المهم بتاعي قرب وشكراً لتعاونكم","track_order","negative","high"
"من فضلك، الشحنة اتأخرت والموعد المهم بتاعي قرب في انتظار ردكم","track_order","negative","high"
"على فكرة، الشحنه اتأخرت والموعد المهم بتاعي قرب في انتظار ردكم","track_order","negative","high"
"بجد الشحنة اتأخرت والموعد المهم بتاعي قرب في انتظار ردكم","track_order","negative","high"
"على فكرة، الشحنة اتاخرت والموعد المهم بتاعي قرب ياريت حد يرد عليا","track_order","negative","high"
"الشحنة اتأخرت والموعد المهم بتاعي قرب برجاء الإفادة","track_order","negative","high"
"طب الشحنة اتأخرت والموعد المهم بتاعي قرب","track_order","negative","high"
"بجد الشحنه اتأخرت والموعد المهم بتاعي قرب برجاء الإفادة","track_order","negative","high"
"على فكرة، الطلب اتأخر شوية عن المعاد، في مشكلة؟","track_order","negative","medium"
"لو سمحت، الطلب اتاخر شوية عن المعاد، في مشكلة؟ وشكراً لتعاونكم","track_order","negative","medium"
"لو سمحت، الطلب اتاخر شوية عن المعاد، في مشكلة؟ برجاء الإفادة","track_order","negative","medium"
"الطلب اتأخر شوية عن المعاد، في مشكلة؟ ياريت حد يرد عليا","track_order","negative","medium"
"من فضلك، الطلب اتاخر شوية عن المعاد، في مشكلة؟","track_order","negative","medium"
"بجد الطلب اتأخر شوية عن المعاد، في مشكلة؟ في انتظار ردكم","track_order","negative","medium"
"من فضلك، الطلب اتأخر شوية عن المعاد، في مشكلة؟ برجاء الإفادة","track_order","negative","medium"
"طب الطلب اتاخر شوية عن المعاد، في مشكلة؟ وشكراً لتعاونكم","track_order","negative","medium"
"طب الطلب اتاخر شوية عن المعاد، في مشكلة؟","track_order","negative","medium"
"لو سمحت، الطلب اتاخر شوية عن المعاد، في مشكلة؟","track_order","negative","medium"
"الطلب اتاخر شوية عن المعاد، في مشكلة؟ برجاء الإفادة","track_order","negative","medium"
"على فكرة، الطلب اتاخر شوية عن المعاد، في مشكلة؟ ياريت حد يرد عليا","track_order","negative","medium"
"من فضلك، عندي طلب لابتوب عاوز أعرف وضعه في انتظار ردكم","track_order","neutral","medium"
"بجد عندي طلب لابتوب عاوز أعرف وضعه ياريت حد يرد عليا","track_order","neutral","medium"
"معلش، عندي طلب هيدفون عايز أعرف وضعه ياريت حد يرد عليا","track_order","neutral","medium"
"من فضلك، عندي طلب كاميرا عاوز أعرف وضعه ياريت حد يرد عليا","track_order","neutral","medium"
"على فكرة، عندي طلب شاشة عايز أعرف وضعه","track_order","neutral","medium"
"على فكرة، عندي طلب ساعة ذكية عايز أعرف وضعه في انتظار ردكم","track_order","neutral","medium"
"لو سمحت، عندي طلب ماوس عايز أعرف وضعه","track_order","neutral","medium"
"على فكرة، عندي طلب تابلت عاوز أعرف وضعه برجاء الإفادة","track_order","neutral","medium"
"معلش، عندي طلب تابلت عاوز أعرف وضعه برجاء الإفادة","track_order","neutral","medium"
"عندي طلب سماعة عاوز أعرف وضعه وشكراً لتعاونكم","track_order","neutral","medium"
"عندي طلب كيبورد عايز أعرف وضعه في انتظار ردكم","track_order","neutral","medium"
"على فكرة، عندي طلب هيدفون عاوز أعرف وضعه وشكراً لتعاونكم","track_order","neutral","medium"
"بجد عندي طلب باور بانك عايز أعرف وضعه ياريت حد يرد عليا","track_order","neutral","medium"
"طب عندي طلب لابتوب عاوز أعرف وضعه ياريت حد يرد عليا","track_order","neutral","medium"
"بجد عندي طلب سماعة عايز أعرف وضعه في انتظار ردكم","track_order","neutral","medium"
"بجد عندي طلب كاميرا عايز أعرف وضعه","track_order","neutral","medium"
"معلش، حابب أطمن على حالة الأوردر بتاعي ياريت حد يرد عليا","track_order","neutral","medium"
"طب حابب أطمن على حالة الاوردر بتاعي","track_order","neutral","medium"
"بجد حابب أطمن على حالة الاوردر بتاعي ياريت حد يرد عليا","track_order","neutral","medium"
"من فضلك، حابب أطمن على حالة الأوردر بتاعي وشكراً لتعاونكم","track_order","neutral","medium"
"طب حابب أطمن على حالة الأوردر بتاعي ياريت حد يرد عليا","track_order","neutral","medium"
"بجد حابب أطمن على حالة الاوردر بتاعي وشكراً لتعاونكم","track_order","neutral","medium"
"بجد حابب أطمن على حالة الأوردر بتاعي برجاء الإفادة","track_order","neutral","medium"
"بجد حابب أطمن على حالة الاوردر بتاعي في انتظار ردكم","track_order","neutral","medium"
"لو سمحت، حابب أطمن على حالة الأوردر بتاعي برجاء الإفادة","track_order","neutral","medium"
"معلش، حابب أطمن على حالة الأوردر بتاعي برجاء الإفادة","track_order","neutral","medium"
"حابب أطمن على حالة الأوردر بتاعي ياريت حد يرد عليا","track_order","neutral","medium"
"طب حابب أطمن على حالة الاوردر بتاعي برجاء الإفادة","track_order","neutral","medium"
"الطلب اتشحن ولا لسا في المعالجة؟ ياريت حد يرد عليا","track_order","neutral","medium"
"من فضلك، الطلب اتشحن ولا لسا في المعالجة؟ في انتظار ردكم","track_order","neutral","medium"
"طب الطلب اتشحن ولا لسا في المعالجة؟ ياريت حد يرد عليا","track_order","neutral","medium"
"معلش، الطلب اتشحن ولا لسه في المعالجة؟ في انتظار ردكم","track_order","neutral","medium"
"بجد الطلب اتشحن ولا لسا في المعالجة؟","track_order","neutral","medium"
"طب الطلب اتشحن ولا لسه في المعالجة؟ في انتظار ردكم","track_order","neutral","medium"
"بجد الطلب اتشحن ولا لسا في المعالجة؟ في انتظار ردكم","track_order","neutral","medium"
"معلش، الطلب اتشحن ولا لسا في المعالجة؟ ياريت حد يرد عليا","track_order","neutral","medium"
"لو سمحت، الطلب اتشحن ولا لسا في المعالجة؟","track_order","neutral","medium"
"من فضلك، الطلب اتشحن ولا لسا في المعالجة؟","track_order","neutral","medium"
"على فكرة، الطلب اتشحن ولا لسه في المعالجة؟","track_order","neutral","medium"
"الطلب اتشحن ولا لسا في المعالجة؟","track_order","neutral","medium"
"الشحنة وصلت في معادها بالظبط، ربنا يخليكم برجاء الإفادة","track_order","positive","low"
"بجد الشحنه وصلت في معادها بالظبط، ربنا يخليكم ياريت حد يرد عليا","track_order","positive","low"
"الشحنة وصلت في معادها بالظبط، ربنا يخليكم في انتظار ردكم","track_order","positive","low"
"معلش، الشحنة وصلت في معادها بالظبط، ربنا يخليكم برجاء الإفادة","track_order","positive","low"
"بجد الشحنه وصلت في معادها بالظبط، ربنا يخليكم وشكراً لتعاونكم","track_order","positive","low"
"لو سمحت، الشحنه وصلت في معادها بالظبط، ربنا يخليكم برجاء الإفادة","track_order","positive","low"
"من فضلك، الشحنه وصلت في معادها بالظبط، ربنا يخليكم برجاء الإفادة","track_order","positive","low"
"بجد الشحنه وصلت في معادها بالظبط، ربنا يخليكم في انتظار ردكم","track_order","positive","low"
"على فكرة، الشحنة وصلت في معادها بالظبط، ربنا يخليكم","track_order","positive","low"
"من فضلك، الشحنه وصلت في معادها بالظبط، ربنا يخليكم ياريت حد يرد عليا","track_order","positive","low"
"من فضلك، الشحنه وصلت في معادها بالظبط، ربنا يخليكم","track_order","positive","low"
"معلش، الشحنه وصلت في معادها بالظبط، ربنا يخليكم","track_order","positive","low"
"لو سمحت، الشحنه واقفة من كام يوم ومحدش رد عليا","track_order","negative","high"
"الشحنة واقفة من كام يوم ومحدش رد عليا ياريت حد يرد عليا","track_order","negative","high"
"معلش، الشحنة واقفة من كام يوم ومحدش رد عليا ياريت حد يرد عليا","track_order","negative","high"
"بجد الشحنه واقفة من كام يوم ومحدش رد عليا في انتظار ردكم","track_order","negative","high"
"من فضلك، الشحنة واقفة من كام يوم ومحدش رد عليا ياريت حد يرد عليا","track_order","negative","high"
"طب الشحنه واقفة من كام يوم ومحدش رد عليا في انتظار ردكم","track_order","negative","high"
"الشحنة واقفة من كام يوم ومحدش رد عليا برجاء الإفادة","track_order","negative","high"
"على فكرة، الشحنة واقفة من كام يوم ومحدش رد عليا في انتظار ردكم","track_order","negative","high"
"لو سمحت، الشحنه واقفة من كام يوم ومحدش رد عليا وشكراً لتعاونكم","track_order","negative","high"
"طب الشحنة واقفة من كام يوم ومحدش رد عليا برجاء الإفادة","track_order","negative","high"
"على فكرة، الشحنة واقفة من كام يوم ومحدش رد عليا برجاء الإفادة","track_order","negative","high"
"من فضلك، الشحنة واقفة من كام يوم ومحدش رد عليا وشكراً لتعاونكم","track_order","negative","high"
"لو سمحت، عايز أعرف حالة الشحنة بتاعت الـشاحن","track_order","neutral","medium"
"معلش، عايز أعرف حالة الشحنة بتاعت الـباور بانك برجاء الإفادة","track_order","neutral","medium"
"على فكرة، عايز أعرف حالة الشحنة بتاعت الـهيدفون","track_order","neutral","medium"
"عاوز أعرف حالة الشحنة بتاعت الـتابلت ياريت حد يرد عليا","track_order","neutral","medium"
"على فكرة، عايز أعرف حالة الشحنة بتاعت الساعة الذكية برجاء الإفادة","track_order","neutral","medium"
"لو سمحت، عايز أعرف حالة الشحنة بتاعت الـباور بانك ياريت حد يرد عليا","track_order","neutral","medium"
"معلش، عايز أعرف حالة الشحنة بتاعت الساعة الذكية برجاء الإفادة","track_order","neutral","medium"
"معلش، عاوز أعرف حالة الشحنة بتاعت الـتابلت في انتظار ردكم","track_order","neutral","medium"
"على فكرة، عايز أعرف حالة الشحنه بتاعت الـباور بانك برجاء الإفادة","track_order","neutral","medium"
"عايز أعرف حالة الشحنة بتاعت الساعة الذكية برجاء الإفادة","track_order","neutral","medium"
"لو سمحت، عايز أعرف حالة الشحنة بتاعت الـموبايل وشكراً لتعاونكم","track_order","neutral","medium"
"على فكرة، عاوز أعرف حالة الشحنة بتاعت الـتابلت برجاء الإفادة","track_order","neutral","medium"
"معلش، عايز أعرف حالة الشحنة بتاعت الـكاميرا في انتظار ردكم","track_order","neutral","medium"
"عايز أعرف حالة الشحنه بتاعت الـلابتوب برجاء الإفادة","track_order","neutral","medium"
"معلش، عاوز أعرف حالة الشحنة بتاعت الـموبايل","track_order","neutral","medium"
"بجد عايز أعرف حالة الشحنة بتاعت الـماوس","track_order","neutral","medium"
"من فضلك، عايز أعرف حالة الشحنة بتاعت الـشاحن ياريت حد يرد عليا","track_order","neutral","medium"
"طب عايز أعرف حالة الشحنة بتاعت الـكاميرا برجاء الإفادة","track_order","neutral","medium"
"من فضلك، عايز أعرف حالة الشحنة بتاعت الـتابلت وشكراً لتعاونكم","track_order","neutral","medium"
"من فضلك، ممكن تتبعوا لي الطلب رقم #1003؟ في انتظار ردكم","track_order","neutral","medium"
"معلش، ممكن تتبعوا لي الطلب رقم #1001؟ برجاء الإفادة","track_order","neutral","medium"
"على فكرة، ممكن تتبعوا لي الطلب رقم #1002؟ برجاء الإفادة","track_order","neutral","medium"
"معلش، ممكن تتبعوا لي الطلب رقم #1002؟ ياريت حد يرد عليا","track_order","neutral","medium"
"من فضلك، ممكن تتبعوا لي الطلب رقم #1003؟ وشكراً لتعاونكم","track_order","neutral","medium"
"على فكرة، ممكن تتبعوا لي الطلب رقم #1003؟ في انتظار ردكم","track_order","neutral","medium"
"لو سمحت، ممكن تتبعوا لي الطلب رقم #1001؟ برجاء الإفادة","track_order","neutral","medium"
"طب ممكن تتبعوا لي الطلب رقم #1003؟ وشكراً لتعاونكم","track_order","neutral","medium"
"لو سمحت، ممكن تتبعوا لي الطلب رقم #1002؟ وشكراً لتعاونكم","track_order","neutral","medium"
"طب ممكن تتبعوا لي الطلب رقم #1001؟","track_order","neutral","medium"
"معلش، ممكن تتبعوا لي الطلب رقم #1001؟","track_order","neutral","medium"
"لو سمحت، لو الطلب مش هيوصل النهاردة هبقى في مشكلة كبيرة","track_order","negative","high"
"طب لو الطلب مش هيوصل النهاردة هبقى في مشكلة كبيرة ياريت حد يرد عليا","track_order","negative","high"
"طب لو الطلب مش هيوصل النهاردة هبقى في مشكلة كبيرة","track_order","negative","high"
"طب لو الطلب مش هيوصل النهاردة هبقى في مشكلة كبيرة في انتظار ردكم","track_order","negative","high"
"معلش، لو الطلب مش هيوصل النهاردة هبقى في مشكلة كبيرة ياريت حد يرد عليا","track_order","negative","high"
"من فضلك، لو الطلب مش هيوصل النهاردة هبقى في مشكلة كبيرة","track_order","negative","high"
"طب لو الطلب مش هيوصل النهاردة هبقى في مشكلة كبيرة برجاء الإفادة","track_order","negative","high"
"من فضلك، لو الطلب مش هيوصل النهاردة هبقى في مشكلة كبيرة برجاء الإفادة","track_order","negative","high"
"من فضلك، لو الطلب مش هيوصل النهاردة هبقى في مشكلة كبيرة وشكراً لتعاونكم","track_order","negative","high"
"من فضلك، لو الطلب مش هيوصل النهاردة هبقى في مشكلة كبيرة في انتظار ردكم","track_order","negative","high"
"على فكرة، لو الطلب مش هيوصل النهاردة هبقى في مشكلة كبيرة ياريت حد يرد عليا","track_order","negative","high"
"لو الطلب مش هيوصل النهاردة هبقى في مشكلة كبيرة في انتظار ردكم","track_order","negative","high"
"طب ده تأخير كبير جداً، عايز حل سريع في انتظار ردكم","track_order","negative","high"
"بجد ده تأخير كبير جداً، عاوز حل سريع","track_order","negative","high"
"معلش، ده تأخير كبير جداً، عاوز حل سريع في انتظار ردكم","track_order","negative","high"
"معلش، ده تأخير كبير جداً، عايز حل سريع وشكراً لتعاونكم","track_order","negative","high"
"ده تأخير كبير جداً، عايز حل سريع في انتظار ردكم","track_order","negative","high"
"على فكرة، ده تأخير كبير جداً، عايز حل سريع وشكراً لتعاونكم","track_order","negative","high"
"طب ده تأخير كبير جداً، عايز حل سريع ياريت حد يرد عليا","track_order","negative","high"
"لو سمحت، ده تأخير كبير جداً، عايز حل سريع ياريت حد يرد عليا","track_order","negative","high"
"لو سمحت، ده تأخير كبير جداً، عاوز حل سريع برجاء الإفادة","track_order","negative","high"
"من فضلك، ده تأخير كبير جداً، عايز حل سريع في انتظار ردكم","track_order","negative","high"
"على فكرة، ده تأخير كبير جداً، عاوز حل سريع ياريت حد يرد عليا","track_order","negative","high"
"على فكرة، ده تأخير كبير جداً، عايز حل سريع في انتظار ردكم","track_order","negative","high"
"لو سمحت، مش عاوز أعجلكم بس حابب أعرف فين الشحنة","track_order","neutral","low"
"معلش، مش عايز أعجلكم بس حابب أعرف فين الشحنة ياريت حد يرد عليا","track_order","neutral","low"
"لو سمحت، مش عاوز أعجلكم بس حابب أعرف فين الشحنة برجاء الإفادة","track_order","neutral","low"
"على فكرة، مش عايز أعجلكم بس حابب أعرف فين الشحنه ياريت حد يرد عليا","track_order","neutral","low"
"بجد مش عايز أعجلكم بس حابب أعرف فين الشحنة وشكراً لتعاونكم","track_order","neutral","low"
"مش عايز أعجلكم بس حابب أعرف فين الشحنة في انتظار ردكم","track_order","neutral","low"
"طب مش عاوز أعجلكم بس حابب أعرف فين الشحنة في انتظار ردكم","track_order","neutral","low"
"بجد مش عايز أعجلكم بس حابب أعرف فين الشحنه","track_order","neutral","low"
"بجد مش عايز أعجلكم بس حابب أعرف فين الشحنة ياريت حد يرد عليا","track_order","neutral","low"
"معلش، مش عايز أعجلكم بس حابب أعرف فين الشحنه في انتظار ردكم","track_order","neutral","low"
"لو سمحت، مش عايز أعجلكم بس حابب أعرف فين الشحنه وشكراً لتعاونكم","track_order","neutral","low"
"مش عاوز أعجلكم بس حابب أعرف فين الشحنة برجاء الإفادة","track_order","neutral","low"
"بجد معلش بس الوضع بقى مستفز، فين الشحنه؟ برجاء الإفادة","track_order","negative","high"
"بجد معلش بس الوضع بقى مستفز، فين الشحنة؟ في انتظار ردكم","track_order","negative","high"
"من فضلك، معلش بس الوضع بقى مستفز، فين الشحنه؟ ياريت حد يرد عليا","track_order","negative","high"
"لو سمحت، معلش بس الوضع بقى مستفز، فين الشحنه؟","track_order","negative","high"
"معلش بس الوضع بقى مستفز، فين الشحنه؟ وشكراً لتعاونكم","track_order","negative","high"
"معلش، معلش بس الوضع بقى مستفز، فين الشحنة؟ ياريت حد يرد عليا","track_order","negative","high"
"لو سمحت، معلش بس الوضع بقى مستفز، فين الشحنة؟ برجاء الإفادة","track_order","negative","high"
"على فكرة، معلش بس الوضع بقى مستفز، فين الشحنة؟ وشكراً لتعاونكم","track_order","negative","high"
"لو سمحت، معلش بس الوضع بقى مستفز، فين الشحنه؟ ياريت حد يرد عليا","track_order","negative","high"
"معلش بس الوضع بقى مستفز، فين الشحنة؟ في انتظار ردكم","track_order","negative","high"
"على فكرة، معلش بس الوضع بقى مستفز، فين الشحنة؟","track_order","negative","high"
"من فضلك، معلش بس الوضع بقى مستفز، فين الشحنه؟ في انتظار ردكم","track_order","negative","high"
"بجد طلبت ماوس من كام يوم، عاوز أعرف وصل لفين ياريت حد يرد عليا","track_order","neutral","medium"
"طب طلبت كيبورد من كام يوم، عايز أعرف وصل لفين وشكراً لتعاونكم","track_order","neutral","medium"
"معلش، طلبت موبايل من كام يوم، عاوز أعرف وصل لفين في انتظار ردكم","track_order","neutral","medium"
"طلبت شاحن من كام يوم، عاوز أعرف وصل لفين ياريت حد يرد عليا","track_order","neutral","medium"
"معلش، طلبت كيبورد من كام يوم، عاوز أعرف وصل لفين","track_order","neutral","medium"
"لو سمحت، طلبت تابلت من كام يوم، عاوز أعرف وصل لفين","track_order","neutral","medium"
"معلش، طلبت شاحن من كام يوم، عايز أعرف وصل لفين","track_order","neutral","medium"
"من فضلك، طلبت لابتوب من كام يوم، عايز أعرف وصل لفين وشكراً لتعاونكم","track_order","neutral","medium"
"طب طلبت شاحن من كام يوم، عاوز أعرف وصل لفين ياريت حد يرد عليا","track_order","neutral","medium"
"على فكرة، طلبت لابتوب من كام يوم، عايز أعرف وصل لفين في انتظار ردكم","track_order","neutral","medium"
"بجد طلبت شاشة من كام يوم، عاوز أعرف وصل لفين برجاء الإفادة","track_order","neutral","medium"
"بجد طلبت شاحن من كام يوم، عاوز أعرف وصل لفين وشكراً لتعاونكم","track_order","neutral","medium"
"بجد طلبت ماوس من كام يوم، عاوز أعرف وصل لفين","track_order","neutral","medium"
"بجد طلبت كاميرا من كام يوم، عايز أعرف وصل لفين في انتظار ردكم","track_order","neutral","medium"
"بجد طلبت كيبورد من كام يوم، عايز أعرف وصل لفين برجاء الإفادة","track_order","neutral","medium"
"معلش، طلبت ماوس من كام يوم، عايز أعرف وصل لفين برجاء الإفادة","track_order","neutral","medium"
"معلش، استلمت الطلب وكل حاجة كانت زي ما اتفقنا برجاء الإفادة","track_order","positive","low"
"بجد استلمت الطلب وكل حاجة كانت زي ما اتفقنا ياريت حد يرد عليا","track_order","positive","low"
"طب استلمت الطلب وكل حاجة كانت زي ما اتفقنا برجاء الإفادة","track_order","positive","low"
"من فضلك، استلمت الطلب وكل حاجة كانت زي ما اتفقنا في انتظار ردكم","track_order","positive","low"
"على فكرة، استلمت الطلب وكل حاجة كانت زي ما اتفقنا في انتظار ردكم","track_order","positive","low"
"بجد استلمت الطلب وكل حاجة كانت زي ما اتفقنا في انتظار ردكم","track_order","positive","low"
"لو سمحت، استلمت الطلب وكل حاجة كانت زي ما اتفقنا ياريت حد يرد عليا","track_order","positive","low"
"من فضلك، استلمت الطلب وكل حاجة كانت زي ما اتفقنا برجاء الإفادة","track_order","positive","low"
"معلش، استلمت الطلب وكل حاجة كانت زي ما اتفقنا في انتظار ردكم","track_order","positive","low"
"على فكرة، استلمت الطلب وكل حاجة كانت زي ما اتفقنا ياريت حد يرد عليا","track_order","positive","low"
"استلمت الطلب وكل حاجة كانت زي ما اتفقنا ياريت حد يرد عليا","track_order","positive","low"
"من فضلك، استلمت الطلب وكل حاجة كانت زي ما اتفقنا","track_order","positive","low"
"على فكرة، سؤال عادي عن حالة الشحنة بتاعتي","track_order","neutral","low"
"على فكرة، سؤال عادي عن حالة الشحنه بتاعتي برجاء الإفادة","track_order","neutral","low"
"على فكرة، سؤال عادي عن حالة الشحنه بتاعتي في انتظار ردكم","track_order","neutral","low"
"لو سمحت، سؤال عادي عن حالة الشحنه بتاعتي في انتظار ردكم","track_order","neutral","low"
"من فضلك، سؤال عادي عن حالة الشحنه بتاعتي برجاء الإفادة","track_order","neutral","low"
"طب سؤال عادي عن حالة الشحنة بتاعتي برجاء الإفادة","track_order","neutral","low"
"بجد سؤال عادي عن حالة الشحنة بتاعتي","track_order","neutral","low"
"على فكرة، سؤال عادي عن حالة الشحنه بتاعتي وشكراً لتعاونكم","track_order","neutral","low"
"من فضلك، سؤال عادي عن حالة الشحنة بتاعتي في انتظار ردكم","track_order","neutral","low"
"من فضلك، سؤال عادي عن حالة الشحنة بتاعتي","track_order","neutral","low"
"معلش، سؤال عادي عن حالة الشحنه بتاعتي ياريت حد يرد عليا","track_order","neutral","low"
"من فضلك، سؤال عادي عن حالة الشحنه بتاعتي وشكراً لتعاونكم","track_order","neutral","low"
"ده تأخير مبالغ فيه، فين الطلب بتاعي؟","track_order","negative","high"
"على فكرة، ده تأخير مبالغ فيه، فين الطلب بتاعي؟ ياريت حد يرد عليا","track_order","negative","high"
"من فضلك، ده تأخير مبالغ فيه، فين الطلب بتاعي؟","track_order","negative","high"
"على فكرة، ده تأخير مبالغ فيه، فين الطلب بتاعي؟ وشكراً لتعاونكم","track_order","negative","high"
"معلش، ده تأخير مبالغ فيه، فين الطلب بتاعي؟ برجاء الإفادة","track_order","negative","high"
"بجد ده تأخير مبالغ فيه، فين الطلب بتاعي؟ ياريت حد يرد عليا","track_order","negative","high"
"على فكرة، ده تأخير مبالغ فيه، فين الطلب بتاعي؟","track_order","negative","high"
"بجد ده تأخير مبالغ فيه، فين الطلب بتاعي؟","track_order","negative","high"
"ده تأخير مبالغ فيه، فين الطلب بتاعي؟ في انتظار ردكم","track_order","negative","high"
"طب ده تأخير مبالغ فيه، فين الطلب بتاعي؟ وشكراً لتعاونكم","track_order","negative","high"
"على فكرة، ده تأخير مبالغ فيه، فين الطلب بتاعي؟ برجاء الإفادة","track_order","negative","high"
"ده تأخير مبالغ فيه، فين الطلب بتاعي؟ برجاء الإفادة","track_order","negative","high"
"مفيش داعي للقلق بس حابب أعرف اخبار الطلب وشكراً لتعاونكم","track_order","neutral","low"
"معلش، مفيش داعي للقلق بس حابب أعرف اخبار الطلب في انتظار ردكم","track_order","neutral","low"
"مفيش داعي للقلق بس حابب أعرف اخبار الطلب ياريت حد يرد عليا","track_order","neutral","low"
"على فكرة، مفيش داعي للقلق بس حابب أعرف اخبار الطلب في انتظار ردكم","track_order","neutral","low"
"معلش، مفيش داعي للقلق بس حابب أعرف اخبار الطلب","track_order","neutral","low"
"معلش، مفيش داعي للقلق بس حابب أعرف اخبار الطلب ياريت حد يرد عليا","track_order","neutral","low"
"على فكرة، مفيش داعي للقلق بس حابب أعرف اخبار الطلب ياريت حد يرد عليا","track_order","neutral","low"
"طب مفيش داعي للقلق بس حابب أعرف اخبار الطلب برجاء الإفادة","track_order","neutral","low"
"على فكرة، مفيش داعي للقلق بس حابب أعرف اخبار الطلب وشكراً لتعاونكم","track_order","neutral","low"
"بجد مفيش داعي للقلق بس حابب أعرف اخبار الطلب في انتظار ردكم","track_order","neutral","low"
"من فضلك، مفيش داعي للقلق بس حابب أعرف اخبار الطلب ياريت حد يرد عليا","track_order","neutral","low"
"لو سمحت، مفيش داعي للقلق بس حابب أعرف اخبار الطلب وشكراً لتعاونكم","track_order","neutral","low"
"من فضلك، التوصيل كان سريع ومنظم، تسلموا وشكراً لتعاونكم","track_order","positive","low"
"طب التوصيل كان سريع ومنظم، تسلموا برجاء الإفادة","track_order","positive","low"
"معلش، التوصيل كان سريع ومنظم، تسلموا","track_order","positive","low"
"التوصيل كان سريع ومنظم، تسلموا في انتظار ردكم","track_order","positive","low"
"بجد التوصيل كان سريع ومنظم، تسلموا وشكراً لتعاونكم","track_order","positive","low"
"التوصيل كان سريع ومنظم، تسلموا ياريت حد يرد عليا","track_order","positive","low"
"بجد التوصيل كان سريع ومنظم، تسلموا ياريت حد يرد عليا","track_order","positive","low"
"معلش، التوصيل كان سريع ومنظم، تسلموا وشكراً لتعاونكم","track_order","positive","low"
"بجد التوصيل كان سريع ومنظم، تسلموا برجاء الإفادة","track_order","positive","low"
"لو سمحت، التوصيل كان سريع ومنظم، تسلموا","track_order","positive","low"
"طب التوصيل كان سريع ومنظم، تسلموا وشكراً لتعاونكم","track_order","positive","low"
"معلش، التوصيل كان سريع ومنظم، تسلموا ياريت حد يرد عليا","track_order","positive","low"
"بجد الطلب اتأخر جداً وأنا هسافر بكرة ومحتاجه","track_order","negative","high"
"بجد الطلب اتاخر جداً وأنا هسافر بكرة ومحتاجه برجاء الإفادة","track_order","negative","high"
"الطلب اتاخر جداً وأنا هسافر بكرة ومحتاجه ياريت حد يرد عليا","track_order","negative","high"
"على فكرة، الطلب اتاخر جداً وأنا هسافر بكرة ومحتاجه","track_order","negative","high"
"على فكرة، الطلب اتاخر جداً وأنا هسافر بكرة ومحتاجه في انتظار ردكم","track_order","negative","high"
"من فضلك، الطلب اتاخر جداً وأنا هسافر بكرة ومحتاجه وشكراً لتعاونكم","track_order","negative","high"
"لو سمحت، الطلب اتاخر جداً وأنا هسافر بكرة ومحتاجه","track_order","negative","high"
"الطلب اتأخر جداً وأنا هسافر بكرة ومحتاجه","track_order","negative","high"
"بجد الطلب اتاخر جداً وأنا هسافر بكرة ومحتاجه في انتظار ردكم","track_order","negative","high"
"لو سمحت، الطلب اتاخر جداً وأنا هسافر بكرة ومحتاجه وشكراً لتعاونكم","track_order","negative","high"
"على فكرة، الطلب اتاخر جداً وأنا هسافر بكرة ومحتاجه ياريت حد يرد عليا","track_order","negative","high"
"الطلب اتأخر جداً وأنا هسافر بكرة ومحتاجه في انتظار ردكم","track_order","negative","high"
"لو سمحت، الشحنة بتاخد وقت زيادة عن اللي اتقاله لي برجاء الإفادة","track_order","negative","medium"
"من فضلك، الشحنه بتاخد وقت زيادة عن اللي اتقاله لي وشكراً لتعاونكم","track_order","negative","medium"
"طب الشحنة بتاخد وقت زيادة عن اللي اتقاله لي برجاء الإفادة","track_order","negative","medium"
"معلش، الشحنه بتاخد وقت زيادة عن اللي اتقاله لي ياريت حد يرد عليا","track_order","negative","medium"
"على فكرة، الشحنة بتاخد وقت زيادة عن اللي اتقاله لي في انتظار ردكم","track_order","negative","medium"
"لو سمحت، الشحنة بتاخد وقت زيادة عن اللي اتقاله لي في انتظار ردكم","track_order","negative","medium"
"بجد الشحنه بتاخد وقت زيادة عن اللي اتقاله لي وشكراً لتعاونكم","track_order","negative","medium"
"بجد الشحنه بتاخد وقت زيادة عن اللي اتقاله لي","track_order","negative","medium"
"من فضلك، الشحنة بتاخد وقت زيادة عن اللي اتقاله لي ياريت حد يرد عليا","track_order","negative","medium"
"معلش، الشحنة بتاخد وقت زيادة عن اللي اتقاله لي وشكراً لتعاونكم","track_order","negative","medium"
"على فكرة، الشحنه بتاخد وقت زيادة عن اللي اتقاله لي برجاء الإفادة","track_order","negative","medium"
"لو سمحت، الشحنه بتاخد وقت زيادة عن اللي اتقاله لي","track_order","negative","medium"
"طب الشحنه كان المفروض توصل من يومين","track_order","negative","medium"
"طب الشحنه كان المفروض توصل من يومين برجاء الإفادة","track_order","negative","medium"
"لو سمحت، الشحنه كان المفروض توصل من يومين وشكراً لتعاونكم","track_order","negative","medium"
"بجد الشحنة كان المفروض توصل من يومين في انتظار ردكم","track_order","negative","medium"
"الشحنه كان المفروض توصل من يومين في انتظار ردكم","track_order","negative","medium"
"لو سمحت، الشحنه كان المفروض توصل من يومين برجاء الإفادة","track_order","negative","medium"
"على فكرة، الشحنة كان المفروض توصل من يومين برجاء الإفادة","track_order","negative","medium"
"بجد الشحنه كان المفروض توصل من يومين ياريت حد يرد عليا","track_order","negative","medium"
"بجد الشحنة كان المفروض توصل من يومين وشكراً لتعاونكم","track_order","negative","medium"
"لو سمحت، الشحنه كان المفروض توصل من يومين في انتظار ردكم","track_order","negative","medium"
"معلش، الشحنه كان المفروض توصل من يومين","track_order","negative","medium"
"الشحنة كان المفروض توصل من يومين برجاء الإفادة","track_order","negative","medium"
"لو سمحت، أنا زهقت من الانتظار، الطلب اتأخر جداً برجاء الإفادة","track_order","negative","high"
"على فكرة، أنا زهقت من الانتظار، الطلب اتاخر جداً برجاء الإفادة","track_order","negative","high"
"من فضلك، أنا زهقت من الانتظار، الطلب اتأخر جداً في انتظار ردكم","track_order","negative","high"
"أنا زهقت من الانتظار، الطلب اتاخر جداً ياريت حد يرد عليا","track_order","negative","high"
"طب أنا زهقت من الانتظار، الطلب اتاخر جداً وشكراً لتعاونكم","track_order","negative","high"
"بجد أنا زهقت من الانتظار، الطلب اتأخر جداً برجاء الإفادة","track_order","negative","high"
"طب أنا زهقت من الانتظار، الطلب اتأخر جداً برجاء الإفادة","track_order","negative","high"
"على فكرة، أنا زهقت من الانتظار، الطلب اتاخر جداً ياريت حد يرد عليا","track_order","negative","high"
"طب أنا زهقت من الانتظار، الطلب اتأخر جداً في انتظار ردكم","track_order","negative","high"
"أنا زهقت من الانتظار، الطلب اتأخر جداً برجاء الإفادة","track_order","negative","high"
"من فضلك، أنا زهقت من الانتظار، الطلب اتاخر جداً","track_order","negative","high"
"بجد أنا زهقت من الانتظار، الطلب اتأخر جداً وشكراً لتعاونكم","track_order","negative","high"
"استلمت الـشاحن النهاردة وكل حاجة تمام وشكراً لتعاونكم","track_order","positive","low"
"طب استلمت الـشاحن النهاردة وكل حاجة تمام ياريت حد يرد عليا","track_order","positive","low"
"طب استلمت الـهيدفون النهاردة وكل حاجة تمام برجاء الإفادة","track_order","positive","low"
"من فضلك، استلمت الـكيبورد النهاردة وكل حاجة تمام ياريت حد يرد عليا","track_order","positive","low"
"معلش، استلمت الـباور بانك النهاردة وكل حاجة تمام في انتظار ردكم","track_order","positive","low"
"معلش، استلمت الـكاميرا النهاردة وكل حاجة تمام ياريت حد يرد عليا","track_order","positive","low"
"لو سمحت، استلمت الـماوس النهاردة وكل حاجة تمام ياريت حد يرد عليا","track_order","positive","low"
"استلمت الـماوس النهاردة وكل حاجة تمام في انتظار ردكم","track_order","positive","low"
"على فكرة، استلمت الـتابلت النهاردة وكل حاجة تمام في انتظار ردكم","track_order","positive","low"
"استلمت الـشاشة النهاردة وكل حاجة تمام","track_order","positive","low"
"استلمت الـلابتوب النهاردة وكل حاجة تمام ياريت حد يرد عليا","track_order","positive","low"
"طب استلمت الـباور بانك النهاردة وكل حاجة تمام وشكراً لتعاونكم","track_order","positive","low"
"على فكرة، استلمت الـتابلت النهاردة وكل حاجة تمام","track_order","positive","low"
"معلش، استلمت الـكاميرا النهاردة وكل حاجة تمام برجاء الإفادة","track_order","positive","low"
"من فضلك، استلمت الـشاشة النهاردة وكل حاجة تمام في انتظار ردكم","track_order","positive","low"
"معلش، استلمت الـهيدفون النهاردة وكل حاجة تمام","track_order","positive","low"
"على فكرة، استلمت الساعة الذكية النهاردة وكل حاجة تمام ياريت حد يرد عليا","track_order","positive","low"
"استلمت الـشاحن النهاردة وكل حاجة تمام برجاء الإفادة","track_order","positive","low"
"لو سمحت، من فين اقدر أتابع طلبي؟ وشكراً لتعاونكم","track_order","neutral","medium"
"طب من فين أقدر أتابع طلبي؟ في انتظار ردكم","track_order","neutral","medium"
"على فكرة، من فين اقدر أتابع طلبي؟ برجاء الإفادة","track_order","neutral","medium"
"طب من فين اقدر أتابع طلبي؟ وشكراً لتعاونكم","track_order","neutral","medium"
"بجد من فين أقدر أتابع طلبي؟ وشكراً لتعاونكم","track_order","neutral","medium"
"من فضلك، من فين أقدر أتابع طلبي؟ برجاء الإفادة","track_order","neutral","medium"
"بجد من فين أقدر أتابع طلبي؟","track_order","neutral","medium"
"من فين أقدر أتابع طلبي؟","track_order","neutral","medium"
"على فكرة، من فين أقدر أتابع طلبي؟ وشكراً لتعاونكم","track_order","neutral","medium"
"طب من فين أقدر أتابع طلبي؟ برجاء الإفادة","track_order","neutral","medium"
"من فين أقدر أتابع طلبي؟ وشكراً لتعاونكم","track_order","neutral","medium"
"من فضلك، من فين اقدر أتابع طلبي؟ ياريت حد يرد عليا","track_order","neutral","medium"
"شكراً على السرعة في التوصيل برجاء الإفادة","track_order","positive","low"
"لو سمحت، شكراً على السرعة في التوصيل في انتظار ردكم","track_order","positive","low"
"معلش، شكراً على السرعة في التوصيل وشكراً لتعاونكم","track_order","positive","low"
"من فضلك، شكراً على السرعة في التوصيل في انتظار ردكم","track_order","positive","low"
"شكراً على السرعة في التوصيل","track_order","positive","low"
"بجد شكراً على السرعة في التوصيل برجاء الإفادة","track_order","positive","low"
"شكراً على السرعة في التوصيل ياريت حد يرد عليا","track_order","positive","low"
"طب شكراً على السرعة في التوصيل وشكراً لتعاونكم","track_order","positive","low"
"طب شكراً على السرعة في التوصيل","track_order","positive","low"
"على فكرة، شكراً على السرعة في التوصيل وشكراً لتعاونكم","track_order","positive","low"
"بجد شكراً على السرعة في التوصيل وشكراً لتعاونكم","track_order","positive","low"
"معلش، شكراً على السرعة في التوصيل","track_order","positive","low"
"معلش، الطلب وصل أسرع مما توقعت، حلو جدًا برجاء الإفادة","track_order","positive","low"
"من فضلك، الطلب وصل أسرع مما توقعت، حلو جدًا في انتظار ردكم","track_order","positive","low"
"معلش، الطلب وصل أسرع مما توقعت، حلو جدًا ياريت حد يرد عليا","track_order","positive","low"
"من فضلك، الطلب وصل أسرع مما توقعت، حلو جدًا","track_order","positive","low"
"طب الطلب وصل أسرع مما توقعت، حلو جدًا ياريت حد يرد عليا","track_order","positive","low"
"بجد الطلب وصل أسرع مما توقعت، حلو جدًا وشكراً لتعاونكم","track_order","positive","low"
"الطلب وصل أسرع مما توقعت، حلو جدًا ياريت حد يرد عليا","track_order","positive","low"
"بجد الطلب وصل أسرع مما توقعت، حلو جدًا","track_order","positive","low"
"على فكرة، الطلب وصل أسرع مما توقعت، حلو جدًا في انتظار ردكم","track_order","positive","low"
"طب الطلب وصل أسرع مما توقعت، حلو جدًا","track_order","positive","low"
"طب الطلب وصل أسرع مما توقعت، حلو جدًا وشكراً لتعاونكم","track_order","positive","low"
"معلش، الطلب وصل أسرع مما توقعت، حلو جدًا في انتظار ردكم","track_order","positive","low"
"طب الاوردر #1001 في أي مرحلة دلوقتي؟ ياريت حد يرد عليا","track_order","neutral","medium"
"لو سمحت، الاوردر #1003 في أي مرحلة دلوقتي؟ وشكراً لتعاونكم","track_order","neutral","medium"
"لو سمحت، الاوردر #1001 في أي مرحلة دلوقتي؟","track_order","neutral","medium"
"على فكرة، الاوردر #1003 في أي مرحلة دلوقتي؟ برجاء الإفادة","track_order","neutral","medium"
"الأوردر #1001 في أي مرحلة دلوقتي؟ برجاء الإفادة","track_order","neutral","medium"
"الأوردر #1003 في أي مرحلة دلوقتي؟ ياريت حد يرد عليا","track_order","neutral","medium"
"لو سمحت، الأوردر #1003 في أي مرحلة دلوقتي؟ ياريت حد يرد عليا","track_order","neutral","medium"
"من فضلك، الأوردر #1003 في أي مرحلة دلوقتي؟ في انتظار ردكم","track_order","neutral","medium"
"معلش، الاوردر #1003 في أي مرحلة دلوقتي؟ برجاء الإفادة","track_order","neutral","medium"
"بجد الاوردر #1002 في أي مرحلة دلوقتي؟ ياريت حد يرد عليا","track_order","neutral","medium"
"على فكرة، الأوردر #1003 في أي مرحلة دلوقتي؟","track_order","neutral","medium"
"الأوردر #1001 في أي مرحلة دلوقتي؟ وشكراً لتعاونكم","track_order","neutral","medium"
"طب الأوردر #1001 في أي مرحلة دلوقتي؟ برجاء الإفادة","track_order","neutral","medium"
"بجد الأوردر #1003 في أي مرحلة دلوقتي؟ برجاء الإفادة","track_order","neutral","medium"
"طب الأوردر لسا في المعالجة من أسبوع، ده مش معقول برجاء الإفادة","track_order","negative","high"
"من فضلك، الاوردر لسه في المعالجة من أسبوع، ده مش معقول","track_order","negative","high"
"من فضلك، الاوردر لسه في المعالجة من أسبوع، ده مش معقول في انتظار ردكم","track_order","negative","high"
"الأوردر لسا في المعالجة من أسبوع، ده مش معقول","track_order","negative","high"
"بجد الاوردر لسه في المعالجة من أسبوع، ده مش معقول برجاء الإفادة","track_order","negative","high"
"من فضلك، الأوردر لسا في المعالجة من أسبوع، ده مش معقول برجاء الإفادة","track_order","negative","high"
"الاوردر لسه في المعالجة من أسبوع، ده مش معقول وشكراً لتعاونكم","track_order","negative","high"
"على فكرة، الأوردر لسه في المعالجة من أسبوع، ده مش معقول ياريت حد يرد عليا","track_order","negative","high"
"طب الأوردر لسه في المعالجة من أسبوع، ده مش معقول وشكراً لتعاونكم","track_order","negative","high"
"طب الأوردر لسه في المعالجة من أسبوع، ده مش معقول ياريت حد يرد عليا","track_order","negative","high"
"بجد الأوردر لسه في المعالجة من أسبوع، ده مش معقول","track_order","negative","high"
"من فضلك، الاوردر لسه في المعالجة من أسبوع، ده مش معقول وشكراً لتعاونكم","track_order","negative","high"
"بجد ممكن تقولوا لي فين وصلت شحنتي؟ ياريت حد يرد عليا","track_order","neutral","medium"
"لو سمحت، ممكن تقولوا لي فين وصلت شحنتي؟","track_order","neutral","medium"
"لو سمحت، ممكن تقولوا لي فين وصلت شحنتي؟ وشكراً لتعاونكم","track_order","neutral","medium"
"طب ممكن تقولوا لي فين وصلت شحنتي؟ في انتظار ردكم","track_order","neutral","medium"
"لو سمحت، ممكن تقولوا لي فين وصلت شحنتي؟ برجاء الإفادة","track_order","neutral","medium"
"على فكرة، ممكن تقولوا لي فين وصلت شحنتي؟ ياريت حد يرد عليا","track_order","neutral","medium"
"على فكرة، ممكن تقولوا لي فين وصلت شحنتي؟ وشكراً لتعاونكم","track_order","neutral","medium"
"لو سمحت، ممكن تقولوا لي فين وصلت شحنتي؟ في انتظار ردكم","track_order","neutral","medium"
"ممكن تقولوا لي فين وصلت شحنتي؟ في انتظار ردكم","track_order","neutral","medium"
"ممكن تقولوا لي فين وصلت شحنتي؟ ياريت حد يرد عليا","track_order","neutral","medium"
"معلش، ممكن تقولوا لي فين وصلت شحنتي؟ ياريت حد يرد عليا","track_order","neutral","medium"
"لو سمحت، ممكن تقولوا لي فين وصلت شحنتي؟ ياريت حد يرد عليا","track_order","neutral","medium"
"لو سمحت، ممكن تبعتولي تحديث عن الشحنة؟","track_order","neutral","medium"
"بجد ممكن تبعتولي تحديث عن الشحنة؟","track_order","neutral","medium"
"معلش، ممكن تبعتولي تحديث عن الشحنة؟ وشكراً لتعاونكم","track_order","neutral","medium"
"معلش، ممكن تبعتولي تحديث عن الشحنة؟ ياريت حد يرد عليا","track_order","neutral","medium"
"طب ممكن تبعتولي تحديث عن الشحنه؟ ياريت حد يرد عليا","track_order","neutral","medium"
"معلش، ممكن تبعتولي تحديث عن الشحنة؟ في انتظار ردكم","track_order","neutral","medium"
"لو سمحت، ممكن تبعتولي تحديث عن الشحنة؟ ياريت حد يرد عليا","track_order","neutral","medium"
"ممكن تبعتولي تحديث عن الشحنه؟ ياريت حد يرد عليا","track_order","neutral","medium"
"بجد ممكن تبعتولي تحديث عن الشحنه؟ ياريت حد يرد عليا","track_order","neutral","medium"
"بجد ممكن تبعتولي تحديث عن الشحنة؟ في انتظار ردكم","track_order","neutral","medium"
"على فكرة، ممكن تبعتولي تحديث عن الشحنه؟ برجاء الإفادة","track_order","neutral","medium"
"طب ممكن تبعتولي تحديث عن الشحنه؟ وشكراً لتعاونكم","track_order","neutral","medium"
"بجد في تحديث عن الطلب #1001؟ في انتظار ردكم","track_order","neutral","medium"
"في تحديث عن الطلب #1001؟","track_order","neutral","medium"
"طب في تحديث عن الطلب #1002؟ برجاء الإفادة","track_order","neutral","medium"
"بجد في تحديث عن الطلب #1002؟ برجاء الإفادة","track_order","neutral","medium"
"معلش، في تحديث عن الطلب #1001؟ وشكراً لتعاونكم","track_order","neutral","medium"
"معلش، في تحديث عن الطلب #1002؟ برجاء الإفادة","track_order","neutral","medium"
"من فضلك، في تحديث عن الطلب #1002؟ في انتظار ردكم","track_order","neutral","medium"
"بجد في تحديث عن الطلب #1001؟ ياريت حد يرد عليا","track_order","neutral","medium"
"لو سمحت، في تحديث عن الطلب #1001؟","track_order","neutral","medium"
"من فضلك، في تحديث عن الطلب #1002؟ برجاء الإفادة","track_order","neutral","medium"
"معلش، في تحديث عن الطلب #1001؟","track_order","neutral","medium"
"طب في تحديث عن الطلب #1003؟ وشكراً لتعاونكم","track_order","neutral","medium"
"لو سمحت، هل في إمكانية اعرف مكان الشحنة دلوقتي؟ في انتظار ردكم","track_order","neutral","medium"
"بجد هل في إمكانية اعرف مكان الشحنة دلوقتي؟ في انتظار ردكم","track_order","neutral","medium"
"على فكرة، هل في إمكانية اعرف مكان الشحنه دلوقتي؟ ياريت حد يرد عليا","track_order","neutral","medium"
"من فضلك، هل في إمكانية اعرف مكان الشحنة دلوقتي؟ وشكراً لتعاونكم","track_order","neutral","medium"
"على فكرة، هل في إمكانية اعرف مكان الشحنه دلوقتي؟","track_order","neutral","medium"
"معلش، هل في إمكانية اعرف مكان الشحنه دلوقتي؟ في انتظار ردكم","track_order","neutral","medium"
"لو سمحت، هل في إمكانية اعرف مكان الشحنه دلوقتي؟ ياريت حد يرد عليا","track_order","neutral","medium"
"طب هل في إمكانية اعرف مكان الشحنة دلوقتي؟ في انتظار ردكم","track_order","neutral","medium"
"لو سمحت، هل في إمكانية اعرف مكان الشحنة دلوقتي؟","track_order","neutral","medium"
"بجد هل في إمكانية اعرف مكان الشحنة دلوقتي؟ وشكراً لتعاونكم","track_order","neutral","medium"
"هل في إمكانية اعرف مكان الشحنة دلوقتي؟ برجاء الإفادة","track_order","neutral","medium"
"هل في إمكانية اعرف مكان الشحنه دلوقتي؟ ياريت حد يرد عليا","track_order","neutral","medium"
"في تأخير في الطلب، مش مشكلة كبيرة بس حابب أفهم ليه وشكراً لتعاونكم","track_order","negative","medium"
"في تأخير في الطلب، مش مشكلة كبيرة بس حابب أفهم ليه ياريت حد يرد عليا","track_order","negative","medium"
"على فكرة، في تأخير في الطلب، مش مشكلة كبيرة بس حابب أفهم ليه وشكراً لتعاونكم","track_order","negative","medium"
"على فكرة، في تأخير في الطلب، مش مشكلة كبيرة بس حابب أفهم ليه في انتظار ردكم","track_order","negative","medium"
"على فكرة، في تأخير في الطلب، مش مشكلة كبيرة بس حابب أفهم ليه برجاء الإفادة","track_order","negative","medium"
"طب في تأخير في الطلب، مش مشكلة كبيرة بس حابب أفهم ليه برجاء الإفادة","track_order","negative","medium"
"لو سمحت، في تأخير في الطلب، مش مشكلة كبيرة بس حابب أفهم ليه برجاء الإفادة","track_order","negative","medium"
"في تأخير في الطلب، مش مشكلة كبيرة بس حابب أفهم ليه برجاء الإفادة","track_order","negative","medium"
"طب في تأخير في الطلب، مش مشكلة كبيرة بس حابب أفهم ليه ياريت حد يرد عليا","track_order","negative","medium"
"على فكرة، في تأخير في الطلب، مش مشكلة كبيرة بس حابب أفهم ليه","track_order","negative","medium"
"في تأخير في الطلب، مش مشكلة كبيرة بس حابب أفهم ليه في انتظار ردكم","track_order","negative","medium"
"من فضلك، في تأخير في الطلب، مش مشكلة كبيرة بس حابب أفهم ليه","track_order","negative","medium"
"من فضلك، استلمت طلبي وكله تمام، متشكر جداً ياريت حد يرد عليا","track_order","positive","low"
"على فكرة، استلمت طلبي وكله تمام، متشكر جداً برجاء الإفادة","track_order","positive","low"
"استلمت طلبي وكله تمام، متشكر جداً ياريت حد يرد عليا","track_order","positive","low"
"لو سمحت، استلمت طلبي وكله تمام، متشكر جداً برجاء الإفادة","track_order","positive","low"
"من فضلك، استلمت طلبي وكله تمام، متشكر جداً في انتظار ردكم","track_order","positive","low"
"من فضلك، استلمت طلبي وكله تمام، متشكر جداً برجاء الإفادة","track_order","positive","low"
"بجد استلمت طلبي وكله تمام، متشكر جداً","track_order","positive","low"
"من فضلك، استلمت طلبي وكله تمام، متشكر جداً وشكراً لتعاونكم","track_order","positive","low"
"بجد استلمت طلبي وكله تمام، متشكر جداً ياريت حد يرد عليا","track_order","positive","low"
"طب استلمت طلبي وكله تمام، متشكر جداً في انتظار ردكم","track_order","positive","low"
"طب استلمت طلبي وكله تمام، متشكر جداً برجاء الإفادة","track_order","positive","low"
"معلش، استلمت طلبي وكله تمام، متشكر جداً برجاء الإفادة","track_order","positive","low"
"معلش، هو الطلب #1002 اتحرك ولا لسا؟ برجاء الإفادة","track_order","neutral","medium"
"طب هو الطلب #1002 اتحرك ولا لسا؟ برجاء الإفادة","track_order","neutral","medium"
"على فكرة، هو الطلب #1002 اتحرك ولا لسا؟ وشكراً لتعاونكم","track_order","neutral","medium"
"هو الطلب #1003 اتحرك ولا لسه؟","track_order","neutral","medium"
"لو سمحت، هو الطلب #1003 اتحرك ولا لسه؟ ياريت حد يرد عليا","track_order","neutral","medium"
"معلش، هو الطلب #1002 اتحرك ولا لسه؟ في انتظار ردكم","track_order","neutral","medium"
"طب هو الطلب #1003 اتحرك ولا لسا؟ ياريت حد يرد عليا","track_order","neutral","medium"
"من فضلك، هو الطلب #1002 اتحرك ولا لسا؟ ياريت حد يرد عليا","track_order","neutral","medium"
"لو سمحت، هو الطلب #1002 اتحرك ولا لسه؟ في انتظار ردكم","track_order","neutral","medium"
"بجد هو الطلب #1002 اتحرك ولا لسا؟ في انتظار ردكم","track_order","neutral","medium"
"لو سمحت، هو الطلب #1002 اتحرك ولا لسا؟ وشكراً لتعاونكم","track_order","neutral","medium"
"طب هو الطلب #1002 اتحرك ولا لسه؟","track_order","neutral","medium"
"بجد هو الطلب #1001 اتحرك ولا لسا؟ ياريت حد يرد عليا","track_order","neutral","medium"
"طب هو الطلب #1001 اتحرك ولا لسا؟ وشكراً لتعاونكم","track_order","neutral","medium"
"التغليف كان كويس والتوصيل كان سريع ياريت حد يرد عليا","track_order","positive","low"
"معلش، التغليف كان كويس والتوصيل كان سريع في انتظار ردكم","track_order","positive","low"
"على فكرة، التغليف كان كويس والتوصيل كان سريع","track_order","positive","low"
"معلش، التغليف كان كويس والتوصيل كان سريع وشكراً لتعاونكم","track_order","positive","low"
"من فضلك، التغليف كان كويس والتوصيل كان سريع وشكراً لتعاونكم","track_order","positive","low"
"التغليف كان كويس والتوصيل كان سريع برجاء الإفادة","track_order","positive","low"
"على فكرة، التغليف كان كويس والتوصيل كان سريع ياريت حد يرد عليا","track_order","positive","low"
"طب التغليف كان كويس والتوصيل كان سريع وشكراً لتعاونكم","track_order","positive","low"
"طب التغليف كان كويس والتوصيل كان سريع","track_order","positive","low"
"لو سمحت، التغليف كان كويس والتوصيل كان سريع","track_order","positive","low"
"بجد التغليف كان كويس والتوصيل كان سريع وشكراً لتعاونكم","track_order","positive","low"
"بجد التغليف كان كويس والتوصيل كان سريع في انتظار ردكم","track_order","positive","low"
"من فضلك، طلبي لسا معاكوا ولا اتشحن؟ ياريت حد يرد عليا","track_order","neutral","medium"
"على فكرة، طلبي لسا معاكوا ولا اتشحن؟ ياريت حد يرد عليا","track_order","neutral","medium"
"طلبي لسه معاكوا ولا اتشحن؟ وشكراً لتعاونكم","track_order","neutral","medium"
"لو سمحت، طلبي لسا معاكوا ولا اتشحن؟ ياريت حد يرد عليا","track_order","neutral","medium"
"بجد طلبي لسا معاكوا ولا اتشحن؟ برجاء الإفادة","track_order","neutral","medium"
"من فضلك، طلبي لسا معاكوا ولا اتشحن؟ برجاء الإفادة","track_order","neutral","medium"
"لو سمحت، طلبي لسا معاكوا ولا اتشحن؟","track_order","neutral","medium"
"طب طلبي لسه معاكوا ولا اتشحن؟ في انتظار ردكم","track_order","neutral","medium"
"لو سمحت، طلبي لسا معاكوا ولا اتشحن؟ برجاء الإفادة","track_order","neutral","medium"
"لو سمحت، طلبي لسا معاكوا ولا اتشحن؟ في انتظار ردكم","track_order","neutral","medium"
"طب طلبي لسه معاكوا ولا اتشحن؟","track_order","neutral","medium"
"على فكرة، طلبي لسا معاكوا ولا اتشحن؟ في انتظار ردكم","track_order","neutral","medium"
"بجد وصلني الأوردر #1003 وأنا مبسوط بالخدمة ياريت حد يرد عليا","track_order","positive","low"
"بجد وصلني الأوردر #1003 وأنا مبسوط بالخدمه","track_order","positive","low"
"بجد وصلني الاوردر #1003 وأنا مبسوط بالخدمة في انتظار ردكم","track_order","positive","low"
"على فكرة، وصلني الأوردر #1002 وأنا مبسوط بالخدمه ياريت حد يرد عليا","track_order","positive","low"
"وصلني الأوردر #1001 وأنا مبسوط بالخدمه برجاء الإفادة","track_order","positive","low"
"وصلني الاوردر #1002 وأنا مبسوط بالخدمة في انتظار ردكم","track_order","positive","low"
"على فكرة، وصلني الأوردر #1003 وأنا مبسوط بالخدمة وشكراً لتعاونكم","track_order","positive","low"
"معلش، وصلني الاوردر #1002 وأنا مبسوط بالخدمة وشكراً لتعاونكم","track_order","positive","low"
"وصلني الأوردر #1001 وأنا مبسوط بالخدمة ياريت حد يرد عليا","track_order","positive","low"
"طب وصلني الاوردر #1001 وأنا مبسوط بالخدمة ياريت حد يرد عليا","track_order","positive","low"
"معلش، وصلني الاوردر #1001 وأنا مبسوط بالخدمة ياريت حد يرد عليا","track_order","positive","low"
"بجد وصلني الاوردر #1001 وأنا مبسوط بالخدمة وشكراً لتعاونكم","track_order","positive","low"
"بجد وصلني الأوردر #1001 وأنا مبسوط بالخدمه في انتظار ردكم","track_order","positive","low"
"بجد وصلني الأوردر #1001 وأنا مبسوط بالخدمه ياريت حد يرد عليا","track_order","positive","low"
"معلش، فرحت لما شفت الشحنه وصلت بدري في انتظار ردكم","track_order","positive","low"
"طب فرحت لما شفت الشحنه وصلت بدري في انتظار ردكم","track_order","positive","low"
"بجد فرحت لما شفت الشحنه وصلت بدري وشكراً لتعاونكم","track_order","positive","low"
"على فكرة، فرحت لما شفت الشحنة وصلت بدري وشكراً لتعاونكم","track_order","positive","low"
"فرحت لما شفت الشحنه وصلت بدري وشكراً لتعاونكم","track_order","positive","low"
"على فكرة، فرحت لما شفت الشحنه وصلت بدري في انتظار ردكم","track_order","positive","low"
"على فكرة، فرحت لما شفت الشحنة وصلت بدري برجاء الإفادة","track_order","positive","low"
"فرحت لما شفت الشحنه وصلت بدري برجاء الإفادة","track_order","positive","low"
"من فضلك، فرحت لما شفت الشحنه وصلت بدري في انتظار ردكم","track_order","positive","low"
"فرحت لما شفت الشحنه وصلت بدري ياريت حد يرد عليا","track_order","positive","low"
"من فضلك، فرحت لما شفت الشحنه وصلت بدري برجاء الإفادة","track_order","positive","low"
"طب فرحت لما شفت الشحنة وصلت بدري برجاء الإفادة","track_order","positive","low"
"معلش، الخدمه كانت سريعة جداً في توصيل الـكيبورد برجاء الإفادة","track_order","positive","low"
"طب الخدمه كانت سريعة جداً في توصيل الـسماعة","track_order","positive","low"
"بجد الخدمة كانت سريعة جداً في توصيل الـهيدفون ياريت حد يرد عليا","track_order","positive","low"
"بجد الخدمه كانت سريعة جداً في توصيل الساعة الذكية","track_order","positive","low"
"طب الخدمة كانت سريعة جداً في توصيل الـباور بانك","track_order","positive","low"
"بجد الخدمة كانت سريعة جداً في توصيل الـتابلت وشكراً لتعاونكم","track_order","positive","low"
"طب الخدمة كانت سريعة جداً في توصيل الـكيبورد برجاء الإفادة","track_order","positive","low"
"من فضلك، الخدمة كانت سريعة جداً في توصيل الـكاميرا ياريت حد يرد عليا","track_order","positive","low"
"على فكرة، الخدمة كانت سريعة جداً في توصيل الـموبايل ياريت حد يرد عليا","track_order","positive","low"
"الخدمه كانت سريعة جداً في توصيل الـماوس وشكراً لتعاونكم","track_order","positive","low"
"لو سمحت، الخدمة كانت سريعة جداً في توصيل الـماوس وشكراً لتعاونكم","track_order","positive","low"
"لو سمحت، الخدمة كانت سريعة جداً في توصيل الـكاميرا في انتظار ردكم","track_order","positive","low"
"الخدمة كانت سريعة جداً في توصيل الـشاشة","track_order","positive","low"
"لو سمحت، الخدمه كانت سريعة جداً في توصيل الـموبايل في انتظار ردكم","track_order","positive","low"
"على فكرة، الخدمه كانت سريعة جداً في توصيل الـلابتوب ياريت حد يرد عليا","track_order","positive","low"
"من فضلك، الخدمه كانت سريعة جداً في توصيل الـلابتوب في انتظار ردكم","track_order","positive","low"
"طب الخدمه كانت سريعة جداً في توصيل الـكيبورد ياريت حد يرد عليا","track_order","positive","low"
"على فكرة، الخدمه كانت سريعة جداً في توصيل الـكيبورد وشكراً لتعاونكم","track_order","positive","low"
"معلش، الخدمة كانت سريعة جداً في توصيل الـسماعة وشكراً لتعاونكم","track_order","positive","low"
"معلش، الخدمة كانت سريعة جداً في توصيل الساعة الذكية في انتظار ردكم","track_order","positive","low"
"فين وصلت شحنة الـباور بانك؟ في انتظار ردكم","track_order","neutral","medium"
"فين وصلت شحنة الـكاميرا؟ ياريت حد يرد عليا","track_order","neutral","medium"
"معلش، فين وصلت شحنة الـسماعة؟ وشكراً لتعاونكم","track_order","neutral","medium"
"من فضلك، فين وصلت شحنة الـموبايل؟","track_order","neutral","medium"
"فين وصلت شحنة الـماوس؟ برجاء الإفادة","track_order","neutral","medium"
"لو سمحت، فين وصلت شحنة الـموبايل؟ برجاء الإفادة","track_order","neutral","medium"
"لو سمحت، فين وصلت شحنة الـلابتوب؟ ياريت حد يرد عليا","track_order","neutral","medium"
"طب فين وصلت شحنة الـكاميرا؟","track_order","neutral","medium"
"طب فين وصلت شحنة الساعة الذكية؟ وشكراً لتعاونكم","track_order","neutral","medium"
"على فكرة، فين وصلت شحنة الـتابلت؟ برجاء الإفادة","track_order","neutral","medium"
"معلش، فين وصلت شحنة الساعة الذكية؟","track_order","neutral","medium"
"فين وصلت شحنة الـماوس؟","track_order","neutral","medium"
"على فكرة، فين وصلت شحنة الـباور بانك؟ ياريت حد يرد عليا","track_order","neutral","medium"
"على فكرة، فين وصلت شحنة الـسماعة؟ وشكراً لتعاونكم","track_order","neutral","medium"
"على فكرة، الشحنة وصلت النهاردة الصبح، تمام كده ياريت حد يرد عليا","track_order","positive","low"
"طب الشحنه وصلت النهاردة الصبح، تمام كده في انتظار ردكم","track_order","positive","low"
"لو سمحت، الشحنه وصلت النهاردة الصبح، تمام كده وشكراً لتعاونكم","track_order","positive","low"
"لو سمحت، الشحنه وصلت النهاردة الصبح، تمام كده ياريت حد يرد عليا","track_order","positive","low"
"بجد الشحنه وصلت النهاردة الصبح، تمام كده برجاء الإفادة","track_order","positive","low"
"طب الشحنة وصلت النهاردة الصبح، تمام كده وشكراً لتعاونكم","track_order","positive","low"
"الشحنه وصلت النهاردة الصبح، تمام كده برجاء الإفادة","track_order","positive","low"
"طب الشحنة وصلت النهاردة الصبح، تمام كده ياريت حد يرد عليا","track_order","positive","low"
"بجد الشحنة وصلت النهاردة الصبح، تمام كده في انتظار ردكم","track_order","positive","low"
"لو سمحت، الشحنة وصلت النهاردة الصبح، تمام كده برجاء الإفادة","track_order","positive","low"
"من فضلك، الشحنة وصلت النهاردة الصبح، تمام كده برجاء الإفادة","track_order","positive","low"
"معلش، الشحنه وصلت النهاردة الصبح، تمام كده في انتظار ردكم","track_order","positive","low"
"معلش، الطلب لسه موصلش ومر عليه أكتر من المعاد بيوم ياريت حد يرد عليا","track_order","negative","medium"
"على فكرة، الطلب لسه موصلش ومر عليه أكتر من المعاد بيوم","track_order","negative","medium"
"الطلب لسه موصلش ومر عليه أكتر من المعاد بيوم برجاء الإفادة","track_order","negative","medium"
"معلش، الطلب لسه موصلش ومر عليه أكتر من المعاد بيوم برجاء الإفادة","track_order","negative","medium"
"من فضلك، الطلب لسه موصلش ومر عليه أكتر من المعاد بيوم في انتظار ردكم","track_order","negative","medium"
"طب الطلب لسا موصلش ومر عليه أكتر من المعاد بيوم وشكراً لتعاونكم","track_order","negative","medium"
"الطلب لسه موصلش ومر عليه أكتر من المعاد بيوم في انتظار ردكم","track_order","negative","medium"
"من فضلك، الطلب لسه موصلش ومر عليه أكتر من المعاد بيوم برجاء الإفادة","track_order","negative","medium"
"طب الطلب لسه موصلش ومر عليه أكتر من المعاد بيوم","track_order","negative","medium"
"بجد الطلب لسا موصلش ومر عليه أكتر من المعاد بيوم","track_order","negative","medium"
"من فضلك، الطلب لسه موصلش ومر عليه أكتر من المعاد بيوم","track_order","negative","medium"
"معلش، الطلب لسا موصلش ومر عليه أكتر من المعاد بيوم في انتظار ردكم","track_order","negative","medium"
"بجد لما يكون في وقت، ممكن تتأكدوا من حالة الطلب؟","track_order","neutral","low"
"معلش، لما يكون في وقت، ممكن تتأكدوا من حالة الطلب؟ وشكراً لتعاونكم","track_order","neutral","low"
"معلش، لما يكون في وقت، ممكن تتأكدوا من حالة الطلب؟ في انتظار ردكم","track_order","neutral","low"
"لو سمحت، لما يكون في وقت، ممكن تتأكدوا من حالة الطلب؟ برجاء الإفادة","track_order","neutral","low"
"بجد لما يكون في وقت، ممكن تتأكدوا من حالة الطلب؟ في انتظار ردكم","track_order","neutral","low"
"على فكرة، لما يكون في وقت، ممكن تتأكدوا من حالة الطلب؟ ياريت حد يرد عليا","track_order","neutral","low"
"طب لما يكون في وقت، ممكن تتأكدوا من حالة الطلب؟ وشكراً لتعاونكم","track_order","neutral","low"
"من فضلك، لما يكون في وقت، ممكن تتأكدوا من حالة الطلب؟ في انتظار ردكم","track_order","neutral","low"
"لما يكون في وقت، ممكن تتأكدوا من حالة الطلب؟","track_order","neutral","low"
"لو سمحت، لما يكون في وقت، ممكن تتأكدوا من حالة الطلب؟","track_order","neutral","low"
"معلش، لما يكون في وقت، ممكن تتأكدوا من حالة الطلب؟ ياريت حد يرد عليا","track_order","neutral","low"
"لو سمحت، لما يكون في وقت، ممكن تتأكدوا من حالة الطلب؟ وشكراً لتعاونكم","track_order","neutral","low"
"أنا قلقان جداً، الطلب اتاخر وأنا محتاجه بشكل عاجل وشكراً لتعاونكم","track_order","negative","high"
"بجد أنا قلقان جداً، الطلب اتاخر وأنا محتاجه بشكل عاجل ياريت حد يرد عليا","track_order","negative","high"
"طب أنا قلقان جداً، الطلب اتاخر وأنا محتاجه بشكل عاجل برجاء الإفادة","track_order","negative","high"
"من فضلك، أنا قلقان جداً، الطلب اتأخر وأنا محتاجه بشكل عاجل وشكراً لتعاونكم","track_order","negative","high"
"من فضلك، أنا قلقان جداً، الطلب اتأخر وأنا محتاجه بشكل عاجل برجاء الإفادة","track_order","negative","high"
"طب أنا قلقان جداً، الطلب اتأخر وأنا محتاجه بشكل عاجل","track_order","negative","high"
"من فضلك، أنا قلقان جداً، الطلب اتأخر وأنا محتاجه بشكل عاجل","track_order","negative","high"
"معلش، أنا قلقان جداً، الطلب اتأخر وأنا محتاجه بشكل عاجل في انتظار ردكم","track_order","negative","high"
"معلش، أنا قلقان جداً، الطلب اتاخر وأنا محتاجه بشكل عاجل","track_order","negative","high"
"من فضلك، أنا قلقان جداً، الطلب اتاخر وأنا محتاجه بشكل عاجل ياريت حد يرد عليا","track_order","negative","high"
"من فضلك، أنا قلقان جداً، الطلب اتاخر وأنا محتاجه بشكل عاجل في انتظار ردكم","track_order","negative","high"
"طب أنا قلقان جداً، الطلب اتاخر وأنا محتاجه بشكل عاجل في انتظار ردكم","track_order","negative","high"
"على فكرة، الأوردر #1001 اتاخر شوية، طبيعي كده؟ وشكراً لتعاونكم","track_order","negative","medium"
"لو سمحت، الاوردر #1002 اتأخر شوية، طبيعي كده؟ في انتظار ردكم","track_order","negative","medium"
"على فكرة، الأوردر #1003 اتأخر شوية، طبيعي كده؟ ياريت حد يرد عليا","track_order","negative","medium"
"بجد الاوردر #1002 اتأخر شوية، طبيعي كده؟ برجاء الإفادة","track_order","negative","medium"
"الأوردر #1002 اتأخر شوية، طبيعي كده؟ برجاء الإفادة","track_order","negative","medium"
"على فكرة، الاوردر #1002 اتأخر شوية، طبيعي كده؟ في انتظار ردكم","track_order","negative","medium"
"لو سمحت، الأوردر #1003 اتأخر شوية، طبيعي كده؟ وشكراً لتعاونكم","track_order","negative","medium"
"من فضلك، الأوردر #1003 اتأخر شوية، طبيعي كده؟ ياريت حد يرد عليا","track_order","negative","medium"
"معلش، الأوردر #1002 اتأخر شوية، طبيعي كده؟ في انتظار ردكم","track_order","negative","medium"
"طب الأوردر #1001 اتأخر شوية، طبيعي كده؟ وشكراً لتعاونكم","track_order","negative","medium"
"من فضلك، الأوردر #1003 اتأخر شوية، طبيعي كده؟ برجاء الإفادة","track_order","negative","medium"
"من فضلك، الاوردر #1002 اتأخر شوية، طبيعي كده؟","track_order","negative","medium"
"لو سمحت، الأوردر #1003 اتاخر شوية، طبيعي كده؟ في انتظار ردكم","track_order","negative","medium"
"الأوردر #1001 اتاخر شوية، طبيعي كده؟","track_order","negative","medium"
"على فكرة، بصراحة عايز أعرف الشحنة فين وصلت وشكراً لتعاونكم","track_order","neutral","medium"
"معلش، بصراحة عايز أعرف الشحنة فين وصلت ياريت حد يرد عليا","track_order","neutral","medium"
"على فكرة، بصراحة عايز أعرف الشحنة فين وصلت ياريت حد يرد عليا","track_order","neutral","medium"
"لو سمحت، بصراحة عايز أعرف الشحنة فين وصلت","track_order","neutral","medium"
"طب بصراحة عاوز أعرف الشحنة فين وصلت وشكراً لتعاونكم","track_order","neutral","medium"
"لو سمحت، بصراحة عايز أعرف الشحنه فين وصلت ياريت حد يرد عليا","track_order","neutral","medium"
"بجد بصراحة عاوز أعرف الشحنة فين وصلت وشكراً لتعاونكم","track_order","neutral","medium"
"معلش، بصراحة عايز أعرف الشحنة فين وصلت وشكراً لتعاونكم","track_order","neutral","medium"
"من فضلك، بصراحة عاوز أعرف الشحنة فين وصلت","track_order","neutral","medium"
"معلش، بصراحة عايز أعرف الشحنة فين وصلت برجاء الإفادة","track_order","neutral","medium"
"من فضلك، بصراحة عايز أعرف الشحنه فين وصلت في انتظار ردكم","track_order","neutral","medium"
"على فكرة، بصراحة عايز أعرف الشحنة فين وصلت برجاء الإفادة","track_order","neutral","medium"
"بجد مش مستعجل بس حابب أعرف سبب التأخير برجاء الإفادة","track_order","negative","medium"
"مش مستعجل بس حابب أعرف سبب التأخير ياريت حد يرد عليا","track_order","negative","medium"
"معلش، مش مستعجل بس حابب أعرف سبب التأخير في انتظار ردكم","track_order","negative","medium"
"طب مش مستعجل بس حابب أعرف سبب التأخير وشكراً لتعاونكم","track_order","negative","medium"
"مش مستعجل بس حابب أعرف سبب التأخير","track_order","negative","medium"
"مش مستعجل بس حابب أعرف سبب التأخير في انتظار ردكم","track_order","negative","medium"
"طب مش مستعجل بس حابب أعرف سبب التأخير برجاء الإفادة","track_order","negative","medium"
"لو سمحت، مش مستعجل بس حابب أعرف سبب التأخير ياريت حد يرد عليا","track_order","negative","medium"
"طب مش مستعجل بس حابب أعرف سبب التأخير","track_order","negative","medium"
"بجد مش مستعجل بس حابب أعرف سبب التأخير","track_order","negative","medium"
"على فكرة، مش مستعجل بس حابب أعرف سبب التأخير برجاء الإفادة","track_order","negative","medium"
"على فكرة، مش مستعجل بس حابب أعرف سبب التأخير","track_order","negative","medium"
"من فضلك، الأوردر وصل بحالة ممتازة وفي معاده","track_order","positive","low"
"لو سمحت، الاوردر وصل بحالة ممتازة وفي معاده في انتظار ردكم","track_order","positive","low"
"لو سمحت، الاوردر وصل بحالة ممتازة وفي معاده برجاء الإفادة","track_order","positive","low"
"بجد الأوردر وصل بحالة ممتازة وفي معاده","track_order","positive","low"
"لو سمحت، الاوردر وصل بحالة ممتازة وفي معاده","track_order","positive","low"
"من فضلك، الاوردر وصل بحالة ممتازة وفي معاده برجاء الإفادة","track_order","positive","low"
"بجد الاوردر وصل بحالة ممتازة وفي معاده ياريت حد يرد عليا","track_order","positive","low"
"الأوردر وصل بحالة ممتازة وفي معاده في انتظار ردكم","track_order","positive","low"
"معلش، الأوردر وصل بحالة ممتازة وفي معاده","track_order","positive","low"
"بجد الاوردر وصل بحالة ممتازة وفي معاده في انتظار ردكم","track_order","positive","low"
"الاوردر وصل بحالة ممتازة وفي معاده","track_order","positive","low"
"بجد الاوردر وصل بحالة ممتازة وفي معاده برجاء الإفادة","track_order","positive","low"
"معلش، عايز أسأل عن حالة طلبي وقت ما تكون فاضي في انتظار ردكم","track_order","neutral","low"
"لو سمحت، عايز أسأل عن حالة طلبي وقت ما تكون فاضي وشكراً لتعاونكم","track_order","neutral","low"
"معلش، عايز أسأل عن حالة طلبي وقت ما تكون فاضي وشكراً لتعاونكم","track_order","neutral","low"
"لو سمحت، عايز أسأل عن حالة طلبي وقت ما تكون فاضي ياريت حد يرد عليا","track_order","neutral","low"
"طب عايز أسأل عن حالة طلبي وقت ما تكون فاضي برجاء الإفادة","track_order","neutral","low"
"عايز أسأل عن حالة طلبي وقت ما تكون فاضي ياريت حد يرد عليا","track_order","neutral","low"
"بجد عاوز أسأل عن حالة طلبي وقت ما تكون فاضي ياريت حد يرد عليا","track_order","neutral","low"
"على فكرة، عاوز أسأل عن حالة طلبي وقت ما تكون فاضي برجاء الإفادة","track_order","neutral","low"
"من فضلك، عايز أسأل عن حالة طلبي وقت ما تكون فاضي برجاء الإفادة","track_order","neutral","low"
"بجد عايز أسأل عن حالة طلبي وقت ما تكون فاضي في انتظار ردكم","track_order","neutral","low"
"لو سمحت، عاوز أسأل عن حالة طلبي وقت ما تكون فاضي في انتظار ردكم","track_order","neutral","low"
"معلش، عاوز أسأل عن حالة طلبي وقت ما تكون فاضي","track_order","neutral","low"
"لو سمحت، ممكن تتأكدوا من حالة طلبي؟ برجاء الإفادة","track_order","neutral","medium"
"على فكرة، ممكن تتأكدوا من حالة طلبي؟ برجاء الإفادة","track_order","neutral","medium"
"من فضلك، ممكن تتأكدوا من حالة طلبي؟ في انتظار ردكم","track_order","neutral","medium"
"بجد ممكن تتأكدوا من حالة طلبي؟ وشكراً لتعاونكم","track_order","neutral","medium"
"بجد ممكن تتأكدوا من حالة طلبي؟ ياريت حد يرد عليا","track_order","neutral","medium"
"ممكن تتأكدوا من حالة طلبي؟ في انتظار ردكم","track_order","neutral","medium"
"من فضلك، ممكن تتأكدوا من حالة طلبي؟ برجاء الإفادة","track_order","neutral","medium"
"بجد ممكن تتأكدوا من حالة طلبي؟ في انتظار ردكم","track_order","neutral","medium"
"معلش، ممكن تتأكدوا من حالة طلبي؟","track_order","neutral","medium"
"من فضلك، ممكن تتأكدوا من حالة طلبي؟ وشكراً لتعاونكم","track_order","neutral","medium"
"طب ممكن تتأكدوا من حالة طلبي؟ برجاء الإفادة","track_order","neutral","medium"
"على فكرة، ممكن تتأكدوا من حالة طلبي؟ ياريت حد يرد عليا","track_order","neutral","medium"
"على فكرة، الاوردر بتاعي فين دلوقتي؟ وشكراً لتعاونكم","track_order","neutral","medium"
"لو سمحت، الاوردر بتاعي فين دلوقتي؟","track_order","neutral","medium"
"على فكرة، الاوردر بتاعي فين دلوقتي؟ في انتظار ردكم","track_order","neutral","medium"
"الاوردر بتاعي فين دلوقتي؟","track_order","neutral","medium"
"لو سمحت، الاوردر بتاعي فين دلوقتي؟ في انتظار ردكم","track_order","neutral","medium"
"لو سمحت، الاوردر بتاعي فين دلوقتي؟ ياريت حد يرد عليا","track_order","neutral","medium"
"بجد الاوردر بتاعي فين دلوقتي؟","track_order","neutral","medium"
"من فضلك، الاوردر بتاعي فين دلوقتي؟","track_order","neutral","medium"
"على فكرة، الاوردر بتاعي فين دلوقتي؟ برجاء الإفادة","track_order","neutral","medium"
"على فكرة، الاوردر بتاعي فين دلوقتي؟ ياريت حد يرد عليا","track_order","neutral","medium"
"الاوردر بتاعي فين دلوقتي؟ ياريت حد يرد عليا","track_order","neutral","medium"
"بجد الاوردر بتاعي فين دلوقتي؟ ياريت حد يرد عليا","track_order","neutral","medium"
"من فضلك، حابب أطمن بس مفيش استعجال وشكراً لتعاونكم","track_order","neutral","low"
"من فضلك، حابب أطمن بس مفيش استعجال","track_order","neutral","low"
"معلش، حابب أطمن بس مفيش استعجال برجاء الإفادة","track_order","neutral","low"
"من فضلك، حابب أطمن بس مفيش استعجال في انتظار ردكم","track_order","neutral","low"
"لو سمحت، حابب أطمن بس مفيش استعجال في انتظار ردكم","track_order","neutral","low"
"على فكرة، حابب أطمن بس مفيش استعجال","track_order","neutral","low"
"على فكرة، حابب أطمن بس مفيش استعجال برجاء الإفادة","track_order","neutral","low"
"حابب أطمن بس مفيش استعجال في انتظار ردكم","track_order","neutral","low"
"بجد حابب أطمن بس مفيش استعجال برجاء الإفادة","track_order","neutral","low"
"طب حابب أطمن بس مفيش استعجال ياريت حد يرد عليا","track_order","neutral","low"
"بجد حابب أطمن بس مفيش استعجال في انتظار ردكم","track_order","neutral","low"
"لو سمحت، حابب أطمن بس مفيش استعجال ياريت حد يرد عليا","track_order","neutral","low"
"معلش، مفيش داعي للاستعجال بس حابب أطمن على الطلب وشكراً لتعاونكم","track_order","neutral","low"
"من فضلك، مفيش داعي للاستعجال بس حابب أطمن على الطلب برجاء الإفادة","track_order","neutral","low"
"بجد مفيش داعي للاستعجال بس حابب أطمن على الطلب","track_order","neutral","low"
"طب مفيش داعي للاستعجال بس حابب أطمن على الطلب برجاء الإفادة","track_order","neutral","low"
"على فكرة، مفيش داعي للاستعجال بس حابب أطمن على الطلب في انتظار ردكم","track_order","neutral","low"
"على فكرة، مفيش داعي للاستعجال بس حابب أطمن على الطلب وشكراً لتعاونكم","track_order","neutral","low"
"مفيش داعي للاستعجال بس حابب أطمن على الطلب وشكراً لتعاونكم","track_order","neutral","low"
"من فضلك، مفيش داعي للاستعجال بس حابب أطمن على الطلب ياريت حد يرد عليا","track_order","neutral","low"
"معلش، مفيش داعي للاستعجال بس حابب أطمن على الطلب","track_order","neutral","low"
"مفيش داعي للاستعجال بس حابب أطمن على الطلب برجاء الإفادة","track_order","neutral","low"
"بجد مفيش داعي للاستعجال بس حابب أطمن على الطلب برجاء الإفادة","track_order","neutral","low"
"بجد مفيش داعي للاستعجال بس حابب أطمن على الطلب في انتظار ردكم","track_order","neutral","low"
"لو سمحت، فين طلبي؟ اتأخر عن معاده بشكل غير طبيعي وشكراً لتعاونكم","track_order","negative","high"
"فين طلبي؟ اتأخر عن معاده بشكل غير طبيعي وشكراً لتعاونكم","track_order","negative","high"
"على فكرة، فين طلبي؟ اتأخر عن معاده بشكل غير طبيعي ياريت حد يرد عليا","track_order","negative","high"
"على فكرة، فين طلبي؟ اتأخر عن معاده بشكل غير طبيعي","track_order","negative","high"
"لو سمحت، فين طلبي؟ اتأخر عن معاده بشكل غير طبيعي","track_order","negative","high"
"بجد فين طلبي؟ اتاخر عن معاده بشكل غير طبيعي ياريت حد يرد عليا","track_order","negative","high"
"لو سمحت، فين طلبي؟ اتاخر عن معاده بشكل غير طبيعي في انتظار ردكم","track_order","negative","high"
"معلش، فين طلبي؟ اتأخر عن معاده بشكل غير طبيعي ياريت حد يرد عليا","track_order","negative","high"
"من فضلك، فين طلبي؟ اتاخر عن معاده بشكل غير طبيعي برجاء الإفادة","track_order","negative","high"
"على فكرة، فين طلبي؟ اتأخر عن معاده بشكل غير طبيعي برجاء الإفادة","track_order","negative","high"
"بجد فين طلبي؟ اتاخر عن معاده بشكل غير طبيعي برجاء الإفادة","track_order","negative","high"
"لو سمحت، فين طلبي؟ اتاخر عن معاده بشكل غير طبيعي برجاء الإفادة","track_order","negative","high"
"طب لو ينفع تقولوا لي تحديث بسيط عن الطلب برجاء الإفادة","track_order","neutral","low"
"طب لو ينفع تقولوا لي تحديث بسيط عن الطلب","track_order","neutral","low"
"على فكرة، لو ينفع تقولوا لي تحديث بسيط عن الطلب برجاء الإفادة","track_order","neutral","low"
"على فكرة، لو ينفع تقولوا لي تحديث بسيط عن الطلب","track_order","neutral","low"
"من فضلك، لو ينفع تقولوا لي تحديث بسيط عن الطلب برجاء الإفادة","track_order","neutral","low"
"لو ينفع تقولوا لي تحديث بسيط عن الطلب","track_order","neutral","low"
"لو سمحت، لو ينفع تقولوا لي تحديث بسيط عن الطلب في انتظار ردكم","track_order","neutral","low"
"لو ينفع تقولوا لي تحديث بسيط عن الطلب برجاء الإفادة","track_order","neutral","low"
"بجد لو ينفع تقولوا لي تحديث بسيط عن الطلب وشكراً لتعاونكم","track_order","neutral","low"
"لو ينفع تقولوا لي تحديث بسيط عن الطلب في انتظار ردكم","track_order","neutral","low"
"لو سمحت، لو ينفع تقولوا لي تحديث بسيط عن الطلب وشكراً لتعاونكم","track_order","neutral","low"
"معلش، لو ينفع تقولوا لي تحديث بسيط عن الطلب","track_order","neutral","low"
"وصلني الطلب بدري عن المتوقع، جميل ياريت حد يرد عليا","track_order","positive","low"
"من فضلك، وصلني الطلب بدري عن المتوقع، جميل","track_order","positive","low"
"بجد وصلني الطلب بدري عن المتوقع، جميل في انتظار ردكم","track_order","positive","low"
"بجد وصلني الطلب بدري عن المتوقع، جميل","track_order","positive","low"
"معلش، وصلني الطلب بدري عن المتوقع، جميل برجاء الإفادة","track_order","positive","low"
"على فكرة، وصلني الطلب بدري عن المتوقع، جميل","track_order","positive","low"
"طب وصلني الطلب بدري عن المتوقع، جميل","track_order","positive","low"
"من فضلك، وصلني الطلب بدري عن المتوقع، جميل ياريت حد يرد عليا","track_order","positive","low"
"معلش، وصلني الطلب بدري عن المتوقع، جميل ياريت حد يرد عليا","track_order","positive","low"
"طب وصلني الطلب بدري عن المتوقع، جميل برجاء الإفادة","track_order","positive","low"
"وصلني الطلب بدري عن المتوقع، جميل برجاء الإفادة","track_order","positive","low"
"معلش، وصلني الطلب بدري عن المتوقع، جميل وشكراً لتعاونكم","track_order","positive","low"
"بجد مش مستعجل، بس حابب اعرف اخبار الشحنه","track_order","neutral","low"
"مش مستعجل، بس حابب اعرف اخبار الشحنة وشكراً لتعاونكم","track_order","neutral","low"
"طب مش مستعجل، بس حابب اعرف اخبار الشحنة في انتظار ردكم","track_order","neutral","low"
"مش مستعجل، بس حابب اعرف اخبار الشحنه في انتظار ردكم","track_order","neutral","low"
"بجد مش مستعجل، بس حابب اعرف اخبار الشحنه وشكراً لتعاونكم","track_order","neutral","low"
"معلش، مش مستعجل، بس حابب اعرف اخبار الشحنة وشكراً لتعاونكم","track_order","neutral","low"
"معلش، مش مستعجل، بس حابب اعرف اخبار الشحنه ياريت حد يرد عليا","track_order","neutral","low"
"لو سمحت، مش مستعجل، بس حابب اعرف اخبار الشحنة وشكراً لتعاونكم","track_order","neutral","low"
"طب مش مستعجل، بس حابب اعرف اخبار الشحنة وشكراً لتعاونكم","track_order","neutral","low"
"من فضلك، مش مستعجل، بس حابب اعرف اخبار الشحنة في انتظار ردكم","track_order","neutral","low"
"على فكرة، مش مستعجل، بس حابب اعرف اخبار الشحنه في انتظار ردكم","track_order","neutral","low"
"على فكرة، مش مستعجل، بس حابب اعرف اخبار الشحنه وشكراً لتعاونكم","track_order","neutral","low"
"على فكرة، مش عارف ليه الطلب لسا ما وصلش لغاية دلوقتي ياريت حد يرد عليا","track_order","negative","medium"
"من فضلك، مش عارف ليه الطلب لسه ما وصلش لغاية دلوقتي برجاء الإفادة","track_order","negative","medium"
"من فضلك، مش عارف ليه الطلب لسا ما وصلش لغاية دلوقتي","track_order","negative","medium"
"طب مش عارف ليه الطلب لسه ما وصلش لغاية دلوقتي ياريت حد يرد عليا","track_order","negative","medium"
"بجد مش عارف ليه الطلب لسا ما وصلش لغاية دلوقتي ياريت حد يرد عليا","track_order","negative","medium"
"على فكرة، مش عارف ليه الطلب لسا ما وصلش لغاية دلوقتي في انتظار ردكم","track_order","negative","medium"
"طب مش عارف ليه الطلب لسه ما وصلش لغاية دلوقتي في انتظار ردكم","track_order","negative","medium"
"مش عارف ليه الطلب لسه ما وصلش لغاية دلوقتي","track_order","negative","medium"
"لو سمحت، مش عارف ليه الطلب لسا ما وصلش لغاية دلوقتي برجاء الإفادة","track_order","negative","medium"
"على فكرة، مش عارف ليه الطلب لسا ما وصلش لغاية دلوقتي برجاء الإفادة","track_order","negative","medium"
"ولا يهمك، بس لو ينفع تلغوا الطلب أكون شاكر برجاء الإفادة","cancel_order","positive","medium"
"بجد ولا يهمك، بس لو ينفع تلغوا الطلب أكون شاكر","cancel_order","positive","medium"
"على فكرة، ولا يهمك، بس لو ينفع تلغوا الطلب أكون شاكر وشكراً لتعاونكم","cancel_order","positive","medium"
"على فكرة، ولا يهمك، بس لو ينفع تلغوا الطلب أكون شاكر ياريت حد يرد عليا","cancel_order","positive","medium"
"من فضلك، ولا يهمك، بس لو ينفع تلغوا الطلب أكون شاكر ياريت حد يرد عليا","cancel_order","positive","medium"
"طب ولا يهمك، بس لو ينفع تلغوا الطلب أكون شاكر في انتظار ردكم","cancel_order","positive","medium"
"معلش، ولا يهمك، بس لو ينفع تلغوا الطلب أكون شاكر وشكراً لتعاونكم","cancel_order","positive","medium"
"معلش، ولا يهمك، بس لو ينفع تلغوا الطلب أكون شاكر في انتظار ردكم","cancel_order","positive","medium"
"ولا يهمك، بس لو ينفع تلغوا الطلب أكون شاكر في انتظار ردكم","cancel_order","positive","medium"
"طب ولا يهمك، بس لو ينفع تلغوا الطلب أكون شاكر ياريت حد يرد عليا","cancel_order","positive","medium"
"بجد ولا يهمك، بس لو ينفع تلغوا الطلب أكون شاكر في انتظار ردكم","cancel_order","positive","medium"
"معلش، ولا يهمك، بس لو ينفع تلغوا الطلب أكون شاكر ياريت حد يرد عليا","cancel_order","positive","medium"
"على فكرة، لازم تلغوا الطلب دلوقتي، الوضع مستعجل","cancel_order","negative","high"
"طب لازم تلغوا الطلب دلوقتي، الوضع مستعجل","cancel_order","negative","high"
"معلش، لازم تلغوا الطلب دلوقتي، الوضع مستعجل وشكراً لتعاونكم","cancel_order","negative","high"
"معلش، لازم تلغوا الطلب دلوقتي، الوضع مستعجل في انتظار ردكم","cancel_order","negative","high"
"لازم تلغوا الطلب دلوقتي، الوضع مستعجل","cancel_order","negative","high"
"طب لازم تلغوا الطلب دلوقتي، الوضع مستعجل وشكراً لتعاونكم","cancel_order","negative","high"
"لازم تلغوا الطلب دلوقتي، الوضع مستعجل وشكراً لتعاونكم","cancel_order","negative","high"
"من فضلك، لازم تلغوا الطلب دلوقتي، الوضع مستعجل ياريت حد يرد عليا","cancel_order","negative","high"
"بجد لازم تلغوا الطلب دلوقتي، الوضع مستعجل في انتظار ردكم","cancel_order","negative","high"
"بجد لازم تلغوا الطلب دلوقتي، الوضع مستعجل برجاء الإفادة","cancel_order","negative","high"
"لازم تلغوا الطلب دلوقتي، الوضع مستعجل في انتظار ردكم","cancel_order","negative","high"
"لو سمحت، لازم تلغوا الطلب دلوقتي، الوضع مستعجل وشكراً لتعاونكم","cancel_order","negative","high"
"من فضلك، متشكر لو تم الغاء الطلب #1002 بسهولة برجاء الإفادة","cancel_order","positive","medium"
"متشكر لو تم الغاء الطلب #1002 بسهولة ياريت حد يرد عليا","cancel_order","positive","medium"
"بجد متشكر لو تم الغاء الطلب #1003 بسهولة وشكراً لتعاونكم","cancel_order","positive","medium"
"لو سمحت، متشكر لو تم الغاء الطلب #1002 بسهولة في انتظار ردكم","cancel_order","positive","medium"
"معلش، متشكر لو تم الغاء الطلب #1002 بسهولة برجاء الإفادة","cancel_order","positive","medium"
"من فضلك، متشكر لو تم الغاء الطلب #1003 بسهولة وشكراً لتعاونكم","cancel_order","positive","medium"
"على فكرة، متشكر لو تم الغاء الطلب #1003 بسهولة برجاء الإفادة","cancel_order","positive","medium"
"طب متشكر لو تم الغاء الطلب #1003 بسهولة وشكراً لتعاونكم","cancel_order","positive","medium"
"متشكر لو تم إلغاء الطلب #1003 بسهولة في انتظار ردكم","cancel_order","positive","medium"
"متشكر لو تم الغاء الطلب #1001 بسهولة في انتظار ردكم","cancel_order","positive","medium"
"طب متشكر لو تم الغاء الطلب #1001 بسهولة برجاء الإفادة","cancel_order","positive","medium"
"من فضلك، متشكر لو تم الغاء الطلب #1003 بسهولة","cancel_order","positive","medium"
"بجد متشكر لو تم الغاء الطلب #1001 بسهولة برجاء الإفادة","cancel_order","positive","medium"
"معلش، متشكر لو تم الغاء الطلب #1001 بسهولة في انتظار ردكم","cancel_order","positive","medium"
"معلش، من فين أقدر الغي طلبي؟ برجاء الإفادة","cancel_order","neutral","medium"
"من فين أقدر ألغي طلبي؟","cancel_order","neutral","medium"
"على فكرة، من فين أقدر ألغي طلبي؟ وشكراً لتعاونكم","cancel_order","neutral","medium"
"من فين أقدر ألغي طلبي؟ ياريت حد يرد عليا","cancel_order","neutral","medium"
"من فضلك، من فين أقدر الغي طلبي؟","cancel_order","neutral","medium"
"من فين أقدر ألغي طلبي؟ وشكراً لتعاونكم","cancel_order","neutral","medium"
"لو سمحت، من فين أقدر الغي طلبي؟ برجاء الإفادة","cancel_order","neutral","medium"
"معلش، من فين أقدر ألغي طلبي؟ في انتظار ردكم","cancel_order","neutral","medium"
"معلش، من فين أقدر الغي طلبي؟","cancel_order","neutral","medium"
"لو سمحت، من فين أقدر ألغي طلبي؟ ياريت حد يرد عليا","cancel_order","neutral","medium"
"بجد من فين أقدر ألغي طلبي؟ برجاء الإفادة","cancel_order","neutral","medium"
"بجد من فين أقدر الغي طلبي؟ ياريت حد يرد عليا","cancel_order","neutral","medium"
"من فضلك، عاوز ألغي طلبي وأسترد الفلوس برجاء الإفادة","cancel_order","neutral","medium"
"لو سمحت، عاوز ألغي طلبي وأسترد الفلوس وشكراً لتعاونكم","cancel_order","neutral","medium"
"معلش، عايز ألغي طلبي وأسترد الفلوس ياريت حد يرد عليا","cancel_order","neutral","medium"
"عايز ألغي طلبي وأسترد الفلوس برجاء الإفادة","cancel_order","neutral","medium"
"على فكرة، عايز ألغي طلبي وأسترد الفلوس","cancel_order","neutral","medium"
"طب عايز ألغي طلبي وأسترد الفلوس ياريت حد يرد عليا","cancel_order","neutral","medium"
"معلش، عايز ألغي طلبي وأسترد الفلوس وشكراً لتعاونكم","cancel_order","neutral","medium"
"طب عايز ألغي طلبي وأسترد الفلوس","cancel_order","neutral","medium"
"عايز ألغي طلبي وأسترد الفلوس ياريت حد يرد عليا","cancel_order","neutral","medium"
"من فضلك، عايز الغي طلبي وأسترد الفلوس في انتظار ردكم","cancel_order","neutral","medium"
"على فكرة، عايز الغي طلبي وأسترد الفلوس في انتظار ردكم","cancel_order","neutral","medium"
"لو سمحت، عايز ألغي طلبي وأسترد الفلوس برجاء الإفادة","cancel_order","neutral","medium"
"على فكرة، مبسوط ان الإلغاء متاح، عايز الغي الطلب #1003 وشكراً لتعاونكم","cancel_order","positive","medium"
"لو سمحت، مبسوط ان الالغاء متاح، عايز ألغي الطلب #1001 برجاء الإفادة","cancel_order","positive","medium"
"على فكرة، مبسوط ان الإلغاء متاح، عاوز ألغي الطلب #1001","cancel_order","positive","medium"
"على فكرة، مبسوط ان الالغاء متاح، عايز ألغي الطلب #1003","cancel_order","positive","medium"
"بجد مبسوط ان الإلغاء متاح، عايز ألغي الطلب #1002","cancel_order","positive","medium"
"من فضلك، مبسوط ان الالغاء متاح، عايز ألغي الطلب #1003 في انتظار ردكم","cancel_order","positive","medium"
"بجد مبسوط ان الإلغاء متاح، عايز ألغي الطلب #1003 ياريت حد يرد عليا","cancel_order","positive","medium"
"طب مبسوط ان الإلغاء متاح، عايز ألغي الطلب #1003 برجاء الإفادة","cancel_order","positive","medium"
"طب مبسوط ان الالغاء متاح، عايز ألغي الطلب #1003 في انتظار ردكم","cancel_order","positive","medium"
"طب مبسوط ان الإلغاء متاح، عايز ألغي الطلب #1001","cancel_order","positive","medium"
"طب مبسوط ان الإلغاء متاح، عاوز ألغي الطلب #1003 ياريت حد يرد عليا","cancel_order","positive","medium"
"لو سمحت، مبسوط ان الإلغاء متاح، عايز ألغي الطلب #1001 في انتظار ردكم","cancel_order","positive","medium"
"طب مبسوط ان الإلغاء متاح، عايز ألغي الطلب #1002 في انتظار ردكم","cancel_order","positive","medium"
"لو سمحت، مبسوط ان الالغاء متاح، عايز ألغي الطلب #1003 وشكراً لتعاونكم","cancel_order","positive","medium"
"بجد ممكن تشيلوا الطلب ده وتلغوه؟ برجاء الإفادة","cancel_order","neutral","medium"
"على فكرة، ممكن تشيلوا الطلب ده وتلغوه؟","cancel_order","neutral","medium"
"من فضلك، ممكن تشيلوا الطلب ده وتلغوه؟ برجاء الإفادة","cancel_order","neutral","medium"
"معلش، ممكن تشيلوا الطلب ده وتلغوه؟ وشكراً لتعاونكم","cancel_order","neutral","medium"
"معلش، ممكن تشيلوا الطلب ده وتلغوه؟","cancel_order","neutral","medium"
"من فضلك، ممكن تشيلوا الطلب ده وتلغوه؟","cancel_order","neutral","medium"
"ممكن تشيلوا الطلب ده وتلغوه؟","cancel_order","neutral","medium"
"طب ممكن تشيلوا الطلب ده وتلغوه؟ وشكراً لتعاونكم","cancel_order","neutral","medium"
"طب ممكن تشيلوا الطلب ده وتلغوه؟","cancel_order","neutral","medium"
"لو سمحت، ممكن تشيلوا الطلب ده وتلغوه؟ ياريت حد يرد عليا","cancel_order","neutral","medium"
"طب ممكن تشيلوا الطلب ده وتلغوه؟ ياريت حد يرد عليا","cancel_order","neutral","medium"
"ممكن تشيلوا الطلب ده وتلغوه؟ برجاء الإفادة","cancel_order","neutral","medium"
"من فضلك، مجرد استفسار عن إمكانية الغاء الطلبات عموماً وشكراً لتعاونكم","cancel_order","neutral","low"
"لو سمحت، مجرد استفسار عن إمكانية إلغاء الطلبات عموماً وشكراً لتعاونكم","cancel_order","neutral","low"
"معلش، مجرد استفسار عن إمكانية إلغاء الطلبات عموماً ياريت حد يرد عليا","cancel_order","neutral","low"
"مجرد استفسار عن إمكانية إلغاء الطلبات عموماً ياريت حد يرد عليا","cancel_order","neutral","low"
"بجد مجرد استفسار عن إمكانية إلغاء الطلبات عموماً","cancel_order","neutral","low"
"على فكرة، مجرد استفسار عن إمكانية الغاء الطلبات عموماً ياريت حد يرد عليا","cancel_order","neutral","low"
"لو سمحت، مجرد استفسار عن إمكانية إلغاء الطلبات عموماً","cancel_order","neutral","low"
"بجد مجرد استفسار عن إمكانية الغاء الطلبات عموماً وشكراً لتعاونكم","cancel_order","neutral","low"
"على فكرة، مجرد استفسار عن إمكانية إلغاء الطلبات عموماً","cancel_order","neutral","low"
"مجرد استفسار عن إمكانية الغاء الطلبات عموماً برجاء الإفادة","cancel_order","neutral","low"
"لو سمحت، مجرد استفسار عن إمكانية إلغاء الطلبات عموماً ياريت حد يرد عليا","cancel_order","neutral","low"
"مجرد استفسار عن إمكانية إلغاء الطلبات عموماً في انتظار ردكم","cancel_order","neutral","low"
"طب الأوردر لازم يتلغي فوراً، الأمر ضروري ياريت حد يرد عليا","cancel_order","negative","high"
"على فكرة، الاوردر لازم يتلغي فوراً، الأمر ضروري برجاء الإفادة","cancel_order","negative","high"
"معلش، الأوردر لازم يتلغي فوراً، الأمر ضروري وشكراً لتعاونكم","cancel_order","negative","high"
"الاوردر لازم يتلغي فوراً، الأمر ضروري ياريت حد يرد عليا","cancel_order","negative","high"
"من فضلك، الأوردر لازم يتلغي فوراً، الأمر ضروري وشكراً لتعاونكم","cancel_order","negative","high"
"بجد الأوردر لازم يتلغي فوراً، الأمر ضروري برجاء الإفادة","cancel_order","negative","high"
"لو سمحت، الاوردر لازم يتلغي فوراً، الأمر ضروري في انتظار ردكم","cancel_order","negative","high"
"معلش، الأوردر لازم يتلغي فوراً، الأمر ضروري","cancel_order","negative","high"
"من فضلك، الاوردر لازم يتلغي فوراً، الأمر ضروري برجاء الإفادة","cancel_order","negative","high"
"الاوردر لازم يتلغي فوراً، الأمر ضروري","cancel_order","negative","high"
"الاوردر لازم يتلغي فوراً، الأمر ضروري وشكراً لتعاونكم","cancel_order","negative","high"
"بجد الأوردر لازم يتلغي فوراً، الأمر ضروري ياريت حد يرد عليا","cancel_order","negative","high"
"معلش، عايز إلغاء الأوردر رقم #1003 برجاء الإفادة","cancel_order","neutral","medium"
"معلش، عايز إلغاء الأوردر رقم #1003 ياريت حد يرد عليا","cancel_order","neutral","medium"
"على فكرة، عايز إلغاء الأوردر رقم #1001 وشكراً لتعاونكم","cancel_order","neutral","medium"
"لو سمحت، عاوز إلغاء الأوردر رقم #1001 برجاء الإفادة","cancel_order","neutral","medium"
"على فكرة، عايز إلغاء الأوردر رقم #1003 في انتظار ردكم","cancel_order","neutral","medium"
"معلش، عايز إلغاء الأوردر رقم #1001","cancel_order","neutral","medium"
"على فكرة، عايز إلغاء الأوردر رقم #1003 برجاء الإفادة","cancel_order","neutral","medium"
"بجد عايز إلغاء الأوردر رقم #1002 ياريت حد يرد عليا","cancel_order","neutral","medium"
"معلش، عاوز إلغاء الأوردر رقم #1002 ياريت حد يرد عليا","cancel_order","neutral","medium"
"من فضلك، عايز الغاء الأوردر رقم #1001 وشكراً لتعاونكم","cancel_order","neutral","medium"
"عايز الغاء الأوردر رقم #1002 في انتظار ردكم","cancel_order","neutral","medium"
"عايز إلغاء الأوردر رقم #1001 في انتظار ردكم","cancel_order","neutral","medium"
"من فضلك، عايز إلغاء الأوردر رقم #1003 وشكراً لتعاونكم","cancel_order","neutral","medium"
"من فضلك، عاوز إلغاء الأوردر رقم #1003","cancel_order","neutral","medium"
"بجد ممكن الإلغاء يتم دلوقتي؟","cancel_order","neutral","medium"
"على فكرة، ممكن الإلغاء يتم دلوقتي؟","cancel_order","neutral","medium"
"من فضلك، ممكن الالغاء يتم دلوقتي؟ وشكراً لتعاونكم","cancel_order","neutral","medium"
"من فضلك، ممكن الالغاء يتم دلوقتي؟ ياريت حد يرد عليا","cancel_order","neutral","medium"
"على فكرة، ممكن الالغاء يتم دلوقتي؟ برجاء الإفادة","cancel_order","neutral","medium"
"معلش، ممكن الالغاء يتم دلوقتي؟ وشكراً لتعاونكم","cancel_order","neutral","medium"
"طب ممكن الإلغاء يتم دلوقتي؟ برجاء الإفادة","cancel_order","neutral","medium"
"معلش، ممكن الإلغاء يتم دلوقتي؟ في انتظار ردكم","cancel_order","neutral","medium"
"طب ممكن الالغاء يتم دلوقتي؟ ياريت حد يرد عليا","cancel_order","neutral","medium"
"معلش، ممكن الالغاء يتم دلوقتي؟","cancel_order","neutral","medium"
"بجد ممكن الالغاء يتم دلوقتي؟ وشكراً لتعاونكم","cancel_order","neutral","medium"
"على فكرة، ممكن الالغاء يتم دلوقتي؟ في انتظار ردكم","cancel_order","neutral","medium"
"طب ممكن تأكدولي ان الطلب اتلغى؟ وشكراً لتعاونكم","cancel_order","neutral","medium"
"ممكن تأكدولي ان الطلب اتلغى؟ وشكراً لتعاونكم","cancel_order","neutral","medium"
"طب ممكن تأكدولي ان الطلب اتلغى؟ برجاء الإفادة","cancel_order","neutral","medium"
"على فكرة، ممكن تأكدولي ان الطلب اتلغى؟ وشكراً لتعاونكم","cancel_order","neutral","medium"
"لو سمحت، ممكن تأكدولي ان الطلب اتلغى؟ في انتظار ردكم","cancel_order","neutral","medium"
"من فضلك، ممكن تأكدولي ان الطلب اتلغى؟ وشكراً لتعاونكم","cancel_order","neutral","medium"
"معلش، ممكن تأكدولي ان الطلب اتلغى؟ ياريت حد يرد عليا","cancel_order","neutral","medium"
"ممكن تأكدولي ان الطلب اتلغى؟","cancel_order","neutral","medium"
"طب ممكن تأكدولي ان الطلب اتلغى؟","cancel_order","neutral","medium"
"بجد ممكن تأكدولي ان الطلب اتلغى؟ ياريت حد يرد عليا","cancel_order","neutral","medium"
"بجد ممكن تأكدولي ان الطلب اتلغى؟ في انتظار ردكم","cancel_order","neutral","medium"
"لو سمحت، ممكن تأكدولي ان الطلب اتلغى؟ ياريت حد يرد عليا","cancel_order","neutral","medium"
"طب طلبت الإلغاء من إمبارح ولسه محدش رد","cancel_order","negative","high"
"بجد طلبت الإلغاء من إمبارح ولسا محدش رد في انتظار ردكم","cancel_order","negative","high"
"بجد طلبت الالغاء من إمبارح ولسه محدش رد وشكراً لتعاونكم","cancel_order","negative","high"
"طلبت الالغاء من إمبارح ولسه محدش رد وشكراً لتعاونكم","cancel_order","negative","high"
"على فكرة، طلبت الالغاء من إمبارح ولسه محدش رد ياريت حد يرد عليا","cancel_order","negative","high"
"معلش، طلبت الالغاء من إمبارح ولسه محدش رد ياريت حد يرد عليا","cancel_order","negative","high"
"طب طلبت الإلغاء من إمبارح ولسه محدش رد ياريت حد يرد عليا","cancel_order","negative","high"
"معلش، طلبت الإلغاء من إمبارح ولسه محدش رد في انتظار ردكم","cancel_order","negative","high"
"من فضلك، طلبت الإلغاء من إمبارح ولسه محدش رد","cancel_order","negative","high"
"لو سمحت، طلبت الإلغاء من إمبارح ولسا محدش رد برجاء الإفادة","cancel_order","negative","high"
"بجد طلبت الإلغاء من إمبارح ولسه محدش رد برجاء الإفادة","cancel_order","negative","high"
"معلش، طلبت الإلغاء من إمبارح ولسه محدش رد برجاء الإفادة","cancel_order","negative","high"
"لو سمحت، عاوز ألغي الاوردر بتاعي دلوقتي لو ينفع برجاء الإفادة","cancel_order","neutral","medium"
"معلش، عايز الغي الاوردر بتاعي دلوقتي لو ينفع وشكراً لتعاونكم","cancel_order","neutral","medium"
"طب عايز الغي الاوردر بتاعي دلوقتي لو ينفع في انتظار ردكم","cancel_order","neutral","medium"
"عايز الغي الاوردر بتاعي دلوقتي لو ينفع وشكراً لتعاونكم","cancel_order","neutral","medium"
"بجد عايز ألغي الاوردر بتاعي دلوقتي لو ينفع برجاء الإفادة","cancel_order","neutral","medium"
"معلش، عايز ألغي الاوردر بتاعي دلوقتي لو ينفع","cancel_order","neutral","medium"
"من فضلك، عايز ألغي الاوردر بتاعي دلوقتي لو ينفع وشكراً لتعاونكم","cancel_order","neutral","medium"
"على فكرة، عايز ألغي الاوردر بتاعي دلوقتي لو ينفع برجاء الإفادة","cancel_order","neutral","medium"
"بجد عايز الغي الاوردر بتاعي دلوقتي لو ينفع ياريت حد يرد عليا","cancel_order","neutral","medium"
"معلش، عاوز ألغي الاوردر بتاعي دلوقتي لو ينفع ياريت حد يرد عليا","cancel_order","neutral","medium"
"بجد عاوز ألغي الاوردر بتاعي دلوقتي لو ينفع","cancel_order","neutral","medium"
"على فكرة، عاوز ألغي الاوردر بتاعي دلوقتي لو ينفع ياريت حد يرد عليا","cancel_order","neutral","medium"
"معلش، اتصلت كتير ومحدش ألغى الطلب لسه ياريت حد يرد عليا","cancel_order","negative","high"
"طب اتصلت كتير ومحدش ألغى الطلب لسه وشكراً لتعاونكم","cancel_order","negative","high"
"على فكرة، اتصلت كتير ومحدش ألغى الطلب لسه وشكراً لتعاونكم","cancel_order","negative","high"
"طب اتصلت كتير ومحدش ألغى الطلب لسه برجاء الإفادة","cancel_order","negative","high"
"بجد اتصلت كتير ومحدش ألغى الطلب لسه وشكراً لتعاونكم","cancel_order","negative","high"
"لو سمحت، اتصلت كتير ومحدش ألغى الطلب لسه برجاء الإفادة","cancel_order","negative","high"
"على فكرة، اتصلت كتير ومحدش ألغى الطلب لسا في انتظار ردكم","cancel_order","negative","high"
"من فضلك، اتصلت كتير ومحدش ألغى الطلب لسه وشكراً لتعاونكم","cancel_order","negative","high"
"اتصلت كتير ومحدش ألغى الطلب لسا وشكراً لتعاونكم","cancel_order","negative","high"
"من فضلك، اتصلت كتير ومحدش ألغى الطلب لسا برجاء الإفادة","cancel_order","negative","high"
"معلش، اتصلت كتير ومحدش ألغى الطلب لسه برجاء الإفادة","cancel_order","negative","high"
"بجد اتصلت كتير ومحدش ألغى الطلب لسا في انتظار ردكم","cancel_order","negative","high"
"لو سمحت، عايز أرجع في الطلب وألغيه برجاء الإفادة","cancel_order","neutral","medium"
"بجد عايز أرجع في الطلب وألغيه في انتظار ردكم","cancel_order","neutral","medium"
"طب عايز أرجع في الطلب والغيه ياريت حد يرد عليا","cancel_order","neutral","medium"
"عايز أرجع في الطلب وألغيه في انتظار ردكم","cancel_order","neutral","medium"
"طب عايز ارجع في الطلب وألغيه وشكراً لتعاونكم","cancel_order","neutral","medium"
"عايز ارجع في الطلب وألغيه وشكراً لتعاونكم","cancel_order","neutral","medium"
"بجد عايز أرجع في الطلب وألغيه وشكراً لتعاونكم","cancel_order","neutral","medium"
"طب عايز أرجع في الطلب وألغيه برجاء الإفادة","cancel_order","neutral","medium"
"من فضلك، عايز أرجع في الطلب وألغيه في انتظار ردكم","cancel_order","neutral","medium"
"عاوز أرجع في الطلب وألغيه","cancel_order","neutral","medium"
"بجد عايز أرجع في الطلب وألغيه","cancel_order","neutral","medium"
"طب عاوز أرجع في الطلب وألغيه في انتظار ردكم","cancel_order","neutral","medium"
"طب عاوز إلغاء الطلب حالاً، الموضوع بقى مستعجل جداً","cancel_order","negative","high"
"على فكرة، عايز إلغاء الطلب حالاً، الموضوع بقى مستعجل جداً","cancel_order","negative","high"
"على فكرة، عاوز إلغاء الطلب حالاً، الموضوع بقى مستعجل جداً ياريت حد يرد عليا","cancel_order","negative","high"
"على فكرة، عايز إلغاء الطلب حالاً، الموضوع بقى مستعجل جداً في انتظار ردكم","cancel_order","negative","high"
"لو سمحت، عايز الغاء الطلب حالاً، الموضوع بقى مستعجل جداً وشكراً لتعاونكم","cancel_order","negative","high"
"معلش، عايز إلغاء الطلب حالاً، الموضوع بقى مستعجل جداً في انتظار ردكم","cancel_order","negative","high"
"لو سمحت، عاوز إلغاء الطلب حالاً، الموضوع بقى مستعجل جداً ياريت حد يرد عليا","cancel_order","negative","high"
"على فكرة، عاوز إلغاء الطلب حالاً، الموضوع بقى مستعجل جداً وشكراً لتعاونكم","cancel_order","negative","high"
"معلش، عاوز إلغاء الطلب حالاً، الموضوع بقى مستعجل جداً وشكراً لتعاونكم","cancel_order","negative","high"
"عايز إلغاء الطلب حالاً، الموضوع بقى مستعجل جداً","cancel_order","negative","high"
"لو سمحت، عايز الغاء الطلب حالاً، الموضوع بقى مستعجل جداً برجاء الإفادة","cancel_order","negative","high"
"على فكرة، عاوز إلغاء الطلب حالاً، الموضوع بقى مستعجل جداً برجاء الإفادة","cancel_order","negative","high"
"طب ممكن تساعدوني في الغاء الطلب؟ وشكراً لتعاونكم","cancel_order","neutral","medium"
"معلش، ممكن تساعدوني في إلغاء الطلب؟","cancel_order","neutral","medium"
"معلش، ممكن تساعدوني في إلغاء الطلب؟ برجاء الإفادة","cancel_order","neutral","medium"
"طب ممكن تساعدوني في الغاء الطلب؟","cancel_order","neutral","medium"
"معلش، ممكن تساعدوني في الغاء الطلب؟ وشكراً لتعاونكم","cancel_order","neutral","medium"
"ممكن تساعدوني في إلغاء الطلب؟ في انتظار ردكم","cancel_order","neutral","medium"
"بجد ممكن تساعدوني في الغاء الطلب؟ في انتظار ردكم","cancel_order","neutral","medium"
"بجد ممكن تساعدوني في إلغاء الطلب؟ برجاء الإفادة","cancel_order","neutral","medium"
"على فكرة، ممكن تساعدوني في الغاء الطلب؟","cancel_order","neutral","medium"
"معلش، ممكن تساعدوني في الغاء الطلب؟ ياريت حد يرد عليا","cancel_order","neutral","medium"
"طب ممكن تساعدوني في الغاء الطلب؟ في انتظار ردكم","cancel_order","neutral","medium"
"من فضلك، ممكن تساعدوني في إلغاء الطلب؟ وشكراً لتعاونكم","cancel_order","neutral","medium"
"طب عايز إلغاء الطلب #1001 من فضلكم ياريت حد يرد عليا","cancel_order","neutral","medium"
"عايز إلغاء الطلب #1001 من فضلكم في انتظار ردكم","cancel_order","neutral","medium"
"بجد عايز إلغاء الطلب #1001 من فضلكم ياريت حد يرد عليا","cancel_order","neutral","medium"
"عاوز إلغاء الطلب #1003 من فضلكم وشكراً لتعاونكم","cancel_order","neutral","medium"
"من فضلك، عايز إلغاء الطلب #1002 من فضلكم","cancel_order","neutral","medium"
"لو سمحت، عايز إلغاء الطلب #1002 من فضلكم وشكراً لتعاونكم","cancel_order","neutral","medium"
"على فكرة، عاوز إلغاء الطلب #1002 من فضلكم في انتظار ردكم","cancel_order","neutral","medium"
"طب عاوز إلغاء الطلب #1002 من فضلكم في انتظار ردكم","cancel_order","neutral","medium"
"لو سمحت، عايز إلغاء الطلب #1002 من فضلكم","cancel_order","neutral","medium"
"بجد عاوز إلغاء الطلب #1002 من فضلكم برجاء الإفادة","cancel_order","neutral","medium"
"معلش، عايز إلغاء الطلب #1003 من فضلكم ياريت حد يرد عليا","cancel_order","neutral","medium"
"من فضلك، عايز الغاء الطلب #1001 من فضلكم","cancel_order","neutral","medium"
"طب عايز إلغاء الطلب #1003 من فضلكم في انتظار ردكم","cancel_order","neutral","medium"
"من فضلك، عايز إلغاء الطلب #1001 من فضلكم وشكراً لتعاونكم","cancel_order","neutral","medium"
"ينفع ألغي الاوردر قبل ما يتشحن؟ برجاء الإفادة","cancel_order","neutral","medium"
"من فضلك، ينفع ألغي الاوردر قبل ما يتشحن؟ برجاء الإفادة","cancel_order","neutral","medium"
"ينفع الغي الاوردر قبل ما يتشحن؟ في انتظار ردكم","cancel_order","neutral","medium"
"من فضلك، ينفع ألغي الاوردر قبل ما يتشحن؟","cancel_order","neutral","medium"
"طب ينفع ألغي الاوردر قبل ما يتشحن؟ برجاء الإفادة","cancel_order","neutral","medium"
"على فكرة، ينفع الغي الاوردر قبل ما يتشحن؟ ياريت حد يرد عليا","cancel_order","neutral","medium"
"معلش، ينفع ألغي الاوردر قبل ما يتشحن؟","cancel_order","neutral","medium"
"من فضلك، ينفع الغي الاوردر قبل ما يتشحن؟ في انتظار ردكم","cancel_order","neutral","medium"
"لو سمحت، ينفع ألغي الاوردر قبل ما يتشحن؟ في انتظار ردكم","cancel_order","neutral","medium"
"معلش، ينفع ألغي الاوردر قبل ما يتشحن؟ في انتظار ردكم","cancel_order","neutral","medium"
"طب ينفع الغي الاوردر قبل ما يتشحن؟","cancel_order","neutral","medium"
"على فكرة، ينفع الغي الاوردر قبل ما يتشحن؟ برجاء الإفادة","cancel_order","neutral","medium"
"معلش، قررت اني مش عايز الطلب، ينفع الغيه؟","cancel_order","neutral","medium"
"طب قررت اني مش عايز الطلب، ينفع ألغيه؟ وشكراً لتعاونكم","cancel_order","neutral","medium"
"قررت اني مش عاوز الطلب، ينفع ألغيه؟ في انتظار ردكم","cancel_order","neutral","medium"
"لو سمحت، قررت اني مش عايز الطلب، ينفع ألغيه؟","cancel_order","neutral","medium"
"قررت اني مش عاوز الطلب، ينفع ألغيه؟","cancel_order","neutral","medium"
"طب قررت اني مش عايز الطلب، ينفع ألغيه؟ في انتظار ردكم","cancel_order","neutral","medium"
"قررت اني مش عايز الطلب، ينفع الغيه؟ ياريت حد يرد عليا","cancel_order","neutral","medium"
"قررت اني مش عاوز الطلب، ينفع ألغيه؟ وشكراً لتعاونكم","cancel_order","neutral","medium"
"معلش، قررت اني مش عايز الطلب، ينفع الغيه؟ ياريت حد يرد عليا","cancel_order","neutral","medium"
"بجد قررت اني مش عايز الطلب، ينفع الغيه؟ ياريت حد يرد عليا","cancel_order","neutral","medium"
"طب قررت اني مش عايز الطلب، ينفع الغيه؟ ياريت حد يرد عليا","cancel_order","neutral","medium"
"من فضلك، قررت اني مش عايز الطلب، ينفع ألغيه؟ ياريت حد يرد عليا","cancel_order","neutral","medium"
"على فكرة، محتاج الغاء عاجل للطلب #1003 في انتظار ردكم","cancel_order","negative","high"
"بجد محتاج الغاء عاجل للطلب #1001 في انتظار ردكم","cancel_order","negative","high"
"محتاج الغاء عاجل للطلب #1001","cancel_order","negative","high"
"من فضلك، محتاج الغاء عاجل للطلب #1002 في انتظار ردكم","cancel_order","negative","high"
"معلش، محتاج إلغاء عاجل للطلب #1002 برجاء الإفادة","cancel_order","negative","high"
"معلش، محتاج إلغاء عاجل للطلب #1001 وشكراً لتعاونكم","cancel_order","negative","high"
"طب محتاج الغاء عاجل للطلب #1003 في انتظار ردكم","cancel_order","negative","high"
"من فضلك، محتاج الغاء عاجل للطلب #1003 ياريت حد يرد عليا","cancel_order","negative","high"
"لو سمحت، محتاج الغاء عاجل للطلب #1003 وشكراً لتعاونكم","cancel_order","negative","high"
"بجد محتاج الغاء عاجل للطلب #1003 وشكراً لتعاونكم","cancel_order","negative","high"
"محتاج الغاء عاجل للطلب #1003 ياريت حد يرد عليا","cancel_order","negative","high"
"بجد محتاج إلغاء عاجل للطلب #1002 برجاء الإفادة","cancel_order","negative","high"
"من فضلك، محتاج إلغاء عاجل للطلب #1003 برجاء الإفادة","cancel_order","negative","high"
"من فضلك، شكراً مقدماً لو قدرتوا تلغوا الطلب بسرعة في انتظار ردكم","cancel_order","positive","medium"
"طب شكراً مقدماً لو قدرتوا تلغوا الطلب بسرعة وشكراً لتعاونكم","cancel_order","positive","medium"
"شكراً مقدماً لو قدرتوا تلغوا الطلب بسرعة في انتظار ردكم","cancel_order","positive","medium"
"معلش، شكراً مقدماً لو قدرتوا تلغوا الطلب بسرعة","cancel_order","positive","medium"
"شكراً مقدماً لو قدرتوا تلغوا الطلب بسرعة","cancel_order","positive","medium"
"بجد شكراً مقدماً لو قدرتوا تلغوا الطلب بسرعة برجاء الإفادة","cancel_order","positive","medium"
"طب شكراً مقدماً لو قدرتوا تلغوا الطلب بسرعة في انتظار ردكم","cancel_order","positive","medium"
"لو سمحت، شكراً مقدماً لو قدرتوا تلغوا الطلب بسرعة","cancel_order","positive","medium"
"معلش، شكراً مقدماً لو قدرتوا تلغوا الطلب بسرعة ياريت حد يرد عليا","cancel_order","positive","medium"
"على فكرة، شكراً مقدماً لو قدرتوا تلغوا الطلب بسرعة برجاء الإفادة","cancel_order","positive","medium"
"على فكرة، شكراً مقدماً لو قدرتوا تلغوا الطلب بسرعة ياريت حد يرد عليا","cancel_order","positive","medium"
"من فضلك، شكراً مقدماً لو قدرتوا تلغوا الطلب بسرعة","cancel_order","positive","medium"
"معلش، مش مستعجل، بس حابب أعرف خطوات الالغاء","cancel_order","neutral","low"
"على فكرة، مش مستعجل، بس حابب أعرف خطوات الإلغاء","cancel_order","neutral","low"
"طب مش مستعجل، بس حابب أعرف خطوات الالغاء وشكراً لتعاونكم","cancel_order","neutral","low"
"طب مش مستعجل، بس حابب أعرف خطوات الإلغاء ياريت حد يرد عليا","cancel_order","neutral","low"
"بجد مش مستعجل، بس حابب أعرف خطوات الالغاء في انتظار ردكم","cancel_order","neutral","low"
"مش مستعجل، بس حابب أعرف خطوات الإلغاء برجاء الإفادة","cancel_order","neutral","low"
"طب مش مستعجل، بس حابب أعرف خطوات الالغاء","cancel_order","neutral","low"
"على فكرة، مش مستعجل، بس حابب أعرف خطوات الالغاء ياريت حد يرد عليا","cancel_order","neutral","low"
"بجد مش مستعجل، بس حابب أعرف خطوات الالغاء ياريت حد يرد عليا","cancel_order","neutral","low"
"مش مستعجل، بس حابب أعرف خطوات الالغاء وشكراً لتعاونكم","cancel_order","neutral","low"
"لو سمحت، مش مستعجل، بس حابب أعرف خطوات الإلغاء برجاء الإفادة","cancel_order","neutral","low"
"معلش، مش مستعجل، بس حابب أعرف خطوات الإلغاء وشكراً لتعاونكم","cancel_order","neutral","low"
"على فكرة، عايز ألغي الأوردر لأني لقيت سعر أحسن ياريت حد يرد عليا","cancel_order","neutral","medium"
"على فكرة، عاوز ألغي الأوردر لأني لقيت سعر أحسن في انتظار ردكم","cancel_order","neutral","medium"
"بجد عايز ألغي الأوردر لأني لقيت سعر أحسن ياريت حد يرد عليا","cancel_order","neutral","medium"
"بجد عايز ألغي الاوردر لأني لقيت سعر أحسن","cancel_order","neutral","medium"
"طب عاوز ألغي الأوردر لأني لقيت سعر أحسن برجاء الإفادة","cancel_order","neutral","medium"
"معلش، عايز ألغي الأوردر لأني لقيت سعر أحسن ياريت حد يرد عليا","cancel_order","neutral","medium"
"طب عايز ألغي الأوردر لأني لقيت سعر أحسن وشكراً لتعاونكم","cancel_order","neutral","medium"
"معلش، عايز ألغي الأوردر لأني لقيت سعر أحسن في انتظار ردكم","cancel_order","neutral","medium"
"عايز ألغي الأوردر لأني لقيت سعر أحسن برجاء الإفادة","cancel_order","neutral","medium"
"معلش، عايز ألغي الأوردر لأني لقيت سعر أحسن","cancel_order","neutral","medium"
"لو سمحت، عاوز ألغي الأوردر لأني لقيت سعر أحسن في انتظار ردكم","cancel_order","neutral","medium"
"طب عايز ألغي الأوردر لأني لقيت سعر أحسن في انتظار ردكم","cancel_order","neutral","medium"
"بجد طلبت غلط، عايز ألغي الأوردر #1003 وشكراً لتعاونكم","cancel_order","neutral","medium"
"طب طلبت غلط، عايز ألغي الاوردر #1002 وشكراً لتعاونكم","cancel_order","neutral","medium"
"لو سمحت، طلبت غلط، عايز ألغي الأوردر #1003 وشكراً لتعاونكم","cancel_order","neutral","medium"
"لو سمحت، طلبت غلط، عايز ألغي الأوردر #1003 في انتظار ردكم","cancel_order","neutral","medium"
"من فضلك، طلبت غلط، عايز ألغي الأوردر #1001 وشكراً لتعاونكم","cancel_order","neutral","medium"
"طب طلبت غلط، عايز ألغي الأوردر #1003 في انتظار ردكم","cancel_order","neutral","medium"
"معلش، طلبت غلط، عايز ألغي الأوردر #1003","cancel_order","neutral","medium"
"طب طلبت غلط، عايز ألغي الاوردر #1001 برجاء الإفادة","cancel_order","neutral","medium"
"معلش، طلبت غلط، عايز ألغي الأوردر #1001 برجاء الإفادة","cancel_order","neutral","medium"
"بجد طلبت غلط، عايز ألغي الاوردر #1001 برجاء الإفادة","cancel_order","neutral","medium"
"طب طلبت غلط، عاوز ألغي الأوردر #1001","cancel_order","neutral","medium"
"طب طلبت غلط، عايز ألغي الاوردر #1003","cancel_order","neutral","medium"
"طب طلبت غلط، عايز الغي الأوردر #1002","cancel_order","neutral","medium"
"بجد مش قادر أستنى، عايز إلغاء عاجل للطلب #1002 وشكراً لتعاونكم","cancel_order","negative","high"
"لو سمحت، مش قادر أستنى، عاوز إلغاء عاجل للطلب #1001 برجاء الإفادة","cancel_order","negative","high"
"معلش، مش قادر أستنى، عايز إلغاء عاجل للطلب #1001","cancel_order","negative","high"
"مش قادر أستنى، عايز إلغاء عاجل للطلب #1001 وشكراً لتعاونكم","cancel_order","negative","high"
"لو سمحت، مش قادر أستنى، عايز إلغاء عاجل للطلب #1001 ياريت حد يرد عليا","cancel_order","negative","high"
"مش قادر أستنى، عايز الغاء عاجل للطلب #1003 في انتظار ردكم","cancel_order","negative","high"
"على فكرة، مش قادر أستنى، عايز إلغاء عاجل للطلب #1002 برجاء الإفادة","cancel_order","negative","high"
"لو سمحت، مش قادر أستنى، عاوز إلغاء عاجل للطلب #1003 في انتظار ردكم","cancel_order","negative","high"
"بجد مش قادر أستنى، عايز إلغاء عاجل للطلب #1001 ياريت حد يرد عليا","cancel_order","negative","high"
"على فكرة، مش قادر أستنى، عايز إلغاء عاجل للطلب #1002 وشكراً لتعاونكم","cancel_order","negative","high"
"طب مش قادر أستنى، عاوز إلغاء عاجل للطلب #1001","cancel_order","negative","high"
"بجد مش قادر أستنى، عايز إلغاء عاجل للطلب #1003 في انتظار ردكم","cancel_order","negative","high"
"من فضلك، مش قادر أستنى، عاوز إلغاء عاجل للطلب #1002 وشكراً لتعاونكم","cancel_order","negative","high"
"بجد مش قادر أستنى، عاوز إلغاء عاجل للطلب #1002 في انتظار ردكم","cancel_order","negative","high"
"معلش، شكراً على المساعدة، عايز بس تأكيد الغاء الطلب","cancel_order","positive","medium"
"معلش، شكراً على المساعدة، عايز بس تأكيد إلغاء الطلب برجاء الإفادة","cancel_order","positive","medium"
"بجد شكراً على المساعدة، عايز بس تأكيد إلغاء الطلب","cancel_order","positive","medium"
"من فضلك، شكراً على المساعدة، عايز بس تأكيد الغاء الطلب وشكراً لتعاونكم","cancel_order","positive","medium"
"طب شكراً على المساعدة، عايز بس تأكيد الغاء الطلب ياريت حد يرد عليا","cancel_order","positive","medium"
"بجد شكراً على المساعدة، عايز بس تأكيد إلغاء الطلب وشكراً لتعاونكم","cancel_order","positive","medium"
"شكراً على المساعدة، عايز بس تأكيد إلغاء الطلب","cancel_order","positive","medium"
"على فكرة، شكراً على المساعدة، عايز بس تأكيد الغاء الطلب في انتظار ردكم","cancel_order","positive","medium"
"بجد شكراً على المساعدة، عايز بس تأكيد إلغاء الطلب برجاء الإفادة","cancel_order","positive","medium"
"شكراً على المساعدة، عايز بس تأكيد إلغاء الطلب ياريت حد يرد عليا","cancel_order","positive","medium"
"لو سمحت، شكراً على المساعدة، عايز بس تأكيد الغاء الطلب ياريت حد يرد عليا","cancel_order","positive","medium"
"طب شكراً على المساعدة، عايز بس تأكيد إلغاء الطلب","cancel_order","positive","medium"
"من فضلك، ممكن تلغوا لي الاوردر ده؟ برجاء الإفادة","cancel_order","neutral","medium"
"طب ممكن تلغوا لي الأوردر ده؟ وشكراً لتعاونكم","cancel_order","neutral","medium"
"طب ممكن تلغوا لي الأوردر ده؟ ياريت حد يرد عليا","cancel_order","neutral","medium"
"لو سمحت، ممكن تلغوا لي الاوردر ده؟ في انتظار ردكم","cancel_order","neutral","medium"
"من فضلك، ممكن تلغوا لي الاوردر ده؟","cancel_order","neutral","medium"
"لو سمحت، ممكن تلغوا لي الأوردر ده؟","cancel_order","neutral","medium"
"طب ممكن تلغوا لي الاوردر ده؟ برجاء الإفادة","cancel_order","neutral","medium"
"من فضلك، ممكن تلغوا لي الأوردر ده؟ في انتظار ردكم","cancel_order","neutral","medium"
"لو سمحت، ممكن تلغوا لي الأوردر ده؟ برجاء الإفادة","cancel_order","neutral","medium"
"بجد ممكن تلغوا لي الأوردر ده؟ برجاء الإفادة","cancel_order","neutral","medium"
"من فضلك، ممكن تلغوا لي الأوردر ده؟ ياريت حد يرد عليا","cancel_order","neutral","medium"
"معلش، ممكن تلغوا لي الاوردر ده؟","cancel_order","neutral","medium"
"على فكرة، لو حبيت ألغي الطلب مستقبلاً هعمل ازاي؟","cancel_order","neutral","low"
"طب لو حبيت الغي الطلب مستقبلاً هعمل ازاي؟ ياريت حد يرد عليا","cancel_order","neutral","low"
"معلش، لو حبيت الغي الطلب مستقبلاً هعمل ازاي؟ في انتظار ردكم","cancel_order","neutral","low"
"طب لو حبيت ألغي الطلب مستقبلاً هعمل ازاي؟ برجاء الإفادة","cancel_order","neutral","low"
"من فضلك، لو حبيت ألغي الطلب مستقبلاً هعمل ازاي؟ وشكراً لتعاونكم","cancel_order","neutral","low"
"على فكرة، لو حبيت الغي الطلب مستقبلاً هعمل ازاي؟ وشكراً لتعاونكم","cancel_order","neutral","low"
"معلش، لو حبيت الغي الطلب مستقبلاً هعمل ازاي؟ برجاء الإفادة","cancel_order","neutral","low"
"من فضلك، لو حبيت ألغي الطلب مستقبلاً هعمل ازاي؟ في انتظار ردكم","cancel_order","neutral","low"
"من فضلك، لو حبيت الغي الطلب مستقبلاً هعمل ازاي؟ ياريت حد يرد عليا","cancel_order","neutral","low"
"بجد لو حبيت ألغي الطلب مستقبلاً هعمل ازاي؟ وشكراً لتعاونكم","cancel_order","neutral","low"
"على فكرة، لو حبيت ألغي الطلب مستقبلاً هعمل ازاي؟ في انتظار ردكم","cancel_order","neutral","low"
"بجد لو حبيت الغي الطلب مستقبلاً هعمل ازاي؟","cancel_order","neutral","low"
"معلش، مش عاوز ألغي دلوقتي، بس حابب أعرف الإجراء لو احتجت برجاء الإفادة","cancel_order","neutral","low"
"بجد مش عايز ألغي دلوقتي، بس حابب أعرف الإجراء لو احتجت ياريت حد يرد عليا","cancel_order","neutral","low"
"لو سمحت، مش عايز ألغي دلوقتي، بس حابب أعرف الإجراء لو احتجت وشكراً لتعاونكم","cancel_order","neutral","low"
"من فضلك، مش عايز الغي دلوقتي، بس حابب أعرف الإجراء لو احتجت وشكراً لتعاونكم","cancel_order","neutral","low"
"طب مش عايز ألغي دلوقتي، بس حابب أعرف الإجراء لو احتجت ياريت حد يرد عليا","cancel_order","neutral","low"
"لو سمحت، مش عاوز ألغي دلوقتي، بس حابب أعرف الإجراء لو احتجت ياريت حد يرد عليا","cancel_order","neutral","low"
"على فكرة، مش عايز ألغي دلوقتي، بس حابب أعرف الإجراء لو احتجت وشكراً لتعاونكم","cancel_order","neutral","low"
"على فكرة، مش عايز ألغي دلوقتي، بس حابب أعرف الإجراء لو احتجت ياريت حد يرد عليا","cancel_order","neutral","low"
"معلش، مش عايز ألغي دلوقتي، بس حابب أعرف الإجراء لو احتجت ياريت حد يرد عليا","cancel_order","neutral","low"
"من فضلك، مش عايز ألغي دلوقتي، بس حابب أعرف الإجراء لو احتجت في انتظار ردكم","cancel_order","neutral","low"
"معلش، مش عايز ألغي دلوقتي، بس حابب أعرف الإجراء لو احتجت في انتظار ردكم","cancel_order","neutral","low"
"على فكرة، مش عايز ألغي دلوقتي، بس حابب أعرف الإجراء لو احتجت في انتظار ردكم","cancel_order","neutral","low"
"على فكرة، غيرت رأيي بخصوص الـشاحن، عاوز ألغي الطلب ياريت حد يرد عليا","cancel_order","neutral","medium"
"من فضلك، غيرت رأيي بخصوص الساعة الذكية، عاوز ألغي الطلب ياريت حد يرد عليا","cancel_order","neutral","medium"
"معلش، غيرت رأيي بخصوص الـماوس، عايز ألغي الطلب","cancel_order","neutral","medium"
"طب غيرت رأيي بخصوص الـلابتوب، عاوز ألغي الطلب برجاء الإفادة","cancel_order","neutral","medium"
"على فكرة، غيرت رأيي بخصوص الـتابلت، عاوز ألغي الطلب برجاء الإفادة","cancel_order","neutral","medium"
"لو سمحت، غيرت رأيي بخصوص الـهيدفون، عايز ألغي الطلب ياريت حد يرد عليا","cancel_order","neutral","medium"
"من فضلك، غيرت رأيي بخصوص الـهيدفون، عايز ألغي الطلب","cancel_order","neutral","medium"
"من فضلك، غيرت رأيي بخصوص الـتابلت، عايز الغي الطلب","cancel_order","neutral","medium"
"غيرت رأيي بخصوص الـموبايل، عاوز ألغي الطلب ياريت حد يرد عليا","cancel_order","neutral","medium"
"بجد غيرت رأيي بخصوص الـشاشة، عايز الغي الطلب وشكراً لتعاونكم","cancel_order","neutral","medium"
"من فضلك، غيرت رأيي بخصوص الـكيبورد، عايز الغي الطلب ياريت حد يرد عليا","cancel_order","neutral","medium"
"معلش، غيرت رأيي بخصوص الـسماعة، عاوز ألغي الطلب","cancel_order","neutral","medium"
"لو سمحت، غيرت رأيي بخصوص الـباور بانك، عايز الغي الطلب برجاء الإفادة","cancel_order","neutral","medium"
"على فكرة، غيرت رأيي بخصوص الـلابتوب، عايز ألغي الطلب في انتظار ردكم","cancel_order","neutral","medium"
"غيرت رأيي بخصوص الـشاحن، عايز ألغي الطلب","cancel_order","neutral","medium"
"لو سمحت، غيرت رأيي بخصوص الـلابتوب، عايز الغي الطلب وشكراً لتعاونكم","cancel_order","neutral","medium"
"على فكرة، غيرت رأيي بخصوص الـكاميرا، عايز ألغي الطلب ياريت حد يرد عليا","cancel_order","neutral","medium"
"من فضلك، غيرت رأيي بخصوص الـشاحن، عايز ألغي الطلب برجاء الإفادة","cancel_order","neutral","medium"
"بجد غيرت رأيي بخصوص الـهيدفون، عاوز ألغي الطلب ياريت حد يرد عليا","cancel_order","neutral","medium"
"من فضلك، لازم إلغاء فوري، الظروف اتغيرت فجأة ياريت حد يرد عليا","cancel_order","negative","high"
"لازم الغاء فوري، الظروف اتغيرت فجأة برجاء الإفادة","cancel_order","negative","high"
"طب لازم إلغاء فوري، الظروف اتغيرت فجأة","cancel_order","negative","high"
"لو سمحت، لازم الغاء فوري، الظروف اتغيرت فجأة ياريت حد يرد عليا","cancel_order","negative","high"
"معلش، لازم إلغاء فوري، الظروف اتغيرت فجأة وشكراً لتعاونكم","cancel_order","negative","high"
"لو سمحت، لازم الغاء فوري، الظروف اتغيرت فجأة","cancel_order","negative","high"
"بجد لازم إلغاء فوري، الظروف اتغيرت فجأة ياريت حد يرد عليا","cancel_order","negative","high"
"من فضلك، لازم إلغاء فوري، الظروف اتغيرت فجأة","cancel_order","negative","high"
"من فضلك، لازم الغاء فوري، الظروف اتغيرت فجأة في انتظار ردكم","cancel_order","negative","high"
"بجد لازم إلغاء فوري، الظروف اتغيرت فجأة وشكراً لتعاونكم","cancel_order","negative","high"
"من فضلك، لازم إلغاء فوري، الظروف اتغيرت فجأة وشكراً لتعاونكم","cancel_order","negative","high"
"لازم إلغاء فوري، الظروف اتغيرت فجأة في انتظار ردكم","cancel_order","negative","high"
"لو سمحت، سؤال عادي، الإلغاء بياخد وقت قد ايه؟","cancel_order","neutral","low"
"سؤال عادي، الالغاء بياخد وقت قد ايه؟ برجاء الإفادة","cancel_order","neutral","low"
"لو سمحت، سؤال عادي، الالغاء بياخد وقت قد ايه؟ في انتظار ردكم","cancel_order","neutral","low"
"من فضلك، سؤال عادي، الالغاء بياخد وقت قد ايه؟ برجاء الإفادة","cancel_order","neutral","low"
"معلش، سؤال عادي، الالغاء بياخد وقت قد ايه؟ وشكراً لتعاونكم","cancel_order","neutral","low"
"طب سؤال عادي، الالغاء بياخد وقت قد ايه؟ ياريت حد يرد عليا","cancel_order","neutral","low"
"لو سمحت، سؤال عادي، الإلغاء بياخد وقت قد ايه؟ ياريت حد يرد عليا","cancel_order","neutral","low"
"لو سمحت، سؤال عادي، الالغاء بياخد وقت قد ايه؟ برجاء الإفادة","cancel_order","neutral","low"
"معلش، سؤال عادي، الإلغاء بياخد وقت قد ايه؟","cancel_order","neutral","low"
"سؤال عادي، الالغاء بياخد وقت قد ايه؟ في انتظار ردكم","cancel_order","neutral","low"
"على فكرة، سؤال عادي، الالغاء بياخد وقت قد ايه؟","cancel_order","neutral","low"
"طب سؤال عادي، الالغاء بياخد وقت قد ايه؟ في انتظار ردكم","cancel_order","neutral","low"
"على فكرة، عاوز أوقف عملية الشحن وألغي الطلب برجاء الإفادة","cancel_order","neutral","medium"
"عايز أوقف عملية الشحن والغي الطلب وشكراً لتعاونكم","cancel_order","neutral","medium"
"لو سمحت، عاوز أوقف عملية الشحن وألغي الطلب وشكراً لتعاونكم","cancel_order","neutral","medium"
"على فكرة، عايز أوقف عملية الشحن وألغي الطلب في انتظار ردكم","cancel_order","neutral","medium"
"معلش، عايز أوقف عملية الشحن والغي الطلب وشكراً لتعاونكم","cancel_order","neutral","medium"
"بجد عايز أوقف عملية الشحن وألغي الطلب ياريت حد يرد عليا","cancel_order","neutral","medium"
"معلش، عايز أوقف عملية الشحن وألغي الطلب في انتظار ردكم","cancel_order","neutral","medium"
"طب عاوز أوقف عملية الشحن وألغي الطلب وشكراً لتعاونكم","cancel_order","neutral","medium"
"من فضلك، عايز أوقف عملية الشحن وألغي الطلب وشكراً لتعاونكم","cancel_order","neutral","medium"
"معلش، عايز أوقف عملية الشحن والغي الطلب برجاء الإفادة","cancel_order","neutral","medium"
"عايز أوقف عملية الشحن وألغي الطلب","cancel_order","neutral","medium"
"من فضلك، عايز أوقف عملية الشحن والغي الطلب","cancel_order","neutral","medium"
"بجد عايز ألغي الشراء بتاع الـشاشة برجاء الإفادة","cancel_order","neutral","medium"
"من فضلك، عاوز ألغي الشراء بتاع الـشاحن ياريت حد يرد عليا","cancel_order","neutral","medium"
"على فكرة، عايز ألغي الشراء بتاع الـماوس","cancel_order","neutral","medium"
"بجد عايز ألغي الشراء بتاع الـتابلت ياريت حد يرد عليا","cancel_order","neutral","medium"
"من فضلك، عاوز ألغي الشراء بتاع الـكيبورد في انتظار ردكم","cancel_order","neutral","medium"
"عايز ألغي الشراء بتاع الـكيبورد","cancel_order","neutral","medium"
"من فضلك، عاوز ألغي الشراء بتاع الـهيدفون وشكراً لتعاونكم","cancel_order","neutral","medium"
"طب عاوز ألغي الشراء بتاع الـباور بانك","cancel_order","neutral","medium"
"على فكرة، عاوز ألغي الشراء بتاع الـتابلت","cancel_order","neutral","medium"
"عايز الغي الشراء بتاع الـماوس ياريت حد يرد عليا","cancel_order","neutral","medium"
"على فكرة، عايز الغي الشراء بتاع الـشاشة ياريت حد يرد عليا","cancel_order","neutral","medium"
"على فكرة، عايز ألغي الشراء بتاع الـلابتوب وشكراً لتعاونكم","cancel_order","neutral","medium"
"لو سمحت، عايز ألغي الشراء بتاع الـلابتوب","cancel_order","neutral","medium"
"لو سمحت، عايز ألغي الشراء بتاع الـسماعة برجاء الإفادة","cancel_order","neutral","medium"
"لو سمحت، عاوز ألغي الشراء بتاع الـماوس","cancel_order","neutral","medium"
"معلش، عايز ألغي الشراء بتاع الـموبايل وشكراً لتعاونكم","cancel_order","neutral","medium"
"طب عايز ألغي الشراء بتاع الـشاحن ياريت حد يرد عليا","cancel_order","neutral","medium"
"معلش، عايز ألغي الشراء بتاع الـهيدفون","cancel_order","neutral","medium"
"من فضلك، عايز ألغي الشراء بتاع الـسماعة برجاء الإفادة","cancel_order","neutral","medium"
"طب عايز ألغي الشراء بتاع الـشاشة في انتظار ردكم","cancel_order","neutral","medium"
"لو سمحت، متشكر جداً لو الالغاء يتم بسرعة وسهولة","cancel_order","positive","medium"
"على فكرة، متشكر جداً لو الإلغاء يتم بسرعة وسهولة ياريت حد يرد عليا","cancel_order","positive","medium"
"من فضلك، متشكر جداً لو الإلغاء يتم بسرعة وسهولة ياريت حد يرد عليا","cancel_order","positive","medium"
"بجد متشكر جداً لو الالغاء يتم بسرعة وسهولة برجاء الإفادة","cancel_order","positive","medium"
"بجد متشكر جداً لو الإلغاء يتم بسرعة وسهولة ياريت حد يرد عليا","cancel_order","positive","medium"
"معلش، متشكر جداً لو الإلغاء يتم بسرعة وسهولة برجاء الإفادة","cancel_order","positive","medium"
"معلش، متشكر جداً لو الالغاء يتم بسرعة وسهولة وشكراً لتعاونكم","cancel_order","positive","medium"
"من فضلك، متشكر جداً لو الالغاء يتم بسرعة وسهولة وشكراً لتعاونكم","cancel_order","positive","medium"
"بجد متشكر جداً لو الإلغاء يتم بسرعة وسهولة وشكراً لتعاونكم","cancel_order","positive","medium"
"متشكر جداً لو الالغاء يتم بسرعة وسهولة","cancel_order","positive","medium"
"معلش، متشكر جداً لو الإلغاء يتم بسرعة وسهولة","cancel_order","positive","medium"
"لو سمحت، متشكر جداً لو الالغاء يتم بسرعة وسهولة ياريت حد يرد عليا","cancel_order","positive","medium"
"لو حبيت ألغي الطلب بعدين، هل ينفع في أي وقت؟ برجاء الإفادة","cancel_order","neutral","low"
"طب لو حبيت الغي الطلب بعدين، هل ينفع في أي وقت؟ في انتظار ردكم","cancel_order","neutral","low"
"من فضلك، لو حبيت ألغي الطلب بعدين، هل ينفع في أي وقت؟ في انتظار ردكم","cancel_order","neutral","low"
"طب لو حبيت ألغي الطلب بعدين، هل ينفع في أي وقت؟ ياريت حد يرد عليا","cancel_order","neutral","low"
"على فكرة، لو حبيت ألغي الطلب بعدين، هل ينفع في أي وقت؟ ياريت حد يرد عليا","cancel_order","neutral","low"
"لو حبيت ألغي الطلب بعدين، هل ينفع في أي وقت؟","cancel_order","neutral","low"
"من فضلك، لو حبيت الغي الطلب بعدين، هل ينفع في أي وقت؟","cancel_order","neutral","low"
"طب لو حبيت الغي الطلب بعدين، هل ينفع في أي وقت؟ برجاء الإفادة","cancel_order","neutral","low"
"بجد لو حبيت ألغي الطلب بعدين، هل ينفع في أي وقت؟","cancel_order","neutral","low"
"معلش، لو حبيت ألغي الطلب بعدين، هل ينفع في أي وقت؟ برجاء الإفادة","cancel_order","neutral","low"
"من فضلك، لو حبيت ألغي الطلب بعدين، هل ينفع في أي وقت؟ برجاء الإفادة","cancel_order","neutral","low"
"لو حبيت ألغي الطلب بعدين، هل ينفع في أي وقت؟ في انتظار ردكم","cancel_order","neutral","low"
"على فكرة، الغوا الطلب ده بسرعة قبل ما يتشحن، الوقت ضيق","cancel_order","negative","high"
"معلش، الغوا الطلب ده بسرعة قبل ما يتشحن، الوقت ضيق وشكراً لتعاونكم","cancel_order","negative","high"
"معلش، الغوا الطلب ده بسرعة قبل ما يتشحن، الوقت ضيق","cancel_order","negative","high"
"لو سمحت، الغوا الطلب ده بسرعة قبل ما يتشحن، الوقت ضيق","cancel_order","negative","high"
"من فضلك، الغوا الطلب ده بسرعة قبل ما يتشحن، الوقت ضيق برجاء الإفادة","cancel_order","negative","high"
"على فكرة، الغوا الطلب ده بسرعة قبل ما يتشحن، الوقت ضيق ياريت حد يرد عليا","cancel_order","negative","high"
"معلش، الغوا الطلب ده بسرعة قبل ما يتشحن، الوقت ضيق ياريت حد يرد عليا","cancel_order","negative","high"
"من فضلك، الغوا الطلب ده بسرعة قبل ما يتشحن، الوقت ضيق وشكراً لتعاونكم","cancel_order","negative","high"
"على فكرة، الغوا الطلب ده بسرعة قبل ما يتشحن، الوقت ضيق برجاء الإفادة","cancel_order","negative","high"
"لو سمحت، الغوا الطلب ده بسرعة قبل ما يتشحن، الوقت ضيق ياريت حد يرد عليا","cancel_order","negative","high"
"الغوا الطلب ده بسرعة قبل ما يتشحن، الوقت ضيق في انتظار ردكم","cancel_order","negative","high"
"لو سمحت، الغوا الطلب ده بسرعة قبل ما يتشحن، الوقت ضيق وشكراً لتعاونكم","cancel_order","negative","high"
"من فضلك، عاوز ألغي الطلب #1003 ياريت حد يرد عليا","cancel_order","neutral","medium"
"على فكرة، عاوز ألغي الطلب #1001 ياريت حد يرد عليا","cancel_order","neutral","medium"
"لو سمحت، عايز ألغي الطلب #1002 ياريت حد يرد عليا","cancel_order","neutral","medium"
"لو سمحت، عايز الغي الطلب #1001 وشكراً لتعاونكم","cancel_order","neutral","medium"
"معلش، عايز ألغي الطلب #1001 ياريت حد يرد عليا","cancel_order","neutral","medium"
"عايز ألغي الطلب #1001","cancel_order","neutral","medium"
"طب عايز الغي الطلب #1002 برجاء الإفادة","cancel_order","neutral","medium"
"من فضلك، عايز الغي الطلب #1002 ياريت حد يرد عليا","cancel_order","neutral","medium"
"معلش، عايز ألغي الطلب #1001","cancel_order","neutral","medium"
"على فكرة، عاوز ألغي الطلب #1002 برجاء الإفادة","cancel_order","neutral","medium"
"بجد عايز ألغي الطلب #1003 وشكراً لتعاونكم","cancel_order","neutral","medium"
"معلش، عاوز ألغي الطلب #1003 في انتظار ردكم","cancel_order","neutral","medium"
"عاوز ألغي الطلب #1003 في انتظار ردكم","cancel_order","neutral","medium"
"معلش، هل ينفع ألغي الطلب دلوقتي؟ وشكراً لتعاونكم","cancel_order","neutral","medium"
"على فكرة، هل ينفع ألغي الطلب دلوقتي؟ ياريت حد يرد عليا","cancel_order","neutral","medium"
"هل ينفع الغي الطلب دلوقتي؟ برجاء الإفادة","cancel_order","neutral","medium"
"هل ينفع الغي الطلب دلوقتي؟ في انتظار ردكم","cancel_order","neutral","medium"
"من فضلك، هل ينفع الغي الطلب دلوقتي؟ وشكراً لتعاونكم","cancel_order","neutral","medium"
"لو سمحت، هل ينفع ألغي الطلب دلوقتي؟ برجاء الإفادة","cancel_order","neutral","medium"
"هل ينفع الغي الطلب دلوقتي؟ وشكراً لتعاونكم","cancel_order","neutral","medium"
"طب هل ينفع الغي الطلب دلوقتي؟ برجاء الإفادة","cancel_order","neutral","medium"
"طب هل ينفع ألغي الطلب دلوقتي؟ في انتظار ردكم","cancel_order","neutral","medium"
"من فضلك، هل ينفع ألغي الطلب دلوقتي؟","cancel_order","neutral","medium"
"بجد هل ينفع الغي الطلب دلوقتي؟ وشكراً لتعاونكم","cancel_order","neutral","medium"
"طب هل ينفع ألغي الطلب دلوقتي؟ وشكراً لتعاونكم","cancel_order","neutral","medium"
"طب عايز ألغي الأوردر #1001 قبل الشحن وشكراً لتعاونكم","cancel_order","neutral","medium"
"معلش، عايز ألغي الأوردر #1002 قبل الشحن في انتظار ردكم","cancel_order","neutral","medium"
"على فكرة، عاوز ألغي الأوردر #1003 قبل الشحن وشكراً لتعاونكم","cancel_order","neutral","medium"
"لو سمحت، عايز ألغي الأوردر #1001 قبل الشحن","cancel_order","neutral","medium"
"عايز ألغي الأوردر #1001 قبل الشحن برجاء الإفادة","cancel_order","neutral","medium"
"لو سمحت، عايز ألغي الأوردر #1003 قبل الشحن برجاء الإفادة","cancel_order","neutral","medium"
"من فضلك، عايز ألغي الاوردر #1002 قبل الشحن وشكراً لتعاونكم","cancel_order","neutral","medium"
"بجد عايز ألغي الأوردر #1001 قبل الشحن وشكراً لتعاونكم","cancel_order","neutral","medium"
"عايز ألغي الأوردر #1001 قبل الشحن","cancel_order","neutral","medium"
"لو سمحت، عايز الغي الأوردر #1002 قبل الشحن في انتظار ردكم","cancel_order","neutral","medium"
"على فكرة، عايز ألغي الاوردر #1001 قبل الشحن في انتظار ردكم","cancel_order","neutral","medium"
"طب عايز ألغي الأوردر #1003 قبل الشحن برجاء الإفادة","cancel_order","neutral","medium"
"على فكرة، عايز ألغي الأوردر #1002 قبل الشحن برجاء الإفادة","cancel_order","neutral","medium"
"طب عاوز ألغي الأوردر #1001 قبل الشحن ياريت حد يرد عليا","cancel_order","neutral","medium"
"لو سمحت، عايز أكنسل الطلب لو سمحت","cancel_order","neutral","medium"
"طب عاوز أكنسل الطلب لو سمحت وشكراً لتعاونكم","cancel_order","neutral","medium"
"على فكرة، عاوز أكنسل الطلب لو سمحت برجاء الإفادة","cancel_order","neutral","medium"
"عاوز أكنسل الطلب لو سمحت","cancel_order","neutral","medium"
"معلش، عايز أكنسل الطلب لو سمحت وشكراً لتعاونكم","cancel_order","neutral","medium"
"بجد عاوز أكنسل الطلب لو سمحت","cancel_order","neutral","medium"
"لو سمحت، عايز أكنسل الطلب لو سمحت ياريت حد يرد عليا","cancel_order","neutral","medium"
"على فكرة، عايز أكنسل الطلب لو سمحت","cancel_order","neutral","medium"
"من فضلك، عاوز أكنسل الطلب لو سمحت ياريت حد يرد عليا","cancel_order","neutral","medium"
"عايز أكنسل الطلب لو سمحت برجاء الإفادة","cancel_order","neutral","medium"
"لو سمحت، عاوز أكنسل الطلب لو سمحت برجاء الإفادة","cancel_order","neutral","medium"
"عايز أكنسل الطلب لو سمحت وشكراً لتعاونكم","cancel_order","neutral","medium"
"من فضلك، مجرد سؤال، فيه حد بيلغي الطلب بعد الشحن؟ برجاء الإفادة","cancel_order","neutral","low"
"لو سمحت، مجرد سؤال، فيه حد بيلغي الطلب بعد الشحن؟ في انتظار ردكم","cancel_order","neutral","low"
"من فضلك، مجرد سؤال، فيه حد بيلغي الطلب بعد الشحن؟","cancel_order","neutral","low"
"لو سمحت، مجرد سؤال، فيه حد بيلغي الطلب بعد الشحن؟ وشكراً لتعاونكم","cancel_order","neutral","low"
"من فضلك، مجرد سؤال، فيه حد بيلغي الطلب بعد الشحن؟ في انتظار ردكم","cancel_order","neutral","low"
"على فكرة، مجرد سؤال، فيه حد بيلغي الطلب بعد الشحن؟ وشكراً لتعاونكم","cancel_order","neutral","low"
"من فضلك، مجرد سؤال، فيه حد بيلغي الطلب بعد الشحن؟ ياريت حد يرد عليا","cancel_order","neutral","low"
"طب مجرد سؤال، فيه حد بيلغي الطلب بعد الشحن؟ وشكراً لتعاونكم","cancel_order","neutral","low"
"بجد مجرد سؤال، فيه حد بيلغي الطلب بعد الشحن؟ برجاء الإفادة","cancel_order","neutral","low"
"لو سمحت، مجرد سؤال، فيه حد بيلغي الطلب بعد الشحن؟ برجاء الإفادة","cancel_order","neutral","low"
"معلش، مجرد سؤال، فيه حد بيلغي الطلب بعد الشحن؟ برجاء الإفادة","cancel_order","neutral","low"
"مجرد سؤال، فيه حد بيلغي الطلب بعد الشحن؟ وشكراً لتعاونكم","cancel_order","neutral","low"
"على فكرة، فقط للعلم، إزاي بتتم عملية الغاء الطلب؟ ياريت حد يرد عليا","cancel_order","neutral","low"
"بجد فقط للعلم، ازاي بتتم عملية إلغاء الطلب؟","cancel_order","neutral","low"
"فقط للعلم، إزاي بتتم عملية إلغاء الطلب؟ في انتظار ردكم","cancel_order","neutral","low"
"على فكرة، فقط للعلم، إزاي بتتم عملية إلغاء الطلب؟ برجاء الإفادة","cancel_order","neutral","low"
"فقط للعلم، إزاي بتتم عملية إلغاء الطلب؟ وشكراً لتعاونكم","cancel_order","neutral","low"
"بجد فقط للعلم، إزاي بتتم عملية الغاء الطلب؟ في انتظار ردكم","cancel_order","neutral","low"
"على فكرة، فقط للعلم، إزاي بتتم عملية إلغاء الطلب؟ وشكراً لتعاونكم","cancel_order","neutral","low"
"من فضلك، فقط للعلم، إزاي بتتم عملية إلغاء الطلب؟ في انتظار ردكم","cancel_order","neutral","low"
"معلش، فقط للعلم، إزاي بتتم عملية إلغاء الطلب؟","cancel_order","neutral","low"
"من فضلك، فقط للعلم، إزاي بتتم عملية الغاء الطلب؟ وشكراً لتعاونكم","cancel_order","neutral","low"
"طب فقط للعلم، ازاي بتتم عملية إلغاء الطلب؟ برجاء الإفادة","cancel_order","neutral","low"
"طب فقط للعلم، إزاي بتتم عملية الغاء الطلب؟","cancel_order","neutral","low"
"معلش، عايز اوقف الطلب قبل ما يتشحن وشكراً لتعاونكم","cancel_order","neutral","medium"
"من فضلك، عايز اوقف الطلب قبل ما يتشحن وشكراً لتعاونكم","cancel_order","neutral","medium"
"لو سمحت، عاوز اوقف الطلب قبل ما يتشحن","cancel_order","neutral","medium"
"بجد عاوز اوقف الطلب قبل ما يتشحن","cancel_order","neutral","medium"
"بجد عاوز اوقف الطلب قبل ما يتشحن وشكراً لتعاونكم","cancel_order","neutral","medium"
"على فكرة، عاوز اوقف الطلب قبل ما يتشحن برجاء الإفادة","cancel_order","neutral","medium"
"لو سمحت، عاوز اوقف الطلب قبل ما يتشحن في انتظار ردكم","cancel_order","neutral","medium"
"عايز اوقف الطلب قبل ما يتشحن","cancel_order","neutral","medium"
"على فكرة، عايز اوقف الطلب قبل ما يتشحن","cancel_order","neutral","medium"
"عاوز اوقف الطلب قبل ما يتشحن في انتظار ردكم","cancel_order","neutral","medium"
"عاوز اوقف الطلب قبل ما يتشحن ياريت حد يرد عليا","cancel_order","neutral","medium"
"على فكرة، عايز اوقف الطلب قبل ما يتشحن وشكراً لتعاونكم","cancel_order","neutral","medium"
"طب الغوا الطلب فوراً، مش عاوز أي تأخير ياريت حد يرد عليا","cancel_order","negative","high"
"بجد الغوا الطلب فوراً، مش عاوز أي تأخير برجاء الإفادة","cancel_order","negative","high"
"لو سمحت، الغوا الطلب فوراً، مش عايز أي تأخير برجاء الإفادة","cancel_order","negative","high"
"معلش، الغوا الطلب فوراً، مش عاوز أي تأخير في انتظار ردكم","cancel_order","negative","high"
"معلش، الغوا الطلب فوراً، مش عاوز أي تأخير","cancel_order","negative","high"
"من فضلك، الغوا الطلب فوراً، مش عاوز أي تأخير","cancel_order","negative","high"
"معلش، الغوا الطلب فوراً، مش عاوز أي تأخير وشكراً لتعاونكم","cancel_order","negative","high"
"طب الغوا الطلب فوراً، مش عاوز أي تأخير برجاء الإفادة","cancel_order","negative","high"
"بجد الغوا الطلب فوراً، مش عاوز أي تأخير في انتظار ردكم","cancel_order","negative","high"
"الغوا الطلب فوراً، مش عاوز أي تأخير في انتظار ردكم","cancel_order","negative","high"
"على فكرة، الغوا الطلب فوراً، مش عايز أي تأخير","cancel_order","negative","high"
"من فضلك، الغوا الطلب فوراً، مش عاوز أي تأخير برجاء الإفادة","cancel_order","negative","high"
"بجد ينفع الغي نص الطلب بس؟ ياريت حد يرد عليا","cancel_order","neutral","medium"
"من فضلك، ينفع الغي نص الطلب بس؟","cancel_order","neutral","medium"
"لو سمحت، ينفع الغي نص الطلب بس؟ برجاء الإفادة","cancel_order","neutral","medium"
"ينفع الغي نص الطلب بس؟ برجاء الإفادة","cancel_order","neutral","medium"
"لو سمحت، ينفع الغي نص الطلب بس؟ وشكراً لتعاونكم","cancel_order","neutral","medium"
"طب ينفع الغي نص الطلب بس؟ برجاء الإفادة","cancel_order","neutral","medium"
"طب ينفع ألغي نص الطلب بس؟ وشكراً لتعاونكم","cancel_order","neutral","medium"
"من فضلك، ينفع ألغي نص الطلب بس؟ ياريت حد يرد عليا","cancel_order","neutral","medium"
"من فضلك، ينفع الغي نص الطلب بس؟ وشكراً لتعاونكم","cancel_order","neutral","medium"
"ينفع ألغي نص الطلب بس؟ ياريت حد يرد عليا","cancel_order","neutral","medium"
"ينفع الغي نص الطلب بس؟ وشكراً لتعاونكم","cancel_order","neutral","medium"
"بجد ينفع الغي نص الطلب بس؟ وشكراً لتعاونكم","cancel_order","neutral","medium"
"من فضلك، ممكن تتم عملية الإلغاء للطلب #1002؟","cancel_order","neutral","medium"
"لو سمحت، ممكن تتم عملية الإلغاء للطلب #1001؟ وشكراً لتعاونكم","cancel_order","neutral","medium"
"من فضلك، ممكن تتم عملية الإلغاء للطلب #1003؟ في انتظار ردكم","cancel_order","neutral","medium"
"من فضلك، ممكن تتم عملية الإلغاء للطلب #1001؟ ياريت حد يرد عليا","cancel_order","neutral","medium"
"ممكن تتم عملية الإلغاء للطلب #1001؟","cancel_order","neutral","medium"
"طب ممكن تتم عملية الإلغاء للطلب #1003؟","cancel_order","neutral","medium"
"ممكن تتم عملية الإلغاء للطلب #1002؟ في انتظار ردكم","cancel_order","neutral","medium"
"ممكن تتم عملية الالغاء للطلب #1001؟ وشكراً لتعاونكم","cancel_order","neutral","medium"
"ممكن تتم عملية الالغاء للطلب #1003؟ ياريت حد يرد عليا","cancel_order","neutral","medium"
"بجد ممكن تتم عملية الالغاء للطلب #1002؟ برجاء الإفادة","cancel_order","neutral","medium"
"على فكرة، ممكن تتم عملية الإلغاء للطلب #1003؟ ياريت حد يرد عليا","cancel_order","neutral","medium"
"بجد ممكن تتم عملية الإلغاء للطلب #1003؟ وشكراً لتعاونكم","cancel_order","neutral","medium"
"بجد زهقت، عايز الغاء الطلب فوراً","cancel_order","negative","high"
"بجد زهقت، عايز إلغاء الطلب فوراً وشكراً لتعاونكم","cancel_order","negative","high"
"بجد زهقت، عاوز إلغاء الطلب فوراً في انتظار ردكم","cancel_order","negative","high"
"طب زهقت، عايز الغاء الطلب فوراً في انتظار ردكم","cancel_order","negative","high"
"لو سمحت، زهقت، عايز إلغاء الطلب فوراً","cancel_order","negative","high"
"من فضلك، زهقت، عايز إلغاء الطلب فوراً في انتظار ردكم","cancel_order","negative","high"
"معلش، زهقت، عاوز إلغاء الطلب فوراً ياريت حد يرد عليا","cancel_order","negative","high"
"معلش، زهقت، عايز إلغاء الطلب فوراً برجاء الإفادة","cancel_order","negative","high"
"طب زهقت، عاوز إلغاء الطلب فوراً ياريت حد يرد عليا","cancel_order","negative","high"
"معلش، زهقت، عايز إلغاء الطلب فوراً في انتظار ردكم","cancel_order","negative","high"
"لو سمحت، زهقت، عايز الغاء الطلب فوراً برجاء الإفادة","cancel_order","negative","high"
"على فكرة، زهقت، عايز إلغاء الطلب فوراً في انتظار ردكم","cancel_order","negative","high"
"طب لو ملغتموش دلوقتي هبقى في مشكلة كبيرة في انتظار ردكم","cancel_order","negative","high"
"طب لو ملغتموش دلوقتي هبقى في مشكلة كبيرة وشكراً لتعاونكم","cancel_order","negative","high"
"على فكرة، لو ملغتموش دلوقتي هبقى في مشكلة كبيرة في انتظار ردكم","cancel_order","negative","high"
"بجد لو ملغتموش دلوقتي هبقى في مشكلة كبيرة","cancel_order","negative","high"
"من فضلك، لو ملغتموش دلوقتي هبقى في مشكلة كبيرة برجاء الإفادة","cancel_order","negative","high"
"لو ملغتموش دلوقتي هبقى في مشكلة كبيرة","cancel_order","negative","high"
"معلش، لو ملغتموش دلوقتي هبقى في مشكلة كبيرة برجاء الإفادة","cancel_order","negative","high"
"على فكرة، لو ملغتموش دلوقتي هبقى في مشكلة كبيرة وشكراً لتعاونكم","cancel_order","negative","high"
"من فضلك، لو ملغتموش دلوقتي هبقى في مشكلة كبيرة","cancel_order","negative","high"
"لو سمحت، لو ملغتموش دلوقتي هبقى في مشكلة كبيرة ياريت حد يرد عليا","cancel_order","negative","high"
"لو سمحت، لو ملغتموش دلوقتي هبقى في مشكلة كبيرة","cancel_order","negative","high"
"بجد لو ملغتموش دلوقتي هبقى في مشكلة كبيرة ياريت حد يرد عليا","cancel_order","negative","high"
"معلش، عايز إلغاء فوري وإلا هعمل مشكلة","cancel_order","negative","high"
"عايز إلغاء فوري وإلا هعمل مشكلة برجاء الإفادة","cancel_order","negative","high"
"بجد عاوز إلغاء فوري وإلا هعمل مشكلة","cancel_order","negative","high"
"لو سمحت، عايز إلغاء فوري وإلا هعمل مشكلة ياريت حد يرد عليا","cancel_order","negative","high"
"طب عايز الغاء فوري وإلا هعمل مشكلة","cancel_order","negative","high"
"عاوز إلغاء فوري وإلا هعمل مشكلة ياريت حد يرد عليا","cancel_order","negative","high"
"لو سمحت، عايز إلغاء فوري وإلا هعمل مشكلة","cancel_order","negative","high"
"معلش، عايز إلغاء فوري وإلا هعمل مشكلة في انتظار ردكم","cancel_order","negative","high"
"من فضلك، عاوز إلغاء فوري وإلا هعمل مشكلة برجاء الإفادة","cancel_order","negative","high"
"من فضلك، عاوز إلغاء فوري وإلا هعمل مشكلة في انتظار ردكم","cancel_order","negative","high"
"من فضلك، عايز الغاء فوري وإلا هعمل مشكلة وشكراً لتعاونكم","cancel_order","negative","high"
"بجد عايز الغاء فوري وإلا هعمل مشكلة وشكراً لتعاونكم","cancel_order","negative","high"
"معلش، تمام، عايز ألغي الطلب وربنا يخليكم ياريت حد يرد عليا","cancel_order","positive","medium"
"بجد تمام، عاوز ألغي الطلب وربنا يخليكم وشكراً لتعاونكم","cancel_order","positive","medium"
"على فكرة، تمام، عايز ألغي الطلب وربنا يخليكم في انتظار ردكم","cancel_order","positive","medium"
"لو سمحت، تمام، عايز ألغي الطلب وربنا يخليكم","cancel_order","positive","medium"
"من فضلك، تمام، عايز ألغي الطلب وربنا يخليكم","cancel_order","positive","medium"
"طب تمام، عاوز ألغي الطلب وربنا يخليكم في انتظار ردكم","cancel_order","positive","medium"
"على فكرة، تمام، عايز ألغي الطلب وربنا يخليكم","cancel_order","positive","medium"
"بجد تمام، عاوز ألغي الطلب وربنا يخليكم","cancel_order","positive","medium"
"تمام، عايز ألغي الطلب وربنا يخليكم","cancel_order","positive","medium"
"لو سمحت، تمام، عايز ألغي الطلب وربنا يخليكم برجاء الإفادة","cancel_order","positive","medium"
"على فكرة، تمام، عاوز ألغي الطلب وربنا يخليكم برجاء الإفادة","cancel_order","positive","medium"
"لو سمحت، تمام، عاوز ألغي الطلب وربنا يخليكم ياريت حد يرد عليا","cancel_order","positive","medium"
"معلش، مفيش داعي للاستعجال، بس عاوز أفهم طريقة الإلغاء في انتظار ردكم","cancel_order","neutral","low"
"بجد مفيش داعي للاستعجال، بس عاوز أفهم طريقة الإلغاء ياريت حد يرد عليا","cancel_order","neutral","low"
"لو سمحت، مفيش داعي للاستعجال، بس عايز أفهم طريقة الالغاء","cancel_order","neutral","low"
"على فكرة، مفيش داعي للاستعجال، بس عاوز أفهم طريقة الإلغاء في انتظار ردكم","cancel_order","neutral","low"
"مفيش داعي للاستعجال، بس عايز أفهم طريقة الالغاء في انتظار ردكم","cancel_order","neutral","low"
"من فضلك، مفيش داعي للاستعجال، بس عايز أفهم طريقة الإلغاء ياريت حد يرد عليا","cancel_order","neutral","low"
"مفيش داعي للاستعجال، بس عايز أفهم طريقة الإلغاء ياريت حد يرد عليا","cancel_order","neutral","low"
"من فضلك، مفيش داعي للاستعجال، بس عايز أفهم طريقة الإلغاء","cancel_order","neutral","low"
"طب مفيش داعي للاستعجال، بس عايز أفهم طريقة الإلغاء","cancel_order","neutral","low"
"بجد مفيش داعي للاستعجال، بس عاوز أفهم طريقة الإلغاء","cancel_order","neutral","low"
"مفيش داعي للاستعجال، بس عايز أفهم طريقة الالغاء برجاء الإفادة","cancel_order","neutral","low"
"على فكرة، مفيش داعي للاستعجال، بس عايز أفهم طريقة الإلغاء وشكراً لتعاونكم","cancel_order","neutral","low"
"على فكرة، مش قررت لسه بس عايز أعرف امتى آخر ميعاد للإلغاء وشكراً لتعاونكم","cancel_order","neutral","low"
"لو سمحت، مش قررت لسه بس عايز أعرف امتى آخر ميعاد للإلغاء وشكراً لتعاونكم","cancel_order","neutral","low"
"طب مش قررت لسه بس عايز أعرف امتى آخر ميعاد للالغاء ياريت حد يرد عليا","cancel_order","neutral","low"
"لو سمحت، مش قررت لسه بس عايز أعرف امتى آخر ميعاد للإلغاء برجاء الإفادة","cancel_order","neutral","low"
"من فضلك، مش قررت لسه بس عايز أعرف امتى آخر ميعاد للالغاء ياريت حد يرد عليا","cancel_order","neutral","low"
"على فكرة، مش قررت لسه بس عايز أعرف امتى آخر ميعاد للالغاء في انتظار ردكم","cancel_order","neutral","low"
"من فضلك، مش قررت لسه بس عاوز أعرف امتى آخر ميعاد للإلغاء في انتظار ردكم","cancel_order","neutral","low"
"مش قررت لسا بس عايز أعرف امتى آخر ميعاد للإلغاء","cancel_order","neutral","low"
"من فضلك، مش قررت لسا بس عايز أعرف امتى آخر ميعاد للإلغاء","cancel_order","neutral","low"
"بجد مش قررت لسه بس عايز أعرف امتى آخر ميعاد للالغاء","cancel_order","neutral","low"
"بجد مش قررت لسه بس عاوز أعرف امتى آخر ميعاد للإلغاء برجاء الإفادة","cancel_order","neutral","low"
"مش قررت لسه بس عايز أعرف امتى آخر ميعاد للالغاء ياريت حد يرد عليا","cancel_order","neutral","low"
"لو سمحت، لازم يتلغي الاوردر النهاردة مش بكرة","cancel_order","negative","high"
"لازم يتلغي الاوردر النهاردة مش بكرة وشكراً لتعاونكم","cancel_order","negative","high"
"على فكرة، لازم يتلغي الأوردر النهاردة مش بكرة برجاء الإفادة","cancel_order","negative","high"
"بجد لازم يتلغي الأوردر النهاردة مش بكرة","cancel_order","negative","high"
"لو سمحت، لازم يتلغي الاوردر النهاردة مش بكرة برجاء الإفادة","cancel_order","negative","high"
"بجد لازم يتلغي الاوردر النهاردة مش بكرة ياريت حد يرد عليا","cancel_order","negative","high"
"طب لازم يتلغي الأوردر النهاردة مش بكرة في انتظار ردكم","cancel_order","negative","high"
"لازم يتلغي الأوردر النهاردة مش بكرة","cancel_order","negative","high"
"معلش، لازم يتلغي الاوردر النهاردة مش بكرة وشكراً لتعاونكم","cancel_order","negative","high"
"لازم يتلغي الاوردر النهاردة مش بكرة ياريت حد يرد عليا","cancel_order","negative","high"
"من فضلك، لازم يتلغي الاوردر النهاردة مش بكرة ياريت حد يرد عليا","cancel_order","negative","high"
"معلش، لازم يتلغي الاوردر النهاردة مش بكرة ياريت حد يرد عليا","cancel_order","negative","high"
"على فكرة، عاوز ألغي الطلب لأني مش محتاج الساعة الذكية تاني ياريت حد يرد عليا","cancel_order","neutral","medium"
"معلش، عايز الغي الطلب لأني مش محتاج الـباور بانك تاني وشكراً لتعاونكم","cancel_order","neutral","medium"
"عاوز ألغي الطلب لأني مش محتاج الـلابتوب تاني ياريت حد يرد عليا","cancel_order","neutral","medium"
"معلش، عايز ألغي الطلب لأني مش محتاج الـتابلت تاني","cancel_order","neutral","medium"
"بجد عايز ألغي الطلب لأني مش محتاج الـموبايل تاني في انتظار ردكم","cancel_order","neutral","medium"
"من فضلك، عايز ألغي الطلب لأني مش محتاج الـهيدفون تاني ياريت حد يرد عليا","cancel_order","neutral","medium"
"على فكرة، عايز الغي الطلب لأني مش محتاج الـهيدفون تاني برجاء الإفادة","cancel_order","neutral","medium"
"عايز ألغي الطلب لأني مش محتاج الـماوس تاني وشكراً لتعاونكم","cancel_order","neutral","medium"
"طب عاوز ألغي الطلب لأني مش محتاج الـشاحن تاني","cancel_order","neutral","medium"
"بجد عاوز ألغي الطلب لأني مش محتاج الـسماعة تاني وشكراً لتعاونكم","cancel_order","neutral","medium"
"بجد عايز ألغي الطلب لأني مش محتاج الـموبايل تاني وشكراً لتعاونكم","cancel_order","neutral","medium"
"بجد عايز الغي الطلب لأني مش محتاج الـشاحن تاني برجاء الإفادة","cancel_order","neutral","medium"
"من فضلك، عايز ألغي الطلب لأني مش محتاج الساعة الذكية تاني وشكراً لتعاونكم","cancel_order","neutral","medium"
"عايز ألغي الطلب لأني مش محتاج الـهيدفون تاني","cancel_order","neutral","medium"
"معلش، عاوز ألغي الطلب لأني مش محتاج الـموبايل تاني","cancel_order","neutral","medium"
"من فضلك، عاوز ألغي الطلب لأني مش محتاج الـتابلت تاني","cancel_order","neutral","medium"
"من فضلك، عايز الغي الطلب لأني مش محتاج الـسماعة تاني وشكراً لتعاونكم","cancel_order","neutral","medium"
"من فضلك، عاوز ألغي الطلب لأني مش محتاج الـموبايل تاني ياريت حد يرد عليا","cancel_order","neutral","medium"
"لو سمحت، عاوز ألغي الطلب لأني مش محتاج الـهيدفون تاني","cancel_order","neutral","medium"
"لو غيرت رأيي بعدين، ينفع الغي وقتها؟ ياريت حد يرد عليا","cancel_order","neutral","low"
"من فضلك، لو غيرت رأيي بعدين، ينفع ألغي وقتها؟","cancel_order","neutral","low"
"طب لو غيرت رأيي بعدين، ينفع الغي وقتها؟ برجاء الإفادة","cancel_order","neutral","low"
"معلش، لو غيرت رأيي بعدين، ينفع الغي وقتها؟","cancel_order","neutral","low"
"على فكرة، لو غيرت رأيي بعدين، ينفع الغي وقتها؟ في انتظار ردكم","cancel_order","neutral","low"
"على فكرة، لو غيرت رأيي بعدين، ينفع الغي وقتها؟","cancel_order","neutral","low"
"من فضلك، لو غيرت رأيي بعدين، ينفع ألغي وقتها؟ وشكراً لتعاونكم","cancel_order","neutral","low"
"من فضلك، لو غيرت رأيي بعدين، ينفع الغي وقتها؟ ياريت حد يرد عليا","cancel_order","neutral","low"
"بجد لو غيرت رأيي بعدين، ينفع ألغي وقتها؟ ياريت حد يرد عليا","cancel_order","neutral","low"
"طب لو غيرت رأيي بعدين، ينفع ألغي وقتها؟","cancel_order","neutral","low"
"طب لو غيرت رأيي بعدين، ينفع الغي وقتها؟ وشكراً لتعاونكم","cancel_order","neutral","low"
"لو غيرت رأيي بعدين، ينفع الغي وقتها؟ في انتظار ردكم","cancel_order","neutral","low"
"طب لو الطلب اتشحن أصلاً، ينفع الغيه ولا لأ؟ وشكراً لتعاونكم","cancel_order","neutral","low"
"لو الطلب اتشحن أصلاً، ينفع الغيه ولا لأ؟ في انتظار ردكم","cancel_order","neutral","low"
"بجد لو الطلب اتشحن أصلاً، ينفع الغيه ولا لأ؟ في انتظار ردكم","cancel_order","neutral","low"
"من فضلك، لو الطلب اتشحن أصلاً، ينفع ألغيه ولا لأ؟ ياريت حد يرد عليا","cancel_order","neutral","low"
"على فكرة، لو الطلب اتشحن أصلاً، ينفع الغيه ولا لأ؟ وشكراً لتعاونكم","cancel_order","neutral","low"
"لو سمحت، لو الطلب اتشحن أصلاً، ينفع ألغيه ولا لأ؟","cancel_order","neutral","low"
"معلش، لو الطلب اتشحن أصلاً، ينفع الغيه ولا لأ؟ وشكراً لتعاونكم","cancel_order","neutral","low"
"على فكرة، لو الطلب اتشحن أصلاً، ينفع الغيه ولا لأ؟","cancel_order","neutral","low"
"لو سمحت، لو الطلب اتشحن أصلاً، ينفع ألغيه ولا لأ؟ وشكراً لتعاونكم","cancel_order","neutral","low"
"بجد لو الطلب اتشحن أصلاً، ينفع ألغيه ولا لأ؟ برجاء الإفادة","cancel_order","neutral","low"
"لو سمحت، لو الطلب اتشحن أصلاً، ينفع ألغيه ولا لأ؟ في انتظار ردكم","cancel_order","neutral","low"
"من فضلك، لو الطلب اتشحن أصلاً، ينفع ألغيه ولا لأ؟ برجاء الإفادة","cancel_order","neutral","low"
"الحمد لله لسه ينفع الغي، شكراً ليكم برجاء الإفادة","cancel_order","positive","medium"
"طب الحمد لله لسه ينفع ألغي، شكراً ليكم وشكراً لتعاونكم","cancel_order","positive","medium"
"لو سمحت، الحمد لله لسه ينفع ألغي، شكراً ليكم وشكراً لتعاونكم","cancel_order","positive","medium"
"من فضلك، الحمد لله لسه ينفع ألغي، شكراً ليكم","cancel_order","positive","medium"
"بجد الحمد لله لسه ينفع ألغي، شكراً ليكم وشكراً لتعاونكم","cancel_order","positive","medium"
"على فكرة، الحمد لله لسه ينفع ألغي، شكراً ليكم","cancel_order","positive","medium"
"معلش، الحمد لله لسا ينفع ألغي، شكراً ليكم وشكراً لتعاونكم","cancel_order","positive","medium"
"لو سمحت، الحمد لله لسه ينفع ألغي، شكراً ليكم","cancel_order","positive","medium"
"من فضلك، الحمد لله لسا ينفع ألغي، شكراً ليكم وشكراً لتعاونكم","cancel_order","positive","medium"
"الحمد لله لسه ينفع ألغي، شكراً ليكم وشكراً لتعاونكم","cancel_order","positive","medium"
"بجد الحمد لله لسه ينفع ألغي، شكراً ليكم","cancel_order","positive","medium"
"لو سمحت، الحمد لله لسه ينفع ألغي، شكراً ليكم برجاء الإفادة","cancel_order","positive","medium"
"بجد لو الطلب مش هيتلغي دلوقتي هرفض استلامه برجاء الإفادة","cancel_order","negative","high"
"لو الطلب مش هيتلغي دلوقتي هرفض استلامه وشكراً لتعاونكم","cancel_order","negative","high"
"من فضلك، لو الطلب مش هيتلغي دلوقتي هرفض استلامه ياريت حد يرد عليا","cancel_order","negative","high"
"لو الطلب مش هيتلغي دلوقتي هرفض استلامه ياريت حد يرد عليا","cancel_order","negative","high"
"لو الطلب مش هيتلغي دلوقتي هرفض استلامه","cancel_order","negative","high"
"طب لو الطلب مش هيتلغي دلوقتي هرفض استلامه ياريت حد يرد عليا","cancel_order","negative","high"
"طب لو الطلب مش هيتلغي دلوقتي هرفض استلامه وشكراً لتعاونكم","cancel_order","negative","high"
"معلش، لو الطلب مش هيتلغي دلوقتي هرفض استلامه ياريت حد يرد عليا","cancel_order","negative","high"
"لو سمحت، لو الطلب مش هيتلغي دلوقتي هرفض استلامه وشكراً لتعاونكم","cancel_order","negative","high"
"طب لو الطلب مش هيتلغي دلوقتي هرفض استلامه","cancel_order","negative","high"
"على فكرة، لو الطلب مش هيتلغي دلوقتي هرفض استلامه برجاء الإفادة","cancel_order","negative","high"
"لو الطلب مش هيتلغي دلوقتي هرفض استلامه في انتظار ردكم","cancel_order","negative","high"
"من فضلك، ممكن إلغاء الطلب من التطبيق ولا لازم منكم؟ ياريت حد يرد عليا","cancel_order","neutral","medium"
"معلش، ممكن إلغاء الطلب من التطبيق ولا لازم منكم؟ برجاء الإفادة","cancel_order","neutral","medium"
"طب ممكن إلغاء الطلب من التطبيق ولا لازم منكم؟ برجاء الإفادة","cancel_order","neutral","medium"
"طب ممكن الغاء الطلب من التطبيق ولا لازم منكم؟","cancel_order","neutral","medium"
"لو سمحت، ممكن إلغاء الطلب من التطبيق ولا لازم منكم؟ برجاء الإفادة","cancel_order","neutral","medium"
"ممكن الغاء الطلب من التطبيق ولا لازم منكم؟","cancel_order","neutral","medium"
"لو سمحت، ممكن الغاء الطلب من التطبيق ولا لازم منكم؟ في انتظار ردكم","cancel_order","neutral","medium"
"على فكرة، ممكن الغاء الطلب من التطبيق ولا لازم منكم؟ ياريت حد يرد عليا","cancel_order","neutral","medium"
"طب ممكن الغاء الطلب من التطبيق ولا لازم منكم؟ وشكراً لتعاونكم","cancel_order","neutral","medium"
"بجد ممكن الغاء الطلب من التطبيق ولا لازم منكم؟ في انتظار ردكم","cancel_order","neutral","medium"
"على فكرة، ممكن الغاء الطلب من التطبيق ولا لازم منكم؟","cancel_order","neutral","medium"
"معلش، ممكن إلغاء الطلب من التطبيق ولا لازم منكم؟ ياريت حد يرد عليا","cancel_order","neutral","medium"
"طب هل الإلغاء متاح للطلب اللي لسه في المعالجة؟ ياريت حد يرد عليا","cancel_order","neutral","medium"
"لو سمحت، هل الإلغاء متاح للطلب اللي لسه في المعالجة؟","cancel_order","neutral","medium"
"من فضلك، هل الإلغاء متاح للطلب اللي لسه في المعالجة؟ في انتظار ردكم","cancel_order","neutral","medium"
"طب هل الالغاء متاح للطلب اللي لسه في المعالجة؟ في انتظار ردكم","cancel_order","neutral","medium"
"معلش، هل الإلغاء متاح للطلب اللي لسا في المعالجة؟ وشكراً لتعاونكم","cancel_order","neutral","medium"
"لو سمحت، هل الإلغاء متاح للطلب اللي لسه في المعالجة؟ برجاء الإفادة","cancel_order","neutral","medium"
"هل الإلغاء متاح للطلب اللي لسا في المعالجة؟ في انتظار ردكم","cancel_order","neutral","medium"
"على فكرة، هل الإلغاء متاح للطلب اللي لسه في المعالجة؟ برجاء الإفادة","cancel_order","neutral","medium"
"من فضلك، هل الإلغاء متاح للطلب اللي لسا في المعالجة؟ ياريت حد يرد عليا","cancel_order","neutral","medium"
"على فكرة، هل الإلغاء متاح للطلب اللي لسا في المعالجة؟ وشكراً لتعاونكم","cancel_order","neutral","medium"
"على فكرة، هل الالغاء متاح للطلب اللي لسه في المعالجة؟ ياريت حد يرد عليا","cancel_order","neutral","medium"
"هل الإلغاء متاح للطلب اللي لسه في المعالجة؟ برجاء الإفادة","cancel_order","neutral","medium"
"على فكرة، غيرت رأيي، عايز ألغي الأوردر وشكراً لتعاونكم","cancel_order","neutral","medium"
"بجد غيرت رأيي، عاوز ألغي الأوردر وشكراً لتعاونكم","cancel_order","neutral","medium"
"طب غيرت رأيي، عايز ألغي الاوردر برجاء الإفادة","cancel_order","neutral","medium"
"لو سمحت، غيرت رأيي، عاوز ألغي الأوردر ياريت حد يرد عليا","cancel_order","neutral","medium"
"طب غيرت رأيي، عايز ألغي الأوردر","cancel_order","neutral","medium"
"معلش، غيرت رأيي، عايز ألغي الاوردر في انتظار ردكم","cancel_order","neutral","medium"
"على فكرة، غيرت رأيي، عايز ألغي الأوردر برجاء الإفادة","cancel_order","neutral","medium"
"على فكرة، غيرت رأيي، عايز ألغي الاوردر","cancel_order","neutral","medium"
"من فضلك، غيرت رأيي، عاوز ألغي الأوردر في انتظار ردكم","cancel_order","neutral","medium"
"من فضلك، غيرت رأيي، عايز الغي الأوردر وشكراً لتعاونكم","cancel_order","neutral","medium"
"غيرت رأيي، عايز ألغي الاوردر برجاء الإفادة","cancel_order","neutral","medium"
"بجد غيرت رأيي، عايز الغي الأوردر برجاء الإفادة","cancel_order","neutral","medium"
"على فكرة، مش لازم دلوقتي بس هل الالغاء بيتم بسهولة؟ ياريت حد يرد عليا","cancel_order","neutral","low"
"لو سمحت، مش لازم دلوقتي بس هل الالغاء بيتم بسهولة؟ في انتظار ردكم","cancel_order","neutral","low"
"لو سمحت، مش لازم دلوقتي بس هل الإلغاء بيتم بسهولة؟ برجاء الإفادة","cancel_order","neutral","low"
"طب مش لازم دلوقتي بس هل الإلغاء بيتم بسهولة؟ ياريت حد يرد عليا","cancel_order","neutral","low"
"بجد مش لازم دلوقتي بس هل الإلغاء بيتم بسهولة؟","cancel_order","neutral","low"
"لو سمحت، مش لازم دلوقتي بس هل الإلغاء بيتم بسهولة؟ وشكراً لتعاونكم","cancel_order","neutral","low"
"على فكرة، مش لازم دلوقتي بس هل الإلغاء بيتم بسهولة؟ وشكراً لتعاونكم","cancel_order","neutral","low"
"معلش، مش لازم دلوقتي بس هل الإلغاء بيتم بسهولة؟","cancel_order","neutral","low"
"بجد مش لازم دلوقتي بس هل الإلغاء بيتم بسهولة؟ وشكراً لتعاونكم","cancel_order","neutral","low"
"من فضلك، مش لازم دلوقتي بس هل الالغاء بيتم بسهولة؟","cancel_order","neutral","low"
"مش لازم دلوقتي بس هل الالغاء بيتم بسهولة؟ في انتظار ردكم","cancel_order","neutral","low"
"على فكرة، مش لازم دلوقتي بس هل الإلغاء بيتم بسهولة؟","cancel_order","neutral","low"
"بجد تمام كده، عايز بس الغي الطلب وشكراً لتفهمكم في انتظار ردكم","cancel_order","positive","medium"
"تمام كده، عايز بس ألغي الطلب وشكراً لتفهمكم ياريت حد يرد عليا","cancel_order","positive","medium"
"بجد تمام كده، عايز بس ألغي الطلب وشكراً لتفهمكم ياريت حد يرد عليا","cancel_order","positive","medium"
"لو سمحت، تمام كده، عايز بس ألغي الطلب وشكراً لتفهمكم في انتظار ردكم","cancel_order","positive","medium"
"من فضلك، تمام كده، عاوز بس ألغي الطلب وشكراً لتفهمكم برجاء الإفادة","cancel_order","positive","medium"
"بجد تمام كده، عايز بس ألغي الطلب وشكراً لتفهمكم وشكراً لتعاونكم","cancel_order","positive","medium"
"معلش، تمام كده، عايز بس ألغي الطلب وشكراً لتفهمكم وشكراً لتعاونكم","cancel_order","positive","medium"
"طب تمام كده، عايز بس ألغي الطلب وشكراً لتفهمكم في انتظار ردكم","cancel_order","positive","medium"
"معلش، تمام كده، عاوز بس ألغي الطلب وشكراً لتفهمكم برجاء الإفادة","cancel_order","positive","medium"
"بجد تمام كده، عاوز بس ألغي الطلب وشكراً لتفهمكم برجاء الإفادة","cancel_order","positive","medium"
"معلش، تمام كده، عاوز بس ألغي الطلب وشكراً لتفهمكم ياريت حد يرد عليا","cancel_order","positive","medium"
"على فكرة، تمام كده، عايز بس ألغي الطلب وشكراً لتفهمكم ياريت حد يرد عليا","cancel_order","positive","medium"
"على فكرة، عاوز إلغاء فوري للطلب #1001","cancel_order","neutral","medium"
"من فضلك، عايز إلغاء فوري للطلب #1003 ياريت حد يرد عليا","cancel_order","neutral","medium"
"عايز الغاء فوري للطلب #1001 ياريت حد يرد عليا","cancel_order","neutral","medium"
"بجد عاوز إلغاء فوري للطلب #1002 في انتظار ردكم","cancel_order","neutral","medium"
"على فكرة، عايز إلغاء فوري للطلب #1002 وشكراً لتعاونكم","cancel_order","neutral","medium"
"على فكرة، عايز الغاء فوري للطلب #1002","cancel_order","neutral","medium"
"لو سمحت، عايز إلغاء فوري للطلب #1003 وشكراً لتعاونكم","cancel_order","neutral","medium"
"على فكرة، عايز الغاء فوري للطلب #1001 ياريت حد يرد عليا","cancel_order","neutral","medium"
"لو سمحت، عايز إلغاء فوري للطلب #1002","cancel_order","neutral","medium"
"معلش، عاوز إلغاء فوري للطلب #1002 في انتظار ردكم","cancel_order","neutral","medium"
"من فضلك، عاوز إلغاء فوري للطلب #1002","cancel_order","neutral","medium"
"على فكرة، عاوز إلغاء فوري للطلب #1001 برجاء الإفادة","cancel_order","neutral","medium"
"من فضلك، عايز إلغاء فوري للطلب #1001","cancel_order","neutral","medium"
"على فكرة، عايز إلغاء فوري للطلب #1002 في انتظار ردكم","cancel_order","neutral","medium"
"من فضلك، الموضوع مستعجل، عايز ألغي الاوردر حالاً وشكراً لتعاونكم","cancel_order","negative","high"
"لو سمحت، الموضوع مستعجل، عايز الغي الأوردر حالاً ياريت حد يرد عليا","cancel_order","negative","high"
"الموضوع مستعجل، عايز الغي الأوردر حالاً في انتظار ردكم","cancel_order","negative","high"
"بجد الموضوع مستعجل، عاوز ألغي الأوردر حالاً","cancel_order","negative","high"
"معلش، الموضوع مستعجل، عايز ألغي الأوردر حالاً وشكراً لتعاونكم","cancel_order","negative","high"
"معلش، الموضوع مستعجل، عايز ألغي الأوردر حالاً في انتظار ردكم","cancel_order","negative","high"
"بجد الموضوع مستعجل، عايز الغي الأوردر حالاً في انتظار ردكم","cancel_order","negative","high"
"لو سمحت، الموضوع مستعجل، عاوز ألغي الأوردر حالاً برجاء الإفادة","cancel_order","negative","high"
"بجد الموضوع مستعجل، عايز ألغي الاوردر حالاً ياريت حد يرد عليا","cancel_order","negative","high"
"على فكرة، الموضوع مستعجل، عايز ألغي الأوردر حالاً في انتظار ردكم","cancel_order","negative","high"
"لو سمحت، الموضوع مستعجل، عايز الغي الأوردر حالاً","cancel_order","negative","high"
"لو سمحت، الموضوع مستعجل، عايز ألغي الأوردر حالاً وشكراً لتعاونكم","cancel_order","negative","high"
"من فضلك، محتاج تأكيد إلغاء فوري للأوردر #1002","cancel_order","negative","high"
"طب محتاج تأكيد إلغاء فوري للأوردر #1001 في انتظار ردكم","cancel_order","negative","high"
"على فكرة، محتاج تأكيد الغاء فوري للأوردر #1002","cancel_order","negative","high"
"لو سمحت، محتاج تأكيد الغاء فوري للأوردر #1001 في انتظار ردكم","cancel_order","negative","high"
"من فضلك، محتاج تأكيد الغاء فوري للأوردر #1001 وشكراً لتعاونكم","cancel_order","negative","high"
"من فضلك، محتاج تأكيد الغاء فوري للأوردر #1003","cancel_order","negative","high"
"محتاج تأكيد الغاء فوري للأوردر #1002 في انتظار ردكم","cancel_order","negative","high"
"لو سمحت، محتاج تأكيد الغاء فوري للأوردر #1003","cancel_order","negative","high"
"محتاج تأكيد إلغاء فوري للأوردر #1003 برجاء الإفادة","cancel_order","negative","high"
"على فكرة، محتاج تأكيد إلغاء فوري للأوردر #1001 في انتظار ردكم","cancel_order","negative","high"
"محتاج تأكيد الغاء فوري للأوردر #1001 وشكراً لتعاونكم","cancel_order","negative","high"
"معلش، محتاج تأكيد إلغاء فوري للأوردر #1003 ياريت حد يرد عليا","cancel_order","negative","high"
"طب محتاج تأكيد إلغاء فوري للأوردر #1002","cancel_order","negative","high"
"معلش، عايز ألغي طلب الـسماعة اللي عملته برجاء الإفادة","cancel_order","neutral","medium"
"بجد عايز ألغي طلب الـشاحن اللي عملته وشكراً لتعاونكم","cancel_order","neutral","medium"
"على فكرة، عاوز ألغي طلب الـكيبورد اللي عملته ياريت حد يرد عليا","cancel_order","neutral","medium"
"معلش، عايز الغي طلب الساعة الذكية اللي عملته ياريت حد يرد عليا","cancel_order","neutral","medium"
"على فكرة، عايز ألغي طلب الـشاحن اللي عملته ياريت حد يرد عليا","cancel_order","neutral","medium"
"معلش، عاوز ألغي طلب الـسماعة اللي عملته في انتظار ردكم","cancel_order","neutral","medium"
"طب عايز ألغي طلب الـماوس اللي عملته","cancel_order","neutral","medium"
"من فضلك، عايز الغي طلب الساعة الذكية اللي عملته برجاء الإفادة","cancel_order","neutral","medium"
"من فضلك، عاوز ألغي طلب الـهيدفون اللي عملته وشكراً لتعاونكم","cancel_order","neutral","medium"
"معلش، عايز الغي طلب الـشاشة اللي عملته وشكراً لتعاونكم","cancel_order","neutral","medium"
"لو سمحت، عايز ألغي طلب الـشاحن اللي عملته في انتظار ردكم","cancel_order","neutral","medium"
"من فضلك، عايز الغي طلب الـتابلت اللي عملته","cancel_order","neutral","medium"
"بجد عايز ألغي طلب الـباور بانك اللي عملته ياريت حد يرد عليا","cancel_order","neutral","medium"
"معلش، عايز ألغي طلب الـموبايل اللي عملته وشكراً لتعاونكم","cancel_order","neutral","medium"
"طب عايز الغي طلب الـشاشة اللي عملته في انتظار ردكم","cancel_order","neutral","medium"
"معلش، عايز ألغي طلب الـكيبورد اللي عملته","cancel_order","neutral","medium"
"معلش، عاوز ألغي طلب الـكاميرا اللي عملته ياريت حد يرد عليا","cancel_order","neutral","medium"
"على فكرة، عايز ألغي طلب الـشاشة اللي عملته برجاء الإفادة","cancel_order","neutral","medium"
"معلش، لسا مقررتش، بس حابب أعرف لو الإلغاء سهل برجاء الإفادة","cancel_order","neutral","low"
"لو سمحت، لسه مقررتش، بس حابب أعرف لو الالغاء سهل وشكراً لتعاونكم","cancel_order","neutral","low"
"على فكرة، لسه مقررتش، بس حابب أعرف لو الالغاء سهل ياريت حد يرد عليا","cancel_order","neutral","low"
"طب لسه مقررتش، بس حابب أعرف لو الإلغاء سهل","cancel_order","neutral","low"
"بجد لسه مقررتش، بس حابب أعرف لو الإلغاء سهل ياريت حد يرد عليا","cancel_order","neutral","low"
"من فضلك، لسا مقررتش، بس حابب أعرف لو الإلغاء سهل ياريت حد يرد عليا","cancel_order","neutral","low"
"معلش، لسا مقررتش، بس حابب أعرف لو الإلغاء سهل وشكراً لتعاونكم","cancel_order","neutral","low"
"بجد لسه مقررتش، بس حابب أعرف لو الإلغاء سهل وشكراً لتعاونكم","cancel_order","neutral","low"
"على فكرة، لسه مقررتش، بس حابب أعرف لو الالغاء سهل برجاء الإفادة","cancel_order","neutral","low"
"على فكرة، لسا مقررتش، بس حابب أعرف لو الإلغاء سهل وشكراً لتعاونكم","cancel_order","neutral","low"
"طب لسه مقررتش، بس حابب أعرف لو الإلغاء سهل وشكراً لتعاونكم","cancel_order","neutral","low"
"بجد لسه مقررتش، بس حابب أعرف لو الالغاء سهل في انتظار ردكم","cancel_order","neutral","low"
"هل يوجد طريقة لإلغاء الطلب أونلاين؟ في انتظار ردكم","cancel_order","neutral","medium"
"بجد هل يوجد طريقة لإلغاء الطلب أونلاين؟ في انتظار ردكم","cancel_order","neutral","medium"
"بجد هل يوجد طريقة لالغاء الطلب أونلاين؟","cancel_order","neutral","medium"
"لو سمحت، هل يوجد طريقة لالغاء الطلب أونلاين؟ ياريت حد يرد عليا","cancel_order","neutral","medium"
"لو سمحت، هل يوجد طريقة لالغاء الطلب أونلاين؟ في انتظار ردكم","cancel_order","neutral","medium"
"من فضلك، هل يوجد طريقة لإلغاء الطلب أونلاين؟ ياريت حد يرد عليا","cancel_order","neutral","medium"
"من فضلك، هل يوجد طريقة لإلغاء الطلب أونلاين؟","cancel_order","neutral","medium"
"على فكرة، هل يوجد طريقة لالغاء الطلب أونلاين؟ في انتظار ردكم","cancel_order","neutral","medium"
"معلش، هل يوجد طريقة لإلغاء الطلب أونلاين؟ في انتظار ردكم","cancel_order","neutral","medium"
"على فكرة، هل يوجد طريقة لإلغاء الطلب أونلاين؟ وشكراً لتعاونكم","cancel_order","neutral","medium"
"من فضلك، هل يوجد طريقة لالغاء الطلب أونلاين؟ برجاء الإفادة","cancel_order","neutral","medium"
"هل يوجد طريقة لالغاء الطلب أونلاين؟ وشكراً لتعاونكم","cancel_order","neutral","medium"
"على فكرة، هل لسه ممكن ألغي الطلب #1001؟","cancel_order","neutral","medium"
"من فضلك، هل لسه ممكن الغي الطلب #1003؟","cancel_order","neutral","medium"
"على فكرة، هل لسه ممكن ألغي الطلب #1003؟ برجاء الإفادة","cancel_order","neutral","medium"
"طب هل لسا ممكن ألغي الطلب #1002؟","cancel_order","neutral","medium"
"معلش، هل لسه ممكن ألغي الطلب #1002؟ في انتظار ردكم","cancel_order","neutral","medium"
"لو سمحت، هل لسه ممكن الغي الطلب #1001؟ في انتظار ردكم","cancel_order","neutral","medium"
"معلش، هل لسه ممكن ألغي الطلب #1003؟ برجاء الإفادة","cancel_order","neutral","medium"
"معلش، هل لسه ممكن الغي الطلب #1001؟ ياريت حد يرد عليا","cancel_order","neutral","medium"
"بجد هل لسه ممكن ألغي الطلب #1001؟ ياريت حد يرد عليا","cancel_order","neutral","medium"
"طب هل لسه ممكن ألغي الطلب #1001؟ في انتظار ردكم","cancel_order","neutral","medium"
"لو سمحت، هل لسا ممكن ألغي الطلب #1003؟ في انتظار ردكم","cancel_order","neutral","medium"
"من فضلك، هل لسه ممكن ألغي الطلب #1003؟ ياريت حد يرد عليا","cancel_order","neutral","medium"
"على فكرة، هل لسه ممكن ألغي الطلب #1002؟ وشكراً لتعاونكم","cancel_order","neutral","medium"
"على فكرة، عايز أعرف إزاي الغي طلبي","cancel_order","neutral","medium"
"عايز أعرف ازاي ألغي طلبي في انتظار ردكم","cancel_order","neutral","medium"
"لو سمحت، عايز أعرف إزاي ألغي طلبي","cancel_order","neutral","medium"
"عايز أعرف إزاي الغي طلبي برجاء الإفادة","cancel_order","neutral","medium"
"عايز أعرف إزاي الغي طلبي وشكراً لتعاونكم","cancel_order","neutral","medium"
"عاوز أعرف إزاي ألغي طلبي","cancel_order","neutral","medium"
"بجد عايز أعرف ازاي ألغي طلبي في انتظار ردكم","cancel_order","neutral","medium"
"طب عايز أعرف إزاي ألغي طلبي في انتظار ردكم","cancel_order","neutral","medium"
"معلش، عاوز أعرف إزاي ألغي طلبي وشكراً لتعاونكم","cancel_order","neutral","medium"
"لو سمحت، عاوز أعرف إزاي ألغي طلبي وشكراً لتعاونكم","cancel_order","neutral","medium"
"لو سمحت، عايز أعرف إزاي الغي طلبي ياريت حد يرد عليا","cancel_order","neutral","medium"
"لو سمحت، عايز أعرف إزاي الغي طلبي برجاء الإفادة","cancel_order","neutral","medium"
"من فضلك، سؤال بسيط عن آخر موعد ممكن فيه الغي الطلب","cancel_order","neutral","low"
"طب سؤال بسيط عن آخر موعد ممكن فيه ألغي الطلب في انتظار ردكم","cancel_order","neutral","low"
"من فضلك، سؤال بسيط عن آخر موعد ممكن فيه ألغي الطلب وشكراً لتعاونكم","cancel_order","neutral","low"
"لو سمحت، سؤال بسيط عن آخر موعد ممكن فيه الغي الطلب برجاء الإفادة","cancel_order","neutral","low"
"بجد سؤال بسيط عن آخر موعد ممكن فيه ألغي الطلب ياريت حد يرد عليا","cancel_order","neutral","low"
"لو سمحت، سؤال بسيط عن آخر موعد ممكن فيه ألغي الطلب","cancel_order","neutral","low"
"لو سمحت، سؤال بسيط عن آخر موعد ممكن فيه الغي الطلب وشكراً لتعاونكم","cancel_order","neutral","low"
"على فكرة، سؤال بسيط عن آخر موعد ممكن فيه الغي الطلب برجاء الإفادة","cancel_order","neutral","low"
"بجد سؤال بسيط عن آخر موعد ممكن فيه الغي الطلب وشكراً لتعاونكم","cancel_order","neutral","low"
"طب سؤال بسيط عن آخر موعد ممكن فيه الغي الطلب وشكراً لتعاونكم","cancel_order","neutral","low"
"سؤال بسيط عن آخر موعد ممكن فيه ألغي الطلب برجاء الإفادة","cancel_order","neutral","low"
"سؤال بسيط عن آخر موعد ممكن فيه الغي الطلب وشكراً لتعاونكم","cancel_order","neutral","low"
"من فضلك، ممكن الغي الأوردر بتاعي؟ وشكراً لتعاونكم","cancel_order","neutral","medium"
"معلش، ممكن الغي الأوردر بتاعي؟ في انتظار ردكم","cancel_order","neutral","medium"
"طب ممكن ألغي الأوردر بتاعي؟ وشكراً لتعاونكم","cancel_order","neutral","medium"
"بجد ممكن الغي الأوردر بتاعي؟ في انتظار ردكم","cancel_order","neutral","medium"
"على فكرة، ممكن ألغي الاوردر بتاعي؟ في انتظار ردكم","cancel_order","neutral","medium"
"طب ممكن ألغي الاوردر بتاعي؟","cancel_order","neutral","medium"
"من فضلك، ممكن ألغي الأوردر بتاعي؟ برجاء الإفادة","cancel_order","neutral","medium"
"معلش، ممكن ألغي الاوردر بتاعي؟ برجاء الإفادة","cancel_order","neutral","medium"
"على فكرة، ممكن الغي الأوردر بتاعي؟ وشكراً لتعاونكم","cancel_order","neutral","medium"
"بجد ممكن الغي الأوردر بتاعي؟ ياريت حد يرد عليا","cancel_order","neutral","medium"
"على فكرة، ممكن ألغي الأوردر بتاعي؟","cancel_order","neutral","medium"
"لو سمحت، ممكن ألغي الأوردر بتاعي؟ ياريت حد يرد عليا","cancel_order","neutral","medium"
"لو سمحت، عايز حد يلغي الطلب دلوقتي قبل ما يخرج للشحن","cancel_order","negative","high"
"طب عايز حد يلغي الطلب دلوقتي قبل ما يخرج للشحن ياريت حد يرد عليا","cancel_order","negative","high"
"عايز حد يلغي الطلب دلوقتي قبل ما يخرج للشحن في انتظار ردكم","cancel_order","negative","high"
"بجد عاوز حد يلغي الطلب دلوقتي قبل ما يخرج للشحن","cancel_order","negative","high"
"على فكرة، عايز حد يلغي الطلب دلوقتي قبل ما يخرج للشحن في انتظار ردكم","cancel_order","negative","high"
"على فكرة، عاوز حد يلغي الطلب دلوقتي قبل ما يخرج للشحن","cancel_order","negative","high"
"معلش، عاوز حد يلغي الطلب دلوقتي قبل ما يخرج للشحن","cancel_order","negative","high"
"بجد عاوز حد يلغي الطلب دلوقتي قبل ما يخرج للشحن وشكراً لتعاونكم","cancel_order","negative","high"
"بجد عاوز حد يلغي الطلب دلوقتي قبل ما يخرج للشحن ياريت حد يرد عليا","cancel_order","negative","high"
"من فضلك، عايز حد يلغي الطلب دلوقتي قبل ما يخرج للشحن وشكراً لتعاونكم","cancel_order","negative","high"
"على فكرة، عاوز حد يلغي الطلب دلوقتي قبل ما يخرج للشحن وشكراً لتعاونكم","cancel_order","negative","high"
"على فكرة، عاوز حد يلغي الطلب دلوقتي قبل ما يخرج للشحن برجاء الإفادة","cancel_order","negative","high"
"من فضلك، ألغوا الطلب ده حالاً، مش محتاجه خالص برجاء الإفادة","cancel_order","negative","high"
"بجد ألغوا الطلب ده حالاً، مش محتاجه خالص وشكراً لتعاونكم","cancel_order","negative","high"
"من فضلك، ألغوا الطلب ده حالاً، مش محتاجه خالص","cancel_order","negative","high"
"ألغوا الطلب ده حالاً، مش محتاجه خالص ياريت حد يرد عليا","cancel_order","negative","high"
"معلش، ألغوا الطلب ده حالاً، مش محتاجه خالص في انتظار ردكم","cancel_order","negative","high"
"من فضلك، ألغوا الطلب ده حالاً، مش محتاجه خالص وشكراً لتعاونكم","cancel_order","negative","high"
"ألغوا الطلب ده حالاً، مش محتاجه خالص في انتظار ردكم","cancel_order","negative","high"
"على فكرة، ألغوا الطلب ده حالاً، مش محتاجه خالص برجاء الإفادة","cancel_order","negative","high"
"ألغوا الطلب ده حالاً، مش محتاجه خالص","cancel_order","negative","high"
"معلش، ألغوا الطلب ده حالاً، مش محتاجه خالص ياريت حد يرد عليا","cancel_order","negative","high"
"لو سمحت، ألغوا الطلب ده حالاً، مش محتاجه خالص ياريت حد يرد عليا","cancel_order","negative","high"
"طب ألغوا الطلب ده حالاً، مش محتاجه خالص في انتظار ردكم","cancel_order","negative","high"
"طب عاوز إلغاء سريع، معنديش وقت أستنى في انتظار ردكم","cancel_order","negative","high"
"عاوز إلغاء سريع، معنديش وقت أستنى في انتظار ردكم","cancel_order","negative","high"
"عاوز إلغاء سريع، معنديش وقت أستنى ياريت حد يرد عليا","cancel_order","negative","high"
"معلش، عاوز إلغاء سريع، معنديش وقت أستنى","cancel_order","negative","high"
"عاوز إلغاء سريع، معنديش وقت أستنى برجاء الإفادة","cancel_order","negative","high"
"على فكرة، عايز إلغاء سريع، معنديش وقت أستنى في انتظار ردكم","cancel_order","negative","high"
"عايز إلغاء سريع، معنديش وقت أستنى وشكراً لتعاونكم","cancel_order","negative","high"
"من فضلك، عايز الغاء سريع، معنديش وقت أستنى وشكراً لتعاونكم","cancel_order","negative","high"
"لو سمحت، عاوز إلغاء سريع، معنديش وقت أستنى","cancel_order","negative","high"
"بجد عاوز إلغاء سريع، معنديش وقت أستنى","cancel_order","negative","high"
"عايز إلغاء سريع، معنديش وقت أستنى","cancel_order","negative","high"
"من فضلك، عايز إلغاء سريع، معنديش وقت أستنى في انتظار ردكم","cancel_order","negative","high"
"بجد الحمد لله عرفت اني اقدر ألغي، تمام كده برجاء الإفادة","cancel_order","positive","medium"
"من فضلك، الحمد لله عرفت اني اقدر الغي، تمام كده وشكراً لتعاونكم","cancel_order","positive","medium"
"طب الحمد لله عرفت اني اقدر ألغي، تمام كده","cancel_order","positive","medium"
"معلش، الحمد لله عرفت اني اقدر ألغي، تمام كده ياريت حد يرد عليا","cancel_order","positive","medium"
"بجد الحمد لله عرفت اني اقدر الغي، تمام كده","cancel_order","positive","medium"
"على فكرة، الحمد لله عرفت اني اقدر الغي، تمام كده ياريت حد يرد عليا","cancel_order","positive","medium"
"لو سمحت، الحمد لله عرفت اني اقدر الغي، تمام كده في انتظار ردكم","cancel_order","positive","medium"
"الحمد لله عرفت اني اقدر الغي، تمام كده","cancel_order","positive","medium"
"لو سمحت، الحمد لله عرفت اني اقدر الغي، تمام كده وشكراً لتعاونكم","cancel_order","positive","medium"
"بجد الحمد لله عرفت اني اقدر الغي، تمام كده ياريت حد يرد عليا","cancel_order","positive","medium"
"لو سمحت، الحمد لله عرفت اني اقدر الغي، تمام كده برجاء الإفادة","cancel_order","positive","medium"
"على فكرة، الحمد لله عرفت اني اقدر ألغي، تمام كده وشكراً لتعاونكم","cancel_order","positive","medium"
"بجد ولا يهمك، بس لو ينفع تلغوا الطلب أكون شاكر برجاء الإفادة","cancel_order","positive","medium"
"ولا يهمك، بس لو ينفع تلغوا الطلب أكون شاكر وشكراً لتعاونكم","cancel_order","positive","medium"
"ولا يهمك، بس لو ينفع تلغوا الطلب أكون شاكر ياريت حد يرد عليا","cancel_order","positive","medium"
"من فضلك، ولا يهمك، بس لو ينفع تلغوا الطلب أكون شاكر برجاء الإفادة","cancel_order","positive","medium"
"على فكرة، ولا يهمك، بس لو ينفع تلغوا الطلب أكون شاكر في انتظار ردكم","cancel_order","positive","medium"
"من فضلك، ولا يهمك، بس لو ينفع تلغوا الطلب أكون شاكر","cancel_order","positive","medium"
"لو سمحت، ولا يهمك، بس لو ينفع تلغوا الطلب أكون شاكر","cancel_order","positive","medium"
"طب ولا يهمك، بس لو ينفع تلغوا الطلب أكون شاكر برجاء الإفادة","cancel_order","positive","medium"
"بجد ولا يهمك، بس لو ينفع تلغوا الطلب أكون شاكر وشكراً لتعاونكم","cancel_order","positive","medium"
"طب ولا يهمك، بس لو ينفع تلغوا الطلب أكون شاكر","cancel_order","positive","medium"
"على فكرة، ولا يهمك، بس لو ينفع تلغوا الطلب أكون شاكر","cancel_order","positive","medium"
"معلش، ولا يهمك، بس لو ينفع تلغوا الطلب أكون شاكر برجاء الإفادة","cancel_order","positive","medium"
"بجد ولا يهمك، بس لو ينفع تلغوا الطلب أكون شاكر ياريت حد يرد عليا","cancel_order","positive","medium"
"لو سمحت، ولا يهمك، بس لو ينفع تلغوا الطلب أكون شاكر ياريت حد يرد عليا","cancel_order","positive","medium"
"طب ولا يهمك، بس لو ينفع تلغوا الطلب أكون شاكر وشكراً لتعاونكم","cancel_order","positive","medium"
"طب لازم تلغوا الطلب دلوقتي، الوضع مستعجل في انتظار ردكم","cancel_order","negative","high"
"لو سمحت، لازم تلغوا الطلب دلوقتي، الوضع مستعجل ياريت حد يرد عليا","cancel_order","negative","high"
"طب لازم تلغوا الطلب دلوقتي، الوضع مستعجل برجاء الإفادة","cancel_order","negative","high"
"معلش، لازم تلغوا الطلب دلوقتي، الوضع مستعجل","cancel_order","negative","high"
"على فكرة، لازم تلغوا الطلب دلوقتي، الوضع مستعجل ياريت حد يرد عليا","cancel_order","negative","high"
"بجد لازم تلغوا الطلب دلوقتي، الوضع مستعجل وشكراً لتعاونكم","cancel_order","negative","high"
"من فضلك، لازم تلغوا الطلب دلوقتي، الوضع مستعجل برجاء الإفادة","cancel_order","negative","high"
"على فكرة، لازم تلغوا الطلب دلوقتي، الوضع مستعجل في انتظار ردكم","cancel_order","negative","high"
"بجد لازم تلغوا الطلب دلوقتي، الوضع مستعجل ياريت حد يرد عليا","cancel_order","negative","high"
"لو سمحت، لازم تلغوا الطلب دلوقتي، الوضع مستعجل في انتظار ردكم","cancel_order","negative","high"
"لو سمحت، لازم تلغوا الطلب دلوقتي، الوضع مستعجل","cancel_order","negative","high"
"على فكرة، لازم تلغوا الطلب دلوقتي، الوضع مستعجل برجاء الإفادة","cancel_order","negative","high"
"على فكرة، لازم تلغوا الطلب دلوقتي، الوضع مستعجل وشكراً لتعاونكم","cancel_order","negative","high"
"لازم تلغوا الطلب دلوقتي، الوضع مستعجل ياريت حد يرد عليا","cancel_order","negative","high"
"بجد لازم تلغوا الطلب دلوقتي، الوضع مستعجل","cancel_order","negative","high"
"متشكر لو تم الغاء الطلب #1003 بسهولة وشكراً لتعاونكم","cancel_order","positive","medium"
"معلش، متشكر لو تم الغاء الطلب #1001 بسهولة ياريت حد يرد عليا","cancel_order","positive","medium"
"طب متشكر لو تم الغاء الطلب #1002 بسهولة","cancel_order","positive","medium"
"معلش، متشكر لو تم إلغاء الطلب #1003 بسهولة وشكراً لتعاونكم","cancel_order","positive","medium"
"على فكرة، متشكر لو تم إلغاء الطلب #1003 بسهولة برجاء الإفادة","cancel_order","positive","medium"
"طب متشكر لو تم إلغاء الطلب #1003 بسهولة ياريت حد يرد عليا","cancel_order","positive","medium"
"من فضلك، متشكر لو تم إلغاء الطلب #1001 بسهولة ياريت حد يرد عليا","cancel_order","positive","medium"
"طب متشكر لو تم الغاء الطلب #1001 بسهولة في انتظار ردكم","cancel_order","positive","medium"
"طب متشكر لو تم الغاء الطلب #1001 بسهولة ياريت حد يرد عليا","cancel_order","positive","medium"
"معلش، متشكر لو تم إلغاء الطلب #1002 بسهولة ياريت حد يرد عليا","cancel_order","positive","medium"
"لو سمحت، متشكر لو تم إلغاء الطلب #1002 بسهولة برجاء الإفادة","cancel_order","positive","medium"
"لو سمحت، متشكر لو تم الغاء الطلب #1003 بسهولة وشكراً لتعاونكم","cancel_order","positive","medium"
"متشكر لو تم إلغاء الطلب #1002 بسهولة ياريت حد يرد عليا","cancel_order","positive","medium"
"من فضلك، متشكر لو تم إلغاء الطلب #1001 بسهولة وشكراً لتعاونكم","cancel_order","positive","medium"
"معلش، متشكر لو تم الغاء الطلب #1001 بسهولة","cancel_order","positive","medium"
"لو سمحت، متشكر لو تم الغاء الطلب #1003 بسهولة ياريت حد يرد عليا","cancel_order","positive","medium"
"لو سمحت، متشكر لو تم إلغاء الطلب #1001 بسهولة وشكراً لتعاونكم","cancel_order","positive","medium"
"طب متشكر لو تم إلغاء الطلب #1002 بسهولة وشكراً لتعاونكم","cancel_order","positive","medium"
"على فكرة، من فين أقدر ألغي طلبي؟ ياريت حد يرد عليا","cancel_order","neutral","medium"
"من فين أقدر ألغي طلبي؟ برجاء الإفادة","cancel_order","neutral","medium"
"على فكرة، من فين أقدر الغي طلبي؟ في انتظار ردكم","cancel_order","neutral","medium"
"بجد من فين اقدر ألغي طلبي؟ ياريت حد يرد عليا","cancel_order","neutral","medium"
"لو سمحت، من فين أقدر ألغي طلبي؟","cancel_order","neutral","medium"
"من فضلك، محتاج أعرف بسرعة هل لسه في وقت للاسترجاع ولا لأ برجاء الإفادة","policy_inquiry","neutral","medium"
"على فكرة، محتاج أعرف بسرعة هل لسا في وقت للاسترجاع ولا لأ برجاء الإفادة","policy_inquiry","neutral","medium"
"لو سمحت، محتاج أعرف بسرعة هل لسا في وقت للاسترجاع ولا لأ","policy_inquiry","neutral","medium"
"محتاج أعرف بسرعة هل لسه في وقت للاسترجاع ولا لأ في انتظار ردكم","policy_inquiry","neutral","medium"
"على فكرة، محتاج أعرف بسرعة هل لسه في وقت للاسترجاع ولا لأ وشكراً لتعاونكم","policy_inquiry","neutral","medium"
"على فكرة، محتاج أعرف بسرعة هل لسه في وقت للاسترجاع ولا لأ ياريت حد يرد عليا","policy_inquiry","neutral","medium"
"معلش، محتاج أعرف بسرعة هل لسا في وقت للاسترجاع ولا لأ ياريت حد يرد عليا","policy_inquiry","neutral","medium"
"لو سمحت، محتاج أعرف بسرعة هل لسه في وقت للاسترجاع ولا لأ ياريت حد يرد عليا","policy_inquiry","neutral","medium"
"معلش، محتاج أعرف بسرعة هل لسه في وقت للاسترجاع ولا لأ","policy_inquiry","neutral","medium"
"بجد محتاج أعرف بسرعة هل لسه في وقت للاسترجاع ولا لأ برجاء الإفادة","policy_inquiry","neutral","medium"
"محتاج أعرف بسرعة هل لسه في وقت للاسترجاع ولا لأ ياريت حد يرد عليا","policy_inquiry","neutral","medium"
"معلش، محتاج أعرف بسرعة هل لسه في وقت للاسترجاع ولا لأ وشكراً لتعاونكم","policy_inquiry","neutral","medium"
"معلش، هل في حد أدنى للمدة قبل ما أقدر أرجع المنتج؟ وشكراً لتعاونكم","policy_inquiry","neutral","low"
"طب هل في حد أدنى للمدة قبل ما أقدر ارجع المنتج؟ وشكراً لتعاونكم","policy_inquiry","neutral","low"
"من فضلك، هل في حد أدنى للمدة قبل ما أقدر أرجع المنتج؟ برجاء الإفادة","policy_inquiry","neutral","low"
"طب هل في حد أدنى للمدة قبل ما أقدر أرجع المنتج؟ برجاء الإفادة","policy_inquiry","neutral","low"
"لو سمحت، هل في حد أدنى للمدة قبل ما اقدر أرجع المنتج؟ في انتظار ردكم","policy_inquiry","neutral","low"
"طب هل في حد أدنى للمدة قبل ما أقدر أرجع المنتج؟ في انتظار ردكم","policy_inquiry","neutral","low"
"معلش، هل في حد أدنى للمدة قبل ما اقدر أرجع المنتج؟ برجاء الإفادة","policy_inquiry","neutral","low"
"من فضلك، هل في حد أدنى للمدة قبل ما أقدر ارجع المنتج؟ في انتظار ردكم","policy_inquiry","neutral","low"
"من فضلك، هل في حد أدنى للمدة قبل ما أقدر أرجع المنتج؟ وشكراً لتعاونكم","policy_inquiry","neutral","low"
"لو سمحت، هل في حد أدنى للمدة قبل ما أقدر أرجع المنتج؟ برجاء الإفادة","policy_inquiry","neutral","low"
"على فكرة، هل في حد أدنى للمدة قبل ما اقدر أرجع المنتج؟ ياريت حد يرد عليا","policy_inquiry","neutral","low"
"طب هل في حد أدنى للمدة قبل ما أقدر أرجع المنتج؟","policy_inquiry","neutral","low"
"طب مش مبسوط من سياسة الاسترجاع الصعبة كده وشكراً لتعاونكم","policy_inquiry","negative","low"
"على فكرة، مش مبسوط من سياسة الاسترجاع الصعبة كده ياريت حد يرد عليا","policy_inquiry","negative","low"
"من فضلك، مش مبسوط من سياسة الاسترجاع الصعبة كده برجاء الإفادة","policy_inquiry","negative","low"
"معلش، مش مبسوط من سياسة الاسترجاع الصعبة كده في انتظار ردكم","policy_inquiry","negative","low"
"لو سمحت، مش مبسوط من سياسة الاسترجاع الصعبة كده","policy_inquiry","negative","low"
"مش مبسوط من سياسة الاسترجاع الصعبة كده وشكراً لتعاونكم","policy_inquiry","negative","low"
"لو سمحت، مش مبسوط من سياسة الاسترجاع الصعبة كده برجاء الإفادة","policy_inquiry","negative","low"
"على فكرة، مش مبسوط من سياسة الاسترجاع الصعبة كده في انتظار ردكم","policy_inquiry","negative","low"
"على فكرة، مش مبسوط من سياسة الاسترجاع الصعبة كده برجاء الإفادة","policy_inquiry","negative","low"
"مش مبسوط من سياسة الاسترجاع الصعبة كده في انتظار ردكم","policy_inquiry","negative","low"
"من فضلك، مش مبسوط من سياسة الاسترجاع الصعبة كده ياريت حد يرد عليا","policy_inquiry","negative","low"
"بجد مش مبسوط من سياسة الاسترجاع الصعبة كده","policy_inquiry","negative","low"
"من فضلك، هل الاسترجاع متاح لكل المنتجات ولا في استثناءات؟ وشكراً لتعاونكم","policy_inquiry","neutral","low"
"طب هل الاسترجاع متاح لكل المنتجات ولا في استثناءات؟","policy_inquiry","neutral","low"
"بجد هل الاسترجاع متاح لكل المنتجات ولا في استثناءات؟ وشكراً لتعاونكم","policy_inquiry","neutral","low"
"لو سمحت، هل الاسترجاع متاح لكل المنتجات ولا في استثناءات؟ ياريت حد يرد عليا","policy_inquiry","neutral","low"
"طب هل الاسترجاع متاح لكل المنتجات ولا في استثناءات؟ في انتظار ردكم","policy_inquiry","neutral","low"
"طب هل الاسترجاع متاح لكل المنتجات ولا في استثناءات؟ برجاء الإفادة","policy_inquiry","neutral","low"
"من فضلك، هل الاسترجاع متاح لكل المنتجات ولا في استثناءات؟ ياريت حد يرد عليا","policy_inquiry","neutral","low"
"معلش، هل الاسترجاع متاح لكل المنتجات ولا في استثناءات؟","policy_inquiry","neutral","low"
"لو سمحت، هل الاسترجاع متاح لكل المنتجات ولا في استثناءات؟ في انتظار ردكم","policy_inquiry","neutral","low"
"بجد هل الاسترجاع متاح لكل المنتجات ولا في استثناءات؟ ياريت حد يرد عليا","policy_inquiry","neutral","low"
"على فكرة، هل الاسترجاع متاح لكل المنتجات ولا في استثناءات؟ برجاء الإفادة","policy_inquiry","neutral","low"
"معلش، هل الاسترجاع متاح لكل المنتجات ولا في استثناءات؟ ياريت حد يرد عليا","policy_inquiry","neutral","low"
"استلمت المنتج من 12 يوم، لسه في مجال للاسترجاع؟","policy_inquiry","neutral","medium"
"بجد استلمت المنتج من 12 يوم، لسه في مجال للاسترجاع؟ برجاء الإفادة","policy_inquiry","neutral","medium"
"لو سمحت، استلمت المنتج من 12 يوم، لسه في مجال للاسترجاع؟ وشكراً لتعاونكم","policy_inquiry","neutral","medium"
"استلمت المنتج من 12 يوم، لسه في مجال للاسترجاع؟ برجاء الإفادة","policy_inquiry","neutral","medium"
"معلش، استلمت المنتج من 12 يوم، لسا في مجال للاسترجاع؟ برجاء الإفادة","policy_inquiry","neutral","medium"
"من فضلك، استلمت المنتج من 12 يوم، لسا في مجال للاسترجاع؟ ياريت حد يرد عليا","policy_inquiry","neutral","medium"
"استلمت المنتج من 12 يوم، لسا في مجال للاسترجاع؟ وشكراً لتعاونكم","policy_inquiry","neutral","medium"
"على فكرة، استلمت المنتج من 12 يوم، لسه في مجال للاسترجاع؟ ياريت حد يرد عليا","policy_inquiry","neutral","medium"
"من فضلك، استلمت المنتج من 12 يوم، لسه في مجال للاسترجاع؟ برجاء الإفادة","policy_inquiry","neutral","medium"
"على فكرة، استلمت المنتج من 12 يوم، لسه في مجال للاسترجاع؟ برجاء الإفادة","policy_inquiry","neutral","medium"
"بجد استلمت المنتج من 12 يوم، لسا في مجال للاسترجاع؟ ياريت حد يرد عليا","policy_inquiry","neutral","medium"
"لو سمحت، استلمت المنتج من 12 يوم، لسه في مجال للاسترجاع؟ ياريت حد يرد عليا","policy_inquiry","neutral","medium"
"بجد عايز أعرف تفاصيل ضمان استبدال المنتج التالف في انتظار ردكم","policy_inquiry","neutral","low"
"لو سمحت، عايز أعرف تفاصيل ضمان استبدال المنتج التالف ياريت حد يرد عليا","policy_inquiry","neutral","low"
"معلش، عايز أعرف تفاصيل ضمان استبدال المنتج التالف في انتظار ردكم","policy_inquiry","neutral","low"
"على فكرة، عايز أعرف تفاصيل ضمان استبدال المنتج التالف في انتظار ردكم","policy_inquiry","neutral","low"
"بجد عايز أعرف تفاصيل ضمان استبدال المنتج التالف وشكراً لتعاونكم","policy_inquiry","neutral","low"
"لو سمحت، عايز أعرف تفاصيل ضمان استبدال المنتج التالف في انتظار ردكم","policy_inquiry","neutral","low"
"طب عايز أعرف تفاصيل ضمان استبدال المنتج التالف وشكراً لتعاونكم","policy_inquiry","neutral","low"
"بجد عايز أعرف تفاصيل ضمان استبدال المنتج التالف","policy_inquiry","neutral","low"
"لو سمحت، عايز أعرف تفاصيل ضمان استبدال المنتج التالف برجاء الإفادة","policy_inquiry","neutral","low"
"على فكرة، عايز أعرف تفاصيل ضمان استبدال المنتج التالف","policy_inquiry","neutral","low"
"معلش، عايز أعرف تفاصيل ضمان استبدال المنتج التالف وشكراً لتعاونكم","policy_inquiry","neutral","low"
"من فضلك، عايز أعرف تفاصيل ضمان استبدال المنتج التالف في انتظار ردكم","policy_inquiry","neutral","low"
"على فكرة، حسيت ان سياسة الاستبدال فيها تعقيد زيادة وشكراً لتعاونكم","policy_inquiry","negative","low"
"طب حسيت ان سياسة الاستبدال فيها تعقيد زيادة في انتظار ردكم","policy_inquiry","negative","low"
"لو سمحت، حسيت ان سياسة الاستبدال فيها تعقيد زيادة وشكراً لتعاونكم","policy_inquiry","negative","low"
"معلش، حسيت ان سياسة الاستبدال فيها تعقيد زيادة وشكراً لتعاونكم","policy_inquiry","negative","low"
"بجد حسيت ان سياسة الاستبدال فيها تعقيد زيادة ياريت حد يرد عليا","policy_inquiry","negative","low"
"من فضلك، حسيت ان سياسة الاستبدال فيها تعقيد زيادة ياريت حد يرد عليا","policy_inquiry","negative","low"
"حسيت ان سياسة الاستبدال فيها تعقيد زيادة وشكراً لتعاونكم","policy_inquiry","negative","low"
"معلش، حسيت ان سياسة الاستبدال فيها تعقيد زيادة برجاء الإفادة","policy_inquiry","negative","low"
"حسيت ان سياسة الاستبدال فيها تعقيد زيادة برجاء الإفادة","policy_inquiry","negative","low"
"من فضلك، حسيت ان سياسة الاستبدال فيها تعقيد زيادة وشكراً لتعاونكم","policy_inquiry","negative","low"
"طب حسيت ان سياسة الاستبدال فيها تعقيد زيادة ياريت حد يرد عليا","policy_inquiry","negative","low"
"على فكرة، حسيت ان سياسة الاستبدال فيها تعقيد زيادة","policy_inquiry","negative","low"
"لو سمحت، عاوز أعرف إجراءات استبدال المنتج التالف وشكراً لتعاونكم","policy_inquiry","neutral","low"
"بجد عايز أعرف إجراءات استبدال المنتج التالف ياريت حد يرد عليا","policy_inquiry","neutral","low"
"عايز أعرف إجراءات استبدال المنتج التالف برجاء الإفادة","policy_inquiry","neutral","low"
"من فضلك، عايز أعرف إجراءات استبدال المنتج التالف في انتظار ردكم","policy_inquiry","neutral","low"
"معلش، عايز أعرف إجراءات استبدال المنتج التالف برجاء الإفادة","policy_inquiry","neutral","low"
"بجد عايز أعرف إجراءات استبدال المنتج التالف برجاء الإفادة","policy_inquiry","neutral","low"
"على فكرة، عايز أعرف إجراءات استبدال المنتج التالف وشكراً لتعاونكم","policy_inquiry","neutral","low"
"معلش، عايز أعرف إجراءات استبدال المنتج التالف وشكراً لتعاونكم","policy_inquiry","neutral","low"
"لو سمحت، عايز أعرف إجراءات استبدال المنتج التالف في انتظار ردكم","policy_inquiry","neutral","low"
"طب عايز أعرف إجراءات استبدال المنتج التالف ياريت حد يرد عليا","policy_inquiry","neutral","low"
"لو سمحت، عايز أعرف إجراءات استبدال المنتج التالف","policy_inquiry","neutral","low"
"معلش، عاوز أعرف إجراءات استبدال المنتج التالف في انتظار ردكم","policy_inquiry","neutral","low"
"طب لو المنتج وصل بحالة كويسة بس مش عاجبني، ينفع ارجعه؟ ياريت حد يرد عليا","policy_inquiry","neutral","low"
"معلش، لو المنتج وصل بحالة كويسة بس مش عاجبني، ينفع ارجعه؟ برجاء الإفادة","policy_inquiry","neutral","low"
"من فضلك، لو المنتج وصل بحالة كويسة بس مش عاجبني، ينفع ارجعه؟ ياريت حد يرد عليا","policy_inquiry","neutral","low"
"معلش، لو المنتج وصل بحالة كويسة بس مش عاجبني، ينفع أرجعه؟ في انتظار ردكم","policy_inquiry","neutral","low"
"لو المنتج وصل بحالة كويسة بس مش عاجبني، ينفع أرجعه؟ برجاء الإفادة","policy_inquiry","neutral","low"
"من فضلك، لو المنتج وصل بحالة كويسة بس مش عاجبني، ينفع ارجعه؟ برجاء الإفادة","policy_inquiry","neutral","low"
"لو سمحت، لو المنتج وصل بحالة كويسة بس مش عاجبني، ينفع أرجعه؟ وشكراً لتعاونكم","policy_inquiry","neutral","low"
"لو المنتج وصل بحالة كويسة بس مش عاجبني، ينفع أرجعه؟ في انتظار ردكم","policy_inquiry","neutral","low"
"بجد لو المنتج وصل بحالة كويسة بس مش عاجبني، ينفع أرجعه؟ وشكراً لتعاونكم","policy_inquiry","neutral","low"
"معلش، لو المنتج وصل بحالة كويسة بس مش عاجبني، ينفع أرجعه؟ ياريت حد يرد عليا","policy_inquiry","neutral","low"
"على فكرة، لو المنتج وصل بحالة كويسة بس مش عاجبني، ينفع ارجعه؟ وشكراً لتعاونكم","policy_inquiry","neutral","low"
"من فضلك، لو المنتج وصل بحالة كويسة بس مش عاجبني، ينفع أرجعه؟","policy_inquiry","neutral","low"
"طب لو معنديش وقت كتير، هل لسا ينفع أستبدل المنتج؟ وشكراً لتعاونكم","policy_inquiry","neutral","medium"
"لو معنديش وقت كتير، هل لسه ينفع أستبدل المنتج؟ برجاء الإفادة","policy_inquiry","neutral","medium"
"من فضلك، لو معنديش وقت كتير، هل لسا ينفع أستبدل المنتج؟ وشكراً لتعاونكم","policy_inquiry","neutral","medium"
"بجد لو معنديش وقت كتير، هل لسا ينفع أستبدل المنتج؟ في انتظار ردكم","policy_inquiry","neutral","medium"
"لو معنديش وقت كتير، هل لسا ينفع أستبدل المنتج؟ في انتظار ردكم","policy_inquiry","neutral","medium"
"لو سمحت، لو معنديش وقت كتير، هل لسا ينفع أستبدل المنتج؟","policy_inquiry","neutral","medium"
"معلش، لو معنديش وقت كتير، هل لسا ينفع أستبدل المنتج؟","policy_inquiry","neutral","medium"
"بجد لو معنديش وقت كتير، هل لسه ينفع أستبدل المنتج؟","policy_inquiry","neutral","medium"
"لو معنديش وقت كتير، هل لسا ينفع أستبدل المنتج؟ وشكراً لتعاونكم","policy_inquiry","neutral","medium"
"على فكرة، لو معنديش وقت كتير، هل لسا ينفع أستبدل المنتج؟","policy_inquiry","neutral","medium"
"من فضلك، لو معنديش وقت كتير، هل لسه ينفع أستبدل المنتج؟","policy_inquiry","neutral","medium"
"معلش، لو معنديش وقت كتير، هل لسه ينفع أستبدل المنتج؟ في انتظار ردكم","policy_inquiry","neutral","medium"
"على فكرة، عاوز أفهم الفرق بين الاسترجاع والاستبدال عندكم","policy_inquiry","neutral","low"
"بجد عايز أفهم الفرق بين الاسترجاع والاستبدال عندكم ياريت حد يرد عليا","policy_inquiry","neutral","low"
"من فضلك، عاوز أفهم الفرق بين الاسترجاع والاستبدال عندكم في انتظار ردكم","policy_inquiry","neutral","low"
"على فكرة، عايز أفهم الفرق بين الاسترجاع والاستبدال عندكم ياريت حد يرد عليا","policy_inquiry","neutral","low"
"معلش، عايز أفهم الفرق بين الاسترجاع والاستبدال عندكم وشكراً لتعاونكم","policy_inquiry","neutral","low"
"معلش، عايز أفهم الفرق بين الاسترجاع والاستبدال عندكم ياريت حد يرد عليا","policy_inquiry","neutral","low"
"بجد عايز أفهم الفرق بين الاسترجاع والاستبدال عندكم","policy_inquiry","neutral","low"
"من فضلك، عاوز أفهم الفرق بين الاسترجاع والاستبدال عندكم برجاء الإفادة","policy_inquiry","neutral","low"
"بجد عايز أفهم الفرق بين الاسترجاع والاستبدال عندكم في انتظار ردكم","policy_inquiry","neutral","low"
"طب عايز أفهم الفرق بين الاسترجاع والاستبدال عندكم ياريت حد يرد عليا","policy_inquiry","neutral","low"
"عاوز أفهم الفرق بين الاسترجاع والاستبدال عندكم برجاء الإفادة","policy_inquiry","neutral","low"
"بجد عايز أفهم الفرق بين الاسترجاع والاستبدال عندكم برجاء الإفادة","policy_inquiry","neutral","low"
"طب لو حبيت أستبدل المنتج بلون تاني، ينفع؟","policy_inquiry","neutral","low"
"لو سمحت، لو حبيت أستبدل المنتج بلون تاني، ينفع؟ وشكراً لتعاونكم","policy_inquiry","neutral","low"
"طب لو حبيت أستبدل المنتج بلون تاني، ينفع؟ ياريت حد يرد عليا","policy_inquiry","neutral","low"
"معلش، لو حبيت أستبدل المنتج بلون تاني، ينفع؟","policy_inquiry","neutral","low"
"على فكرة، لو حبيت أستبدل المنتج بلون تاني، ينفع؟ في انتظار ردكم","policy_inquiry","neutral","low"
"طب لو حبيت أستبدل المنتج بلون تاني، ينفع؟ وشكراً لتعاونكم","policy_inquiry","neutral","low"
"من فضلك، لو حبيت أستبدل المنتج بلون تاني، ينفع؟ في انتظار ردكم","policy_inquiry","neutral","low"
"بجد لو حبيت أستبدل المنتج بلون تاني، ينفع؟ ياريت حد يرد عليا","policy_inquiry","neutral","low"
"لو حبيت أستبدل المنتج بلون تاني، ينفع؟ برجاء الإفادة","policy_inquiry","neutral","low"
"من فضلك، لو حبيت أستبدل المنتج بلون تاني، ينفع؟ وشكراً لتعاونكم","policy_inquiry","neutral","low"
"معلش، لو حبيت أستبدل المنتج بلون تاني، ينفع؟ ياريت حد يرد عليا","policy_inquiry","neutral","low"
"معلش، لو حبيت أستبدل المنتج بلون تاني، ينفع؟ برجاء الإفادة","policy_inquiry","neutral","low"
"بجد كنت متوقع سياسة استرجاع أسهل من كده برجاء الإفادة","policy_inquiry","negative","low"
"من فضلك، كنت متوقع سياسة استرجاع أسهل من كده ياريت حد يرد عليا","policy_inquiry","negative","low"
"من فضلك، كنت متوقع سياسة استرجاع أسهل من كده في انتظار ردكم","policy_inquiry","negative","low"
"لو سمحت، كنت متوقع سياسة استرجاع أسهل من كده وشكراً لتعاونكم","policy_inquiry","negative","low"
"لو سمحت، كنت متوقع سياسة استرجاع أسهل من كده برجاء الإفادة","policy_inquiry","negative","low"
"طب كنت متوقع سياسة استرجاع أسهل من كده برجاء الإفادة","policy_inquiry","negative","low"
"كنت متوقع سياسة استرجاع أسهل من كده","policy_inquiry","negative","low"
"لو سمحت، كنت متوقع سياسة استرجاع أسهل من كده","policy_inquiry","negative","low"
"معلش، كنت متوقع سياسة استرجاع أسهل من كده","policy_inquiry","negative","low"
"على فكرة، كنت متوقع سياسة استرجاع أسهل من كده في انتظار ردكم","policy_inquiry","negative","low"
"طب كنت متوقع سياسة استرجاع أسهل من كده في انتظار ردكم","policy_inquiry","negative","low"
"على فكرة، كنت متوقع سياسة استرجاع أسهل من كده ياريت حد يرد عليا","policy_inquiry","negative","low"
"طب لو المنتج فيه عيب تصنيع، بترجعوه ازاي؟ في انتظار ردكم","policy_inquiry","neutral","low"
"بجد لو المنتج فيه عيب تصنيع، بترجعوه إزاي؟ برجاء الإفادة","policy_inquiry","neutral","low"
"طب لو المنتج فيه عيب تصنيع، بترجعوه ازاي؟ ياريت حد يرد عليا","policy_inquiry","neutral","low"
"بجد لو المنتج فيه عيب تصنيع، بترجعوه ازاي؟ وشكراً لتعاونكم","policy_inquiry","neutral","low"
"لو سمحت، لو المنتج فيه عيب تصنيع، بترجعوه إزاي؟ في انتظار ردكم","policy_inquiry","neutral","low"
"على فكرة، لو المنتج فيه عيب تصنيع، بترجعوه ازاي؟ برجاء الإفادة","policy_inquiry","neutral","low"
"من فضلك، لو المنتج فيه عيب تصنيع، بترجعوه ازاي؟ وشكراً لتعاونكم","policy_inquiry","neutral","low"
"على فكرة، لو المنتج فيه عيب تصنيع، بترجعوه ازاي؟ في انتظار ردكم","policy_inquiry","neutral","low"
"على فكرة، لو المنتج فيه عيب تصنيع، بترجعوه ازاي؟ وشكراً لتعاونكم","policy_inquiry","neutral","low"
"لو سمحت، لو المنتج فيه عيب تصنيع، بترجعوه ازاي؟","policy_inquiry","neutral","low"
"من فضلك، لو المنتج فيه عيب تصنيع، بترجعوه إزاي؟ ياريت حد يرد عليا","policy_inquiry","neutral","low"
"معلش، لو المنتج فيه عيب تصنيع، بترجعوه إزاي؟ ياريت حد يرد عليا","policy_inquiry","neutral","low"
"حلو ان في مدة كافية للاسترجاع، شكراً ياريت حد يرد عليا","policy_inquiry","positive","low"
"بجد حلو ان في مدة كافية للاسترجاع، شكراً ياريت حد يرد عليا","policy_inquiry","positive","low"
"بجد حلو ان في مدة كافية للاسترجاع، شكراً برجاء الإفادة","policy_inquiry","positive","low"
"على فكرة، حلو ان في مدة كافية للاسترجاع، شكراً ياريت حد يرد عليا","policy_inquiry","positive","low"
"معلش، حلو ان في مدة كافية للاسترجاع، شكراً","policy_inquiry","positive","low"
"لو سمحت، حلو ان في مدة كافية للاسترجاع، شكراً وشكراً لتعاونكم","policy_inquiry","positive","low"
"طب حلو ان في مدة كافية للاسترجاع، شكراً برجاء الإفادة","policy_inquiry","positive","low"
"لو سمحت، حلو ان في مدة كافية للاسترجاع، شكراً ياريت حد يرد عليا","policy_inquiry","positive","low"
"على فكرة، حلو ان في مدة كافية للاسترجاع، شكراً في انتظار ردكم","policy_inquiry","positive","low"
"بجد حلو ان في مدة كافية للاسترجاع، شكراً في انتظار ردكم","policy_inquiry","positive","low"
"على فكرة، حلو ان في مدة كافية للاسترجاع، شكراً","policy_inquiry","positive","low"
"من فضلك، حلو ان في مدة كافية للاسترجاع، شكراً","policy_inquiry","positive","low"
"عايز أعرف مدة الاسترجاع المسموح بها","policy_inquiry","neutral","low"
"لو سمحت، عاوز أعرف مدة الاسترجاع المسموح بها في انتظار ردكم","policy_inquiry","neutral","low"
"طب عاوز أعرف مدة الاسترجاع المسموح بها","policy_inquiry","neutral","low"
"معلش، عايز أعرف مدة الاسترجاع المسموح بها في انتظار ردكم","policy_inquiry","neutral","low"
"طب عايز أعرف مدة الاسترجاع المسموح بها في انتظار ردكم","policy_inquiry","neutral","low"
"طب عايز أعرف مدة الاسترجاع المسموح بها برجاء الإفادة","policy_inquiry","neutral","low"
"عايز أعرف مدة الاسترجاع المسموح بها وشكراً لتعاونكم","policy_inquiry","neutral","low"
"معلش، عاوز أعرف مدة الاسترجاع المسموح بها برجاء الإفادة","policy_inquiry","neutral","low"
"معلش، عايز أعرف مدة الاسترجاع المسموح بها","policy_inquiry","neutral","low"
"من فضلك، عاوز أعرف مدة الاسترجاع المسموح بها","policy_inquiry","neutral","low"
"معلش، عايز أعرف مدة الاسترجاع المسموح بها وشكراً لتعاونكم","policy_inquiry","neutral","low"
"بجد عايز أعرف مدة الاسترجاع المسموح بها","policy_inquiry","neutral","low"
"من فضلك، شكراً على الشرح الواضح لسياسة الإرجاع برجاء الإفادة","policy_inquiry","positive","low"
"شكراً على الشرح الواضح لسياسة الإرجاع","policy_inquiry","positive","low"
"بجد شكراً على الشرح الواضح لسياسة الإرجاع في انتظار ردكم","policy_inquiry","positive","low"
"من فضلك، شكراً على الشرح الواضح لسياسة الإرجاع","policy_inquiry","positive","low"
"لو سمحت، شكراً على الشرح الواضح لسياسة الإرجاع برجاء الإفادة","policy_inquiry","positive","low"
"معلش، شكراً على الشرح الواضح لسياسة الإرجاع","policy_inquiry","positive","low"
"لو سمحت، شكراً على الشرح الواضح لسياسة الإرجاع ياريت حد يرد عليا","policy_inquiry","positive","low"
"على فكرة، شكراً على الشرح الواضح لسياسة الإرجاع وشكراً لتعاونكم","policy_inquiry","positive","low"
"بجد شكراً على الشرح الواضح لسياسة الإرجاع","policy_inquiry","positive","low"
"بجد شكراً على الشرح الواضح لسياسة الإرجاع وشكراً لتعاونكم","policy_inquiry","positive","low"
"لو سمحت، شكراً على الشرح الواضح لسياسة الإرجاع","policy_inquiry","positive","low"
"معلش، شكراً على الشرح الواضح لسياسة الإرجاع في انتظار ردكم","policy_inquiry","positive","low"
"معلش، إيه هي حالات رفض طلب الاسترجاع؟ ياريت حد يرد عليا","policy_inquiry","neutral","low"
"معلش، إيه هي حالات رفض طلب الاسترجاع؟ في انتظار ردكم","policy_inquiry","neutral","low"
"من فضلك، إيه هي حالات رفض طلب الاسترجاع؟ وشكراً لتعاونكم","policy_inquiry","neutral","low"
"إيه هي حالات رفض طلب الاسترجاع؟ وشكراً لتعاونكم","policy_inquiry","neutral","low"
"طب إيه هي حالات رفض طلب الاسترجاع؟ وشكراً لتعاونكم","policy_inquiry","neutral","low"
"إيه هي حالات رفض طلب الاسترجاع؟ برجاء الإفادة","policy_inquiry","neutral","low"
"على فكرة، إيه هي حالات رفض طلب الاسترجاع؟ ياريت حد يرد عليا","policy_inquiry","neutral","low"
"بجد إيه هي حالات رفض طلب الاسترجاع؟ برجاء الإفادة","policy_inquiry","neutral","low"
"بجد إيه هي حالات رفض طلب الاسترجاع؟ ياريت حد يرد عليا","policy_inquiry","neutral","low"
"على فكرة، إيه هي حالات رفض طلب الاسترجاع؟ برجاء الإفادة","policy_inquiry","neutral","low"
"على فكرة، إيه هي حالات رفض طلب الاسترجاع؟ وشكراً لتعاونكم","policy_inquiry","neutral","low"
"إيه هي حالات رفض طلب الاسترجاع؟ في انتظار ردكم","policy_inquiry","neutral","low"
"من فضلك، إيه هي سياسة الاستبدال للمنتجات الإلكترونية؟ وشكراً لتعاونكم","policy_inquiry","neutral","low"
"لو سمحت، إيه هي سياسة الاستبدال للمنتجات الإلكترونية؟ وشكراً لتعاونكم","policy_inquiry","neutral","low"
"على فكرة، إيه هي سياسة الاستبدال للمنتجات الإلكترونية؟ في انتظار ردكم","policy_inquiry","neutral","low"
"لو سمحت، إيه هي سياسة الاستبدال للمنتجات الإلكترونية؟","policy_inquiry","neutral","low"
"من فضلك، إيه هي سياسة الاستبدال للمنتجات الإلكترونية؟","policy_inquiry","neutral","low"
"بجد إيه هي سياسة الاستبدال للمنتجات الإلكترونية؟ ياريت حد يرد عليا","policy_inquiry","neutral","low"
"من فضلك، إيه هي سياسة الاستبدال للمنتجات الإلكترونية؟ برجاء الإفادة","policy_inquiry","neutral","low"
"معلش، إيه هي سياسة الاستبدال للمنتجات الإلكترونية؟ وشكراً لتعاونكم","policy_inquiry","neutral","low"
"طب إيه هي سياسة الاستبدال للمنتجات الإلكترونية؟ وشكراً لتعاونكم","policy_inquiry","neutral","low"
"بجد إيه هي سياسة الاستبدال للمنتجات الإلكترونية؟ وشكراً لتعاونكم","policy_inquiry","neutral","low"
"طب إيه هي سياسة الاستبدال للمنتجات الإلكترونية؟","policy_inquiry","neutral","low"
"على فكرة، إيه هي سياسة الاستبدال للمنتجات الإلكترونية؟","policy_inquiry","neutral","low"
"من فضلك، قربت المدة تخلص، ينفع أرجع المنتج النهاردة؟ في انتظار ردكم","policy_inquiry","neutral","medium"
"من فضلك، قربت المدة تخلص، ينفع أرجع المنتج النهاردة؟","policy_inquiry","neutral","medium"
"بجد قربت المدة تخلص، ينفع ارجع المنتج النهاردة؟ ياريت حد يرد عليا","policy_inquiry","neutral","medium"
"معلش، قربت المدة تخلص، ينفع ارجع المنتج النهاردة؟ برجاء الإفادة","policy_inquiry","neutral","medium"
"بجد قربت المدة تخلص، ينفع أرجع المنتج النهاردة؟ برجاء الإفادة","policy_inquiry","neutral","medium"
"معلش، قربت المدة تخلص، ينفع أرجع المنتج النهاردة؟ في انتظار ردكم","policy_inquiry","neutral","medium"
"طب قربت المدة تخلص، ينفع أرجع المنتج النهاردة؟ في انتظار ردكم","policy_inquiry","neutral","medium"
"طب قربت المدة تخلص، ينفع أرجع المنتج النهاردة؟ برجاء الإفادة","policy_inquiry","neutral","medium"
"بجد قربت المدة تخلص، ينفع أرجع المنتج النهاردة؟ في انتظار ردكم","policy_inquiry","neutral","medium"
"قربت المدة تخلص، ينفع ارجع المنتج النهاردة؟ وشكراً لتعاونكم","policy_inquiry","neutral","medium"
"لو سمحت، قربت المدة تخلص، ينفع أرجع المنتج النهاردة؟","policy_inquiry","neutral","medium"
"قربت المدة تخلص، ينفع أرجع المنتج النهاردة؟ في انتظار ردكم","policy_inquiry","neutral","medium"
"طب أنا مش راضي عن سياسة الاسترجاع المعقدة دي ياريت حد يرد عليا","policy_inquiry","negative","low"
"لو سمحت، أنا مش راضي عن سياسة الاسترجاع المعقدة دي ياريت حد يرد عليا","policy_inquiry","negative","low"
"معلش، أنا مش راضي عن سياسة الاسترجاع المعقدة دي برجاء الإفادة","policy_inquiry","negative","low"
"معلش، أنا مش راضي عن سياسة الاسترجاع المعقدة دي وشكراً لتعاونكم","policy_inquiry","negative","low"
"على فكرة، أنا مش راضي عن سياسة الاسترجاع المعقدة دي برجاء الإفادة","policy_inquiry","negative","low"
"من فضلك، أنا مش راضي عن سياسة الاسترجاع المعقدة دي وشكراً لتعاونكم","policy_inquiry","negative","low"
"أنا مش راضي عن سياسة الاسترجاع المعقدة دي ياريت حد يرد عليا","policy_inquiry","negative","low"
"على فكرة، أنا مش راضي عن سياسة الاسترجاع المعقدة دي ياريت حد يرد عليا","policy_inquiry","negative","low"
"طب أنا مش راضي عن سياسة الاسترجاع المعقدة دي","policy_inquiry","negative","low"
"بجد أنا مش راضي عن سياسة الاسترجاع المعقدة دي في انتظار ردكم","policy_inquiry","negative","low"
"على فكرة، أنا مش راضي عن سياسة الاسترجاع المعقدة دي","policy_inquiry","negative","low"
"بجد أنا مش راضي عن سياسة الاسترجاع المعقدة دي ياريت حد يرد عليا","policy_inquiry","negative","low"
"لو سمحت، الحمد لله المدة كافية، شكراً على التوضيح ياريت حد يرد عليا","policy_inquiry","positive","low"
"الحمد لله المدة كافية، شكراً على التوضيح وشكراً لتعاونكم","policy_inquiry","positive","low"
"بجد الحمد لله المدة كافية، شكراً على التوضيح وشكراً لتعاونكم","policy_inquiry","positive","low"
"طب الحمد لله المدة كافية، شكراً على التوضيح ياريت حد يرد عليا","policy_inquiry","positive","low"
"لو سمحت، الحمد لله المدة كافية، شكراً على التوضيح في انتظار ردكم","policy_inquiry","positive","low"
"الحمد لله المدة كافية، شكراً على التوضيح برجاء الإفادة","policy_inquiry","positive","low"
"على فكرة، الحمد لله المدة كافية، شكراً على التوضيح وشكراً لتعاونكم","policy_inquiry","positive","low"
"بجد الحمد لله المدة كافية، شكراً على التوضيح برجاء الإفادة","policy_inquiry","positive","low"
"على فكرة، الحمد لله المدة كافية، شكراً على التوضيح برجاء الإفادة","policy_inquiry","positive","low"
"معلش، الحمد لله المدة كافية، شكراً على التوضيح وشكراً لتعاونكم","policy_inquiry","positive","low"
"لو سمحت، الحمد لله المدة كافية، شكراً على التوضيح","policy_inquiry","positive","low"
"على فكرة، الحمد لله المدة كافية، شكراً على التوضيح في انتظار ردكم","policy_inquiry","positive","low"
"الوقت ضيق شوية، ينفع أعرف قرار الاستبدال بسرعة؟ ياريت حد يرد عليا","policy_inquiry","neutral","medium"
"طب الوقت ضيق شوية، ينفع أعرف قرار الاستبدال بسرعة؟ وشكراً لتعاونكم","policy_inquiry","neutral","medium"
"من فضلك، الوقت ضيق شوية، ينفع أعرف قرار الاستبدال بسرعة؟ برجاء الإفادة","policy_inquiry","neutral","medium"
"طب الوقت ضيق شوية، ينفع أعرف قرار الاستبدال بسرعة؟ برجاء الإفادة","policy_inquiry","neutral","medium"
"من فضلك، الوقت ضيق شوية، ينفع أعرف قرار الاستبدال بسرعة؟ وشكراً لتعاونكم","policy_inquiry","neutral","medium"
"معلش، الوقت ضيق شوية، ينفع أعرف قرار الاستبدال بسرعة؟","policy_inquiry","neutral","medium"
"على فكرة، الوقت ضيق شوية، ينفع أعرف قرار الاستبدال بسرعة؟ في انتظار ردكم","policy_inquiry","neutral","medium"
"من فضلك، الوقت ضيق شوية، ينفع أعرف قرار الاستبدال بسرعة؟ ياريت حد يرد عليا","policy_inquiry","neutral","medium"
"معلش، الوقت ضيق شوية، ينفع أعرف قرار الاستبدال بسرعة؟ في انتظار ردكم","policy_inquiry","neutral","medium"
"على فكرة، الوقت ضيق شوية، ينفع أعرف قرار الاستبدال بسرعة؟ وشكراً لتعاونكم","policy_inquiry","neutral","medium"
"طب الوقت ضيق شوية، ينفع أعرف قرار الاستبدال بسرعة؟ ياريت حد يرد عليا","policy_inquiry","neutral","medium"
"على فكرة، الوقت ضيق شوية، ينفع أعرف قرار الاستبدال بسرعة؟ ياريت حد يرد عليا","policy_inquiry","neutral","medium"
"معلش، مش متوقع ان يكون الاستبدال بالتعقيد ده","policy_inquiry","negative","low"
"طب مش متوقع ان يكون الاستبدال بالتعقيد ده في انتظار ردكم","policy_inquiry","negative","low"
"معلش، مش متوقع ان يكون الاستبدال بالتعقيد ده ياريت حد يرد عليا","policy_inquiry","negative","low"
"على فكرة، مش متوقع ان يكون الاستبدال بالتعقيد ده وشكراً لتعاونكم","policy_inquiry","negative","low"
"مش متوقع ان يكون الاستبدال بالتعقيد ده برجاء الإفادة","policy_inquiry","negative","low"
"على فكرة، مش متوقع ان يكون الاستبدال بالتعقيد ده ياريت حد يرد عليا","policy_inquiry","negative","low"
"لو سمحت، مش متوقع ان يكون الاستبدال بالتعقيد ده ياريت حد يرد عليا","policy_inquiry","negative","low"
"لو سمحت، مش متوقع ان يكون الاستبدال بالتعقيد ده وشكراً لتعاونكم","policy_inquiry","negative","low"
"على فكرة، مش متوقع ان يكون الاستبدال بالتعقيد ده","policy_inquiry","negative","low"
"على فكرة، مش متوقع ان يكون الاستبدال بالتعقيد ده برجاء الإفادة","policy_inquiry","negative","low"
"معلش، مش متوقع ان يكون الاستبدال بالتعقيد ده وشكراً لتعاونكم","policy_inquiry","negative","low"
"من فضلك، مش متوقع ان يكون الاستبدال بالتعقيد ده ياريت حد يرد عليا","policy_inquiry","negative","low"
"من فضلك، هل ممكن ارجع المنتج لو مفتوح من غير عيب؟ في انتظار ردكم","policy_inquiry","neutral","low"
"طب هل ممكن ارجع المنتج لو مفتوح من غير عيب؟ برجاء الإفادة","policy_inquiry","neutral","low"
"طب هل ممكن أرجع المنتج لو مفتوح من غير عيب؟ ياريت حد يرد عليا","policy_inquiry","neutral","low"
"من فضلك، هل ممكن أرجع المنتج لو مفتوح من غير عيب؟","policy_inquiry","neutral","low"
"بجد هل ممكن ارجع المنتج لو مفتوح من غير عيب؟ وشكراً لتعاونكم","policy_inquiry","neutral","low"
"لو سمحت، هل ممكن ارجع المنتج لو مفتوح من غير عيب؟ ياريت حد يرد عليا","policy_inquiry","neutral","low"
"معلش، هل ممكن أرجع المنتج لو مفتوح من غير عيب؟ ياريت حد يرد عليا","policy_inquiry","neutral","low"
"على فكرة، هل ممكن أرجع المنتج لو مفتوح من غير عيب؟ في انتظار ردكم","policy_inquiry","neutral","low"
"هل ممكن ارجع المنتج لو مفتوح من غير عيب؟ برجاء الإفادة","policy_inquiry","neutral","low"
"بجد هل ممكن ارجع المنتج لو مفتوح من غير عيب؟ ياريت حد يرد عليا","policy_inquiry","neutral","low"
"لو سمحت، هل ممكن أرجع المنتج لو مفتوح من غير عيب؟ في انتظار ردكم","policy_inquiry","neutral","low"
"من فضلك، هل ممكن أرجع المنتج لو مفتوح من غير عيب؟ برجاء الإفادة","policy_inquiry","neutral","low"
"طب حابب أشكركم على وضوح شروط الاستبدال وشكراً لتعاونكم","policy_inquiry","positive","low"
"طب حابب أشكركم على وضوح شروط الاستبدال","policy_inquiry","positive","low"
"حابب أشكركم على وضوح شروط الاستبدال ياريت حد يرد عليا","policy_inquiry","positive","low"
"معلش، حابب أشكركم على وضوح شروط الاستبدال وشكراً لتعاونكم","policy_inquiry","positive","low"
"بجد حابب أشكركم على وضوح شروط الاستبدال برجاء الإفادة","policy_inquiry","positive","low"
"بجد حابب أشكركم على وضوح شروط الاستبدال في انتظار ردكم","policy_inquiry","positive","low"
"لو سمحت، حابب أشكركم على وضوح شروط الاستبدال ياريت حد يرد عليا","policy_inquiry","positive","low"
"لو سمحت، حابب أشكركم على وضوح شروط الاستبدال برجاء الإفادة","policy_inquiry","positive","low"
"معلش، حابب أشكركم على وضوح شروط الاستبدال","policy_inquiry","positive","low"
"معلش، حابب أشكركم على وضوح شروط الاستبدال برجاء الإفادة","policy_inquiry","positive","low"
"حابب أشكركم على وضوح شروط الاستبدال برجاء الإفادة","policy_inquiry","positive","low"
"بجد حابب أشكركم على وضوح شروط الاستبدال وشكراً لتعاونكم","policy_inquiry","positive","low"
"من فضلك، عاوز أعرف هل ينفع أرجع المنتج لو جربته في البيت ياريت حد يرد عليا","policy_inquiry","neutral","low"
"طب عاوز أعرف هل ينفع أرجع المنتج لو جربته في البيت ياريت حد يرد عليا","policy_inquiry","neutral","low"
"بجد عايز أعرف هل ينفع ارجع المنتج لو جربته في البيت","policy_inquiry","neutral","low"
"عايز أعرف هل ينفع أرجع المنتج لو جربته في البيت برجاء الإفادة","policy_inquiry","neutral","low"
"طب عاوز أعرف هل ينفع أرجع المنتج لو جربته في البيت برجاء الإفادة","policy_inquiry","neutral","low"
"لو سمحت، عايز أعرف هل ينفع ارجع المنتج لو جربته في البيت برجاء الإفادة","policy_inquiry","neutral","low"
"عايز أعرف هل ينفع ارجع المنتج لو جربته في البيت وشكراً لتعاونكم","policy_inquiry","neutral","low"
"بجد عاوز أعرف هل ينفع أرجع المنتج لو جربته في البيت برجاء الإفادة","policy_inquiry","neutral","low"
"لو سمحت، عايز أعرف هل ينفع ارجع المنتج لو جربته في البيت في انتظار ردكم","policy_inquiry","neutral","low"
"لو سمحت، عايز أعرف هل ينفع أرجع المنتج لو جربته في البيت","policy_inquiry","neutral","low"
"بجد عايز أعرف هل ينفع أرجع المنتج لو جربته في البيت في انتظار ردكم","policy_inquiry","neutral","low"
"عايز أعرف هل ينفع أرجع المنتج لو جربته في البيت ياريت حد يرد عليا","policy_inquiry","neutral","low"
"من فضلك، إيه هي مدة استرداد الفلوس بعد الإرجاع؟ ياريت حد يرد عليا","policy_inquiry","neutral","low"
"على فكرة، إيه هي مدة استرداد الفلوس بعد الإرجاع؟","policy_inquiry","neutral","low"
"طب إيه هي مدة استرداد الفلوس بعد الإرجاع؟ في انتظار ردكم","policy_inquiry","neutral","low"
"لو سمحت، إيه هي مدة استرداد الفلوس بعد الإرجاع؟ وشكراً لتعاونكم","policy_inquiry","neutral","low"
"طب إيه هي مدة استرداد الفلوس بعد الإرجاع؟ وشكراً لتعاونكم","policy_inquiry","neutral","low"
"لو سمحت، إيه هي مدة استرداد الفلوس بعد الإرجاع؟ في انتظار ردكم","policy_inquiry","neutral","low"
"لو سمحت، إيه هي مدة استرداد الفلوس بعد الإرجاع؟ برجاء الإفادة","policy_inquiry","neutral","low"
"معلش، إيه هي مدة استرداد الفلوس بعد الإرجاع؟ في انتظار ردكم","policy_inquiry","neutral","low"
"معلش، إيه هي مدة استرداد الفلوس بعد الإرجاع؟ برجاء الإفادة","policy_inquiry","neutral","low"
"لو سمحت، إيه هي مدة استرداد الفلوس بعد الإرجاع؟","policy_inquiry","neutral","low"
"بجد إيه هي مدة استرداد الفلوس بعد الإرجاع؟ وشكراً لتعاونكم","policy_inquiry","neutral","low"
"بجد إيه هي مدة استرداد الفلوس بعد الإرجاع؟ برجاء الإفادة","policy_inquiry","neutral","low"
"معلش، المنتج هيخلص عليه الميعاد بكرة، لسه ينفع أرجعه؟","policy_inquiry","neutral","medium"
"بجد المنتج هيخلص عليه الميعاد بكرة، لسا ينفع أرجعه؟","policy_inquiry","neutral","medium"
"المنتج هيخلص عليه الميعاد بكرة، لسه ينفع أرجعه؟","policy_inquiry","neutral","medium"
"لو سمحت، المنتج هيخلص عليه الميعاد بكرة، لسا ينفع أرجعه؟ وشكراً لتعاونكم","policy_inquiry","neutral","medium"
"على فكرة، المنتج هيخلص عليه الميعاد بكرة، لسه ينفع أرجعه؟ وشكراً لتعاونكم","policy_inquiry","neutral","medium"
"على فكرة، المنتج هيخلص عليه الميعاد بكرة، لسه ينفع ارجعه؟","policy_inquiry","neutral","medium"
"المنتج هيخلص عليه الميعاد بكرة، لسا ينفع أرجعه؟ في انتظار ردكم","policy_inquiry","neutral","medium"
"من فضلك، المنتج هيخلص عليه الميعاد بكرة، لسه ينفع أرجعه؟ ياريت حد يرد عليا","policy_inquiry","neutral","medium"
"من فضلك، المنتج هيخلص عليه الميعاد بكرة، لسه ينفع أرجعه؟ وشكراً لتعاونكم","policy_inquiry","neutral","medium"
"معلش، المنتج هيخلص عليه الميعاد بكرة، لسا ينفع أرجعه؟ وشكراً لتعاونكم","policy_inquiry","neutral","medium"
"المنتج هيخلص عليه الميعاد بكرة، لسه ينفع أرجعه؟ برجاء الإفادة","policy_inquiry","neutral","medium"
"المنتج هيخلص عليه الميعاد بكرة، لسه ينفع أرجعه؟ وشكراً لتعاونكم","policy_inquiry","neutral","medium"
"لو سمحت، ينفع ارجع المنتج لو العلبة اتفتحت بس المنتج سليم؟ ياريت حد يرد عليا","policy_inquiry","neutral","low"
"ينفع ارجع المنتج لو العلبة اتفتحت بس المنتج سليم؟","policy_inquiry","neutral","low"
"ينفع أرجع المنتج لو العلبة اتفتحت بس المنتج سليم؟ برجاء الإفادة","policy_inquiry","neutral","low"
"لو سمحت، ينفع أرجع المنتج لو العلبة اتفتحت بس المنتج سليم؟ وشكراً لتعاونكم","policy_inquiry","neutral","low"
"ينفع أرجع المنتج لو العلبة اتفتحت بس المنتج سليم؟ في انتظار ردكم","policy_inquiry","neutral","low"
"طب ينفع أرجع المنتج لو العلبة اتفتحت بس المنتج سليم؟ برجاء الإفادة","policy_inquiry","neutral","low"
"لو سمحت، ينفع ارجع المنتج لو العلبة اتفتحت بس المنتج سليم؟ في انتظار ردكم","policy_inquiry","neutral","low"
"على فكرة، ينفع أرجع المنتج لو العلبة اتفتحت بس المنتج سليم؟ برجاء الإفادة","policy_inquiry","neutral","low"
"طب ينفع ارجع المنتج لو العلبة اتفتحت بس المنتج سليم؟","policy_inquiry","neutral","low"
"ينفع أرجع المنتج لو العلبة اتفتحت بس المنتج سليم؟ وشكراً لتعاونكم","policy_inquiry","neutral","low"
"بجد ينفع أرجع المنتج لو العلبة اتفتحت بس المنتج سليم؟ في انتظار ردكم","policy_inquiry","neutral","low"
"على فكرة، ينفع ارجع المنتج لو العلبة اتفتحت بس المنتج سليم؟ في انتظار ردكم","policy_inquiry","neutral","low"
"طب هل ممكن ارجع منتج اشتريته كهدية بدون فاتورة باسمي؟ ياريت حد يرد عليا","policy_inquiry","neutral","low"
"من فضلك، هل ممكن أرجع منتج اشتريته كهدية بدون فاتورة باسمي؟ في انتظار ردكم","policy_inquiry","neutral","low"
"هل ممكن ارجع منتج اشتريته كهدية بدون فاتورة باسمي؟ برجاء الإفادة","policy_inquiry","neutral","low"
"لو سمحت، هل ممكن أرجع منتج اشتريته كهدية بدون فاتورة باسمي؟","policy_inquiry","neutral","low"
"هل ممكن ارجع منتج اشتريته كهدية بدون فاتورة باسمي؟","policy_inquiry","neutral","low"
"بجد هل ممكن ارجع منتج اشتريته كهدية بدون فاتورة باسمي؟ وشكراً لتعاونكم","policy_inquiry","neutral","low"
"بجد هل ممكن ارجع منتج اشتريته كهدية بدون فاتورة باسمي؟ في انتظار ردكم","policy_inquiry","neutral","low"
"هل ممكن أرجع منتج اشتريته كهدية بدون فاتورة باسمي؟ وشكراً لتعاونكم","policy_inquiry","neutral","low"
"طب هل ممكن ارجع منتج اشتريته كهدية بدون فاتورة باسمي؟","policy_inquiry","neutral","low"
"لو سمحت، هل ممكن أرجع منتج اشتريته كهدية بدون فاتورة باسمي؟ برجاء الإفادة","policy_inquiry","neutral","low"
"هل ممكن أرجع منتج اشتريته كهدية بدون فاتورة باسمي؟ ياريت حد يرد عليا","policy_inquiry","neutral","low"
"لو سمحت، هل ممكن ارجع منتج اشتريته كهدية بدون فاتورة باسمي؟ في انتظار ردكم","policy_inquiry","neutral","low"
"على فكرة، الشروط دي متعبة شوية بالنسبة للاسترجاع في انتظار ردكم","policy_inquiry","negative","low"
"لو سمحت، الشروط دي متعبة شوية بالنسبة للاسترجاع ياريت حد يرد عليا","policy_inquiry","negative","low"
"لو سمحت، الشروط دي متعبة شوية بالنسبة للاسترجاع برجاء الإفادة","policy_inquiry","negative","low"
"من فضلك، الشروط دي متعبة شوية بالنسبة للاسترجاع","policy_inquiry","negative","low"
"من فضلك، الشروط دي متعبة شوية بالنسبة للاسترجاع في انتظار ردكم","policy_inquiry","negative","low"
"لو سمحت، الشروط دي متعبة شوية بالنسبة للاسترجاع في انتظار ردكم","policy_inquiry","negative","low"
"الشروط دي متعبة شوية بالنسبة للاسترجاع في انتظار ردكم","policy_inquiry","negative","low"
"بجد الشروط دي متعبة شوية بالنسبة للاسترجاع برجاء الإفادة","policy_inquiry","negative","low"
"معلش، الشروط دي متعبة شوية بالنسبة للاسترجاع","policy_inquiry","negative","low"
"على فكرة، الشروط دي متعبة شوية بالنسبة للاسترجاع وشكراً لتعاونكم","policy_inquiry","negative","low"
"معلش، الشروط دي متعبة شوية بالنسبة للاسترجاع في انتظار ردكم","policy_inquiry","negative","low"
"طب الشروط دي متعبة شوية بالنسبة للاسترجاع ياريت حد يرد عليا","policy_inquiry","negative","low"
"بجد ممكن توضحوا لي شروط استرجاع الأجهزة الإلكترونية؟ برجاء الإفادة","policy_inquiry","neutral","low"
"من فضلك، ممكن توضحوا لي شروط استرجاع الأجهزة الإلكترونية؟ ياريت حد يرد عليا","policy_inquiry","neutral","low"
"على فكرة، ممكن توضحوا لي شروط استرجاع الأجهزة الإلكترونية؟ وشكراً لتعاونكم","policy_inquiry","neutral","low"
"لو سمحت، ممكن توضحوا لي شروط استرجاع الأجهزة الإلكترونية؟","policy_inquiry","neutral","low"
"طب ممكن توضحوا لي شروط استرجاع الأجهزة الإلكترونية؟ ياريت حد يرد عليا","policy_inquiry","neutral","low"
"على فكرة، ممكن توضحوا لي شروط استرجاع الأجهزة الإلكترونية؟ برجاء الإفادة","policy_inquiry","neutral","low"
"من فضلك، ممكن توضحوا لي شروط استرجاع الأجهزة الإلكترونية؟ برجاء الإفادة","policy_inquiry","neutral","low"
"معلش، ممكن توضحوا لي شروط استرجاع الأجهزة الإلكترونية؟","policy_inquiry","neutral","low"
"لو سمحت، ممكن توضحوا لي شروط استرجاع الأجهزة الإلكترونية؟ وشكراً لتعاونكم","policy_inquiry","neutral","low"
"على فكرة، ممكن توضحوا لي شروط استرجاع الأجهزة الإلكترونية؟","policy_inquiry","neutral","low"
"بجد ممكن توضحوا لي شروط استرجاع الأجهزة الإلكترونية؟","policy_inquiry","neutral","low"
"على فكرة، ممكن توضحوا لي شروط استرجاع الأجهزة الإلكترونية؟ في انتظار ردكم","policy_inquiry","neutral","low"
"عايز أعرف لو معايا وقت كفاية عشان أرجع المنتج في انتظار ردكم","policy_inquiry","neutral","medium"
"بجد عايز أعرف لو معايا وقت كفاية عشان أرجع المنتج ياريت حد يرد عليا","policy_inquiry","neutral","medium"
"لو سمحت، عايز أعرف لو معايا وقت كفاية عشان أرجع المنتج برجاء الإفادة","policy_inquiry","neutral","medium"
"من فضلك، عايز أعرف لو معايا وقت كفاية عشان أرجع المنتج برجاء الإفادة","policy_inquiry","neutral","medium"
"على فكرة، عاوز أعرف لو معايا وقت كفاية عشان أرجع المنتج في انتظار ردكم","policy_inquiry","neutral","medium"
"معلش، عاوز أعرف لو معايا وقت كفاية عشان أرجع المنتج برجاء الإفادة","policy_inquiry","neutral","medium"
"بجد عايز أعرف لو معايا وقت كفاية عشان أرجع المنتج برجاء الإفادة","policy_inquiry","neutral","medium"
"على فكرة، عاوز أعرف لو معايا وقت كفاية عشان أرجع المنتج برجاء الإفادة","policy_inquiry","neutral","medium"
"عايز أعرف لو معايا وقت كفاية عشان ارجع المنتج برجاء الإفادة","policy_inquiry","neutral","medium"
"بجد عايز أعرف لو معايا وقت كفاية عشان أرجع المنتج في انتظار ردكم","policy_inquiry","neutral","medium"
"معلش، عايز أعرف لو معايا وقت كفاية عشان أرجع المنتج ياريت حد يرد عليا","policy_inquiry","neutral","medium"
"من فضلك، عاوز أعرف لو معايا وقت كفاية عشان أرجع المنتج","policy_inquiry","neutral","medium"
"معلش، المدة المسموحة قربت تخلص، محتاج رد سريع عن الاسترجاع وشكراً لتعاونكم","policy_inquiry","neutral","medium"
"المدة المسموحة قربت تخلص، محتاج رد سريع عن الاسترجاع","policy_inquiry","neutral","medium"
"المدة المسموحة قربت تخلص، محتاج رد سريع عن الاسترجاع وشكراً لتعاونكم","policy_inquiry","neutral","medium"
"على فكرة، المدة المسموحة قربت تخلص، محتاج رد سريع عن الاسترجاع","policy_inquiry","neutral","medium"
"معلش، المدة المسموحة قربت تخلص، محتاج رد سريع عن الاسترجاع","policy_inquiry","neutral","medium"
"المدة المسموحة قربت تخلص، محتاج رد سريع عن الاسترجاع في انتظار ردكم","policy_inquiry","neutral","medium"
"لو سمحت، المدة المسموحة قربت تخلص، محتاج رد سريع عن الاسترجاع ياريت حد يرد عليا","policy_inquiry","neutral","medium"
"طب المدة المسموحة قربت تخلص، محتاج رد سريع عن الاسترجاع وشكراً لتعاونكم","policy_inquiry","neutral","medium"
"معلش، المدة المسموحة قربت تخلص، محتاج رد سريع عن الاسترجاع ياريت حد يرد عليا","policy_inquiry","neutral","medium"
"من فضلك، المدة المسموحة قربت تخلص، محتاج رد سريع عن الاسترجاع","policy_inquiry","neutral","medium"
"لو سمحت، المدة المسموحة قربت تخلص، محتاج رد سريع عن الاسترجاع وشكراً لتعاونكم","policy_inquiry","neutral","medium"
"المدة المسموحة قربت تخلص، محتاج رد سريع عن الاسترجاع ياريت حد يرد عليا","policy_inquiry","neutral","medium"
"لو سمحت، إيه الشروط عشان اقدر أرجع المنتج؟ ياريت حد يرد عليا","policy_inquiry","neutral","low"
"على فكرة، إيه الشروط عشان أقدر ارجع المنتج؟","policy_inquiry","neutral","low"
"من فضلك، إيه الشروط عشان أقدر ارجع المنتج؟","policy_inquiry","neutral","low"
"معلش، إيه الشروط عشان أقدر أرجع المنتج؟ برجاء الإفادة","policy_inquiry","neutral","low"
"من فضلك، إيه الشروط عشان أقدر أرجع المنتج؟ في انتظار ردكم","policy_inquiry","neutral","low"
"معلش، إيه الشروط عشان أقدر ارجع المنتج؟ وشكراً لتعاونكم","policy_inquiry","neutral","low"
"بجد إيه الشروط عشان اقدر أرجع المنتج؟ برجاء الإفادة","policy_inquiry","neutral","low"
"طب إيه الشروط عشان أقدر أرجع المنتج؟ برجاء الإفادة","policy_inquiry","neutral","low"
"لو سمحت، إيه الشروط عشان أقدر أرجع المنتج؟ في انتظار ردكم","policy_inquiry","neutral","low"
"إيه الشروط عشان أقدر أرجع المنتج؟","policy_inquiry","neutral","low"
"معلش، إيه الشروط عشان أقدر أرجع المنتج؟","policy_inquiry","neutral","low"
"من فضلك، إيه الشروط عشان اقدر أرجع المنتج؟ برجاء الإفادة","policy_inquiry","neutral","low"
"لو سمحت، هل الاسترجاع بيتم أونلاين ولا لازم أروح فرع؟","policy_inquiry","neutral","low"
"معلش، هل الاسترجاع بيتم أونلاين ولا لازم أروح فرع؟ في انتظار ردكم","policy_inquiry","neutral","low"
"لو سمحت، هل الاسترجاع بيتم أونلاين ولا لازم أروح فرع؟ في انتظار ردكم","policy_inquiry","neutral","low"
"هل الاسترجاع بيتم أونلاين ولا لازم أروح فرع؟ برجاء الإفادة","policy_inquiry","neutral","low"
"معلش، هل الاسترجاع بيتم أونلاين ولا لازم أروح فرع؟ وشكراً لتعاونكم","policy_inquiry","neutral","low"
"هل الاسترجاع بيتم أونلاين ولا لازم أروح فرع؟ ياريت حد يرد عليا","policy_inquiry","neutral","low"
"من فضلك، هل الاسترجاع بيتم أونلاين ولا لازم أروح فرع؟","policy_inquiry","neutral","low"
"معلش، هل الاسترجاع بيتم أونلاين ولا لازم أروح فرع؟","policy_inquiry","neutral","low"
"طب هل الاسترجاع بيتم أونلاين ولا لازم أروح فرع؟ ياريت حد يرد عليا","policy_inquiry","neutral","low"
"من فضلك، هل الاسترجاع بيتم أونلاين ولا لازم أروح فرع؟ ياريت حد يرد عليا","policy_inquiry","neutral","low"
"بجد هل الاسترجاع بيتم أونلاين ولا لازم أروح فرع؟","policy_inquiry","neutral","low"
"من فضلك، هل الاسترجاع بيتم أونلاين ولا لازم أروح فرع؟ وشكراً لتعاونكم","policy_inquiry","neutral","low"
"على فكرة، شكراً على توضيح سياسة الاسترجاع، كانت واضحة ياريت حد يرد عليا","policy_inquiry","positive","low"
"شكراً على توضيح سياسة الاسترجاع، كانت واضحة في انتظار ردكم","policy_inquiry","positive","low"
"من فضلك، شكراً على توضيح سياسة الاسترجاع، كانت واضحة ياريت حد يرد عليا","policy_inquiry","positive","low"
"من فضلك، شكراً على توضيح سياسة الاسترجاع، كانت واضحة في انتظار ردكم","policy_inquiry","positive","low"
"معلش، شكراً على توضيح سياسة الاسترجاع، كانت واضحة","policy_inquiry","positive","low"
"على فكرة، شكراً على توضيح سياسة الاسترجاع، كانت واضحة في انتظار ردكم","policy_inquiry","positive","low"
"شكراً على توضيح سياسة الاسترجاع، كانت واضحة وشكراً لتعاونكم","policy_inquiry","positive","low"
"معلش، شكراً على توضيح سياسة الاسترجاع، كانت واضحة في انتظار ردكم","policy_inquiry","positive","low"
"على فكرة، شكراً على توضيح سياسة الاسترجاع، كانت واضحة وشكراً لتعاونكم","policy_inquiry","positive","low"
"من فضلك، شكراً على توضيح سياسة الاسترجاع، كانت واضحة برجاء الإفادة","policy_inquiry","positive","low"
"طب شكراً على توضيح سياسة الاسترجاع، كانت واضحة وشكراً لتعاونكم","policy_inquiry","positive","low"
"لو سمحت، شكراً على توضيح سياسة الاسترجاع، كانت واضحة برجاء الإفادة","policy_inquiry","positive","low"
"معلش، مبسوط ان الاستبدال سهل عندكم في انتظار ردكم","policy_inquiry","positive","low"
"لو سمحت، مبسوط ان الاستبدال سهل عندكم","policy_inquiry","positive","low"
"على فكرة، مبسوط ان الاستبدال سهل عندكم في انتظار ردكم","policy_inquiry","positive","low"
"من فضلك، مبسوط ان الاستبدال سهل عندكم ياريت حد يرد عليا","policy_inquiry","positive","low"
"طب مبسوط ان الاستبدال سهل عندكم","policy_inquiry","positive","low"
"بجد مبسوط ان الاستبدال سهل عندكم برجاء الإفادة","policy_inquiry","positive","low"
"من فضلك، مبسوط ان الاستبدال سهل عندكم في انتظار ردكم","policy_inquiry","positive","low"
"لو سمحت، مبسوط ان الاستبدال سهل عندكم وشكراً لتعاونكم","policy_inquiry","positive","low"
"لو سمحت، مبسوط ان الاستبدال سهل عندكم برجاء الإفادة","policy_inquiry","positive","low"
"بجد مبسوط ان الاستبدال سهل عندكم ياريت حد يرد عليا","policy_inquiry","positive","low"
"لو سمحت، مبسوط ان الاستبدال سهل عندكم في انتظار ردكم","policy_inquiry","positive","low"
"معلش، مبسوط ان الاستبدال سهل عندكم","policy_inquiry","positive","low"
"على فكرة، الشروط دي صعبة على العميل، مش كده؟ ياريت حد يرد عليا","policy_inquiry","negative","low"
"من فضلك، الشروط دي صعبة على العميل، مش كده؟ برجاء الإفادة","policy_inquiry","negative","low"
"بجد الشروط دي صعبة على العميل، مش كده؟ ياريت حد يرد عليا","policy_inquiry","negative","low"
"معلش، الشروط دي صعبة على العميل، مش كده؟ برجاء الإفادة","policy_inquiry","negative","low"
"طب الشروط دي صعبة على العميل، مش كده؟ ياريت حد يرد عليا","policy_inquiry","negative","low"
"لو سمحت، الشروط دي صعبة على العميل، مش كده؟ برجاء الإفادة","policy_inquiry","negative","low"
"معلش، الشروط دي صعبة على العميل، مش كده؟ ياريت حد يرد عليا","policy_inquiry","negative","low"
"من فضلك، الشروط دي صعبة على العميل، مش كده؟ وشكراً لتعاونكم","policy_inquiry","negative","low"
"بجد الشروط دي صعبة على العميل، مش كده؟","policy_inquiry","negative","low"
"على فكرة، الشروط دي صعبة على العميل، مش كده؟ وشكراً لتعاونكم","policy_inquiry","negative","low"
"على فكرة، الشروط دي صعبة على العميل، مش كده؟ برجاء الإفادة","policy_inquiry","negative","low"
"لو سمحت، الشروط دي صعبة على العميل، مش كده؟","policy_inquiry","negative","low"
"من فضلك، زعلت لما عرفت اني معنديش وقت كافي للاسترجاع برجاء الإفادة","policy_inquiry","negative","low"
"معلش، زعلت لما عرفت اني معنديش وقت كافي للاسترجاع برجاء الإفادة","policy_inquiry","negative","low"
"لو سمحت، زعلت لما عرفت اني معنديش وقت كافي للاسترجاع","policy_inquiry","negative","low"
"معلش، زعلت لما عرفت اني معنديش وقت كافي للاسترجاع ياريت حد يرد عليا","policy_inquiry","negative","low"
"زعلت لما عرفت اني معنديش وقت كافي للاسترجاع برجاء الإفادة","policy_inquiry","negative","low"
"زعلت لما عرفت اني معنديش وقت كافي للاسترجاع في انتظار ردكم","policy_inquiry","negative","low"
"على فكرة، زعلت لما عرفت اني معنديش وقت كافي للاسترجاع","policy_inquiry","negative","low"
"من فضلك، زعلت لما عرفت اني معنديش وقت كافي للاسترجاع وشكراً لتعاونكم","policy_inquiry","negative","low"
"بجد زعلت لما عرفت اني معنديش وقت كافي للاسترجاع","policy_inquiry","negative","low"
"على فكرة، زعلت لما عرفت اني معنديش وقت كافي للاسترجاع في انتظار ردكم","policy_inquiry","negative","low"
"من فضلك، زعلت لما عرفت اني معنديش وقت كافي للاسترجاع","policy_inquiry","negative","low"
"لو سمحت، زعلت لما عرفت اني معنديش وقت كافي للاسترجاع ياريت حد يرد عليا","policy_inquiry","negative","low"
"لو سمحت، عدى عليا كام يوم، عاوز أعرف لو لسه في وقت للاسترجاع برجاء الإفادة","policy_inquiry","neutral","medium"
"بجد عدى عليا كام يوم، عايز أعرف لو لسه في وقت للاسترجاع ياريت حد يرد عليا","policy_inquiry","neutral","medium"
"معلش، عدى عليا كام يوم، عايز أعرف لو لسه في وقت للاسترجاع","policy_inquiry","neutral","medium"
"على فكرة، عدى عليا كام يوم، عايز أعرف لو لسا في وقت للاسترجاع في انتظار ردكم","policy_inquiry","neutral","medium"
"عدى عليا كام يوم، عايز أعرف لو لسا في وقت للاسترجاع","policy_inquiry","neutral","medium"
"طب عدى عليا كام يوم، عايز أعرف لو لسه في وقت للاسترجاع في انتظار ردكم","policy_inquiry","neutral","medium"
"بجد عدى عليا كام يوم، عايز أعرف لو لسه في وقت للاسترجاع وشكراً لتعاونكم","policy_inquiry","neutral","medium"
"لو سمحت، عدى عليا كام يوم، عايز أعرف لو لسا في وقت للاسترجاع وشكراً لتعاونكم","policy_inquiry","neutral","medium"
"لو سمحت، عدى عليا كام يوم، عاوز أعرف لو لسه في وقت للاسترجاع","policy_inquiry","neutral","medium"
"طب عدى عليا كام يوم، عايز أعرف لو لسه في وقت للاسترجاع وشكراً لتعاونكم","policy_inquiry","neutral","medium"
"على فكرة، عدى عليا كام يوم، عايز أعرف لو لسا في وقت للاسترجاع ياريت حد يرد عليا","policy_inquiry","neutral","medium"
"من فضلك، عدى عليا كام يوم، عايز أعرف لو لسا في وقت للاسترجاع في انتظار ردكم","policy_inquiry","neutral","medium"
"بجد قربت الـ14 يوم يخلصوا، محتاج أعرف قرار الاسترجاع بسرعة في انتظار ردكم","policy_inquiry","neutral","medium"
"على فكرة، قربت الـ14 يوم يخلصوا، محتاج أعرف قرار الاسترجاع بسرعة ياريت حد يرد عليا","policy_inquiry","neutral","medium"
"على فكرة، قربت الـ14 يوم يخلصوا، محتاج أعرف قرار الاسترجاع بسرعة في انتظار ردكم","policy_inquiry","neutral","medium"
"قربت الـ14 يوم يخلصوا، محتاج أعرف قرار الاسترجاع بسرعة برجاء الإفادة","policy_inquiry","neutral","medium"
"من فضلك، قربت الـ14 يوم يخلصوا، محتاج أعرف قرار الاسترجاع بسرعة برجاء الإفادة","policy_inquiry","neutral","medium"
"على فكرة، قربت الـ14 يوم يخلصوا، محتاج أعرف قرار الاسترجاع بسرعة","policy_inquiry","neutral","medium"
"قربت الـ14 يوم يخلصوا، محتاج أعرف قرار الاسترجاع بسرعة ياريت حد يرد عليا","policy_inquiry","neutral","medium"
"لو سمحت، قربت الـ14 يوم يخلصوا، محتاج أعرف قرار الاسترجاع بسرعة برجاء الإفادة","policy_inquiry","neutral","medium"
"قربت الـ14 يوم يخلصوا، محتاج أعرف قرار الاسترجاع بسرعة","policy_inquiry","neutral","medium"
"قربت الـ14 يوم يخلصوا، محتاج أعرف قرار الاسترجاع بسرعة في انتظار ردكم","policy_inquiry","neutral","medium"
"على فكرة، قربت الـ14 يوم يخلصوا، محتاج أعرف قرار الاسترجاع بسرعة وشكراً لتعاونكم","policy_inquiry","neutral","medium"
"طب قربت الـ14 يوم يخلصوا، محتاج أعرف قرار الاسترجاع بسرعة ياريت حد يرد عليا","policy_inquiry","neutral","medium"
"من فضلك، ينفع أرجع الـماوس لو استخدمته مرة واحدة بس؟","policy_inquiry","neutral","low"
"طب ينفع ارجع الـموبايل لو استخدمته مرة واحدة بس؟","policy_inquiry","neutral","low"
"على فكرة، ينفع ارجع الـشاحن لو استخدمته مرة واحدة بس؟","policy_inquiry","neutral","low"
"معلش، ينفع ارجع الـلابتوب لو استخدمته مرة واحدة بس؟","policy_inquiry","neutral","low"
"على فكرة، ينفع ارجع الـباور بانك لو استخدمته مرة واحدة بس؟ برجاء الإفادة","policy_inquiry","neutral","low"
"معلش، ينفع أرجع الـكيبورد لو استخدمته مرة واحدة بس؟","policy_inquiry","neutral","low"
"على فكرة، ينفع أرجع الـكيبورد لو استخدمته مرة واحدة بس؟ في انتظار ردكم","policy_inquiry","neutral","low"
"بجد ينفع ارجع الـلابتوب لو استخدمته مرة واحدة بس؟ في انتظار ردكم","policy_inquiry","neutral","low"
"من فضلك، ينفع ارجع الـشاحن لو استخدمته مرة واحدة بس؟ برجاء الإفادة","policy_inquiry","neutral","low"
"على فكرة، ينفع ارجع الـماوس لو استخدمته مرة واحدة بس؟ وشكراً لتعاونكم","policy_inquiry","neutral","low"
"بجد ينفع أرجع الـماوس لو استخدمته مرة واحدة بس؟ ياريت حد يرد عليا","policy_inquiry","neutral","low"
"ينفع ارجع الـشاحن لو استخدمته مرة واحدة بس؟ برجاء الإفادة","policy_inquiry","neutral","low"
"طب ينفع أرجع الـهيدفون لو استخدمته مرة واحدة بس؟ برجاء الإفادة","policy_inquiry","neutral","low"
"ينفع ارجع الـماوس لو استخدمته مرة واحدة بس؟ ياريت حد يرد عليا","policy_inquiry","neutral","low"
"ينفع ارجع الـموبايل لو استخدمته مرة واحدة بس؟ في انتظار ردكم","policy_inquiry","neutral","low"
"من فضلك، ينفع ارجع الـتابلت لو استخدمته مرة واحدة بس؟ في انتظار ردكم","policy_inquiry","neutral","low"
"مش عارف ليه المدة قصيرة كده للاسترجاع","policy_inquiry","negative","low"
"معلش، مش عارف ليه المدة قصيرة كده للاسترجاع في انتظار ردكم","policy_inquiry","negative","low"
"معلش، مش عارف ليه المدة قصيرة كده للاسترجاع ياريت حد يرد عليا","policy_inquiry","negative","low"
"بجد مش عارف ليه المدة قصيرة كده للاسترجاع ياريت حد يرد عليا","policy_inquiry","negative","low"
"على فكرة، مش عارف ليه المدة قصيرة كده للاسترجاع","policy_inquiry","negative","low"
"من فضلك، مش عارف ليه المدة قصيرة كده للاسترجاع وشكراً لتعاونكم","policy_inquiry","negative","low"
"بجد مش عارف ليه المدة قصيرة كده للاسترجاع","policy_inquiry","negative","low"
"على فكرة، مش عارف ليه المدة قصيرة كده للاسترجاع وشكراً لتعاونكم","policy_inquiry","negative","low"
"طب مش عارف ليه المدة قصيرة كده للاسترجاع","policy_inquiry","negative","low"
"مش عارف ليه المدة قصيرة كده للاسترجاع في انتظار ردكم","policy_inquiry","negative","low"
"لو سمحت، مش عارف ليه المدة قصيرة كده للاسترجاع وشكراً لتعاونكم","policy_inquiry","negative","low"
"على فكرة، مش عارف ليه المدة قصيرة كده للاسترجاع برجاء الإفادة","policy_inquiry","negative","low"
"طب قربت المدة القانونية تخلص، ينفع ارجع الـكيبورد؟ في انتظار ردكم","policy_inquiry","neutral","medium"
"قربت المدة القانونية تخلص، ينفع أرجع الـسماعة؟","policy_inquiry","neutral","medium"
"بجد قربت المدة القانونية تخلص، ينفع ارجع الـموبايل؟ ياريت حد يرد عليا","policy_inquiry","neutral","medium"
"من فضلك، قربت المدة القانونية تخلص، ينفع ارجع الـشاحن؟ وشكراً لتعاونكم","policy_inquiry","neutral","medium"
"قربت المدة القانونية تخلص، ينفع أرجع الساعة الذكية؟","policy_inquiry","neutral","medium"
"طب قربت المدة القانونية تخلص، ينفع أرجع الـلابتوب؟ في انتظار ردكم","policy_inquiry","neutral","medium"
"معلش، قربت المدة القانونية تخلص، ينفع ارجع الـهيدفون؟ وشكراً لتعاونكم","policy_inquiry","neutral","medium"
"قربت المدة القانونية تخلص، ينفع ارجع الـتابلت؟ برجاء الإفادة","policy_inquiry","neutral","medium"
"معلش، قربت المدة القانونية تخلص، ينفع ارجع الـهيدفون؟ ياريت حد يرد عليا","policy_inquiry","neutral","medium"
"من فضلك، قربت المدة القانونية تخلص، ينفع ارجع الـكيبورد؟ في انتظار ردكم","policy_inquiry","neutral","medium"
"معلش، قربت المدة القانونية تخلص، ينفع أرجع الـتابلت؟ وشكراً لتعاونكم","policy_inquiry","neutral","medium"
"على فكرة، قربت المدة القانونية تخلص، ينفع أرجع الـسماعة؟ في انتظار ردكم","policy_inquiry","neutral","medium"
"لو سمحت، قربت المدة القانونية تخلص، ينفع أرجع الـكيبورد؟ في انتظار ردكم","policy_inquiry","neutral","medium"
"لو سمحت، قربت المدة القانونية تخلص، ينفع ارجع الـباور بانك؟ وشكراً لتعاونكم","policy_inquiry","neutral","medium"
"قربت المدة القانونية تخلص، ينفع أرجع الساعة الذكية؟ برجاء الإفادة","policy_inquiry","neutral","medium"
"بجد قربت المدة القانونية تخلص، ينفع أرجع الـشاحن؟ برجاء الإفادة","policy_inquiry","neutral","medium"
"لو سمحت، قربت المدة القانونية تخلص، ينفع ارجع الـباور بانك؟ برجاء الإفادة","policy_inquiry","neutral","medium"
"على فكرة، قربت المدة القانونية تخلص، ينفع أرجع الـباور بانك؟ برجاء الإفادة","policy_inquiry","neutral","medium"
"من فضلك، قربت المدة القانونية تخلص، ينفع أرجع الـشاحن؟ ياريت حد يرد عليا","policy_inquiry","neutral","medium"
"بجد قربت المدة القانونية تخلص، ينفع ارجع الـهيدفون؟ في انتظار ردكم","policy_inquiry","neutral","medium"
"على فكرة، مبسوط من مرونة سياسة الاسترجاع عندكم ياريت حد يرد عليا","policy_inquiry","positive","low"
"على فكرة، مبسوط من مرونة سياسة الاسترجاع عندكم","policy_inquiry","positive","low"
"معلش، مبسوط من مرونة سياسة الاسترجاع عندكم وشكراً لتعاونكم","policy_inquiry","positive","low"
"طب مبسوط من مرونة سياسة الاسترجاع عندكم وشكراً لتعاونكم","policy_inquiry","positive","low"
"طب مبسوط من مرونة سياسة الاسترجاع عندكم برجاء الإفادة","policy_inquiry","positive","low"
"مبسوط من مرونة سياسة الاسترجاع عندكم في انتظار ردكم","policy_inquiry","positive","low"
"معلش، مبسوط من مرونة سياسة الاسترجاع عندكم","policy_inquiry","positive","low"
"من فضلك، مبسوط من مرونة سياسة الاسترجاع عندكم في انتظار ردكم","policy_inquiry","positive","low"
"مبسوط من مرونة سياسة الاسترجاع عندكم ياريت حد يرد عليا","policy_inquiry","positive","low"
"من فضلك، مبسوط من مرونة سياسة الاسترجاع عندكم برجاء الإفادة","policy_inquiry","positive","low"
"لو سمحت، مبسوط من مرونة سياسة الاسترجاع عندكم برجاء الإفادة","policy_inquiry","positive","low"
"مبسوط من مرونة سياسة الاسترجاع عندكم برجاء الإفادة","policy_inquiry","positive","low"
"من فضلك، عايز أعرف هل في رسوم على عملية الاستبدال","policy_inquiry","neutral","low"
"طب عايز أعرف هل في رسوم على عملية الاستبدال وشكراً لتعاونكم","policy_inquiry","neutral","low"
"معلش، عاوز أعرف هل في رسوم على عملية الاستبدال","policy_inquiry","neutral","low"
"طب عايز أعرف هل في رسوم على عملية الاستبدال برجاء الإفادة","policy_inquiry","neutral","low"
"على فكرة، عاوز أعرف هل في رسوم على عملية الاستبدال","policy_inquiry","neutral","low"
"من فضلك، عايز أعرف هل في رسوم على عملية الاستبدال في انتظار ردكم","policy_inquiry","neutral","low"
"معلش، عايز أعرف هل في رسوم على عملية الاستبدال وشكراً لتعاونكم","policy_inquiry","neutral","low"
"طب عايز أعرف هل في رسوم على عملية الاستبدال في انتظار ردكم","policy_inquiry","neutral","low"
"عايز أعرف هل في رسوم على عملية الاستبدال","policy_inquiry","neutral","low"
"لو سمحت، عايز أعرف هل في رسوم على عملية الاستبدال","policy_inquiry","neutral","low"
"على فكرة، عايز أعرف هل في رسوم على عملية الاستبدال وشكراً لتعاونكم","policy_inquiry","neutral","low"
"من فضلك، عايز أعرف هل في رسوم على عملية الاستبدال برجاء الإفادة","policy_inquiry","neutral","low"
"لو سمحت، هل ينفع أرجع أكتر من منتج في نفس الوقت؟ في انتظار ردكم","policy_inquiry","neutral","low"
"طب هل ينفع ارجع أكتر من منتج في نفس الوقت؟","policy_inquiry","neutral","low"
"طب هل ينفع أرجع أكتر من منتج في نفس الوقت؟ وشكراً لتعاونكم","policy_inquiry","neutral","low"
"معلش، هل ينفع ارجع أكتر من منتج في نفس الوقت؟ برجاء الإفادة","policy_inquiry","neutral","low"
"بجد هل ينفع أرجع أكتر من منتج في نفس الوقت؟ برجاء الإفادة","policy_inquiry","neutral","low"
"من فضلك، هل ينفع ارجع أكتر من منتج في نفس الوقت؟ ياريت حد يرد عليا","policy_inquiry","neutral","low"
"معلش، هل ينفع أرجع أكتر من منتج في نفس الوقت؟","policy_inquiry","neutral","low"
"على فكرة، هل ينفع ارجع أكتر من منتج في نفس الوقت؟ ياريت حد يرد عليا","policy_inquiry","neutral","low"
"بجد هل ينفع أرجع أكتر من منتج في نفس الوقت؟","policy_inquiry","neutral","low"
"هل ينفع ارجع أكتر من منتج في نفس الوقت؟ في انتظار ردكم","policy_inquiry","neutral","low"
"طب هل ينفع أرجع أكتر من منتج في نفس الوقت؟ ياريت حد يرد عليا","policy_inquiry","neutral","low"
"لو سمحت، هل ينفع أرجع أكتر من منتج في نفس الوقت؟ ياريت حد يرد عليا","policy_inquiry","neutral","low"
"لو سمحت، ينفع أستبدل الـتابلت بموديل تاني؟ في انتظار ردكم","policy_inquiry","neutral","low"
"من فضلك، ينفع أستبدل الـباور بانك بموديل تاني؟ وشكراً لتعاونكم","policy_inquiry","neutral","low"
"بجد ينفع أستبدل الـكيبورد بموديل تاني؟ وشكراً لتعاونكم","policy_inquiry","neutral","low"
"طب ينفع أستبدل الـشاشة بموديل تاني؟ ياريت حد يرد عليا","policy_inquiry","neutral","low"
"ينفع أستبدل الـكاميرا بموديل تاني؟ وشكراً لتعاونكم","policy_inquiry","neutral","low"
"معلش، ينفع أستبدل الساعة الذكية بموديل تاني؟ ياريت حد يرد عليا","policy_inquiry","neutral","low"
"لو سمحت، ينفع أستبدل الـماوس بموديل تاني؟","policy_inquiry","neutral","low"
"معلش، ينفع أستبدل الـماوس بموديل تاني؟ برجاء الإفادة","policy_inquiry","neutral","low"
"معلش، ينفع أستبدل الـلابتوب بموديل تاني؟ ياريت حد يرد عليا","policy_inquiry","neutral","low"
"على فكرة، ينفع أستبدل الـكاميرا بموديل تاني؟ برجاء الإفادة","policy_inquiry","neutral","low"
"بجد ينفع أستبدل الـكيبورد بموديل تاني؟ في انتظار ردكم","policy_inquiry","neutral","low"
"طب ينفع أستبدل الـكيبورد بموديل تاني؟","policy_inquiry","neutral","low"
"على فكرة، ينفع أستبدل الـباور بانك بموديل تاني؟ في انتظار ردكم","policy_inquiry","neutral","low"
"معلش، ينفع أستبدل الـسماعة بموديل تاني؟ في انتظار ردكم","policy_inquiry","neutral","low"
"على فكرة، ينفع أستبدل الـموبايل بموديل تاني؟","policy_inquiry","neutral","low"
"إيه هي شروط استبدال المنتجات؟","policy_inquiry","neutral","low"
"من فضلك، إيه هي شروط استبدال المنتجات؟","policy_inquiry","neutral","low"
"على فكرة، إيه هي شروط استبدال المنتجات؟ ياريت حد يرد عليا","policy_inquiry","neutral","low"
"لو سمحت، إيه هي شروط استبدال المنتجات؟","policy_inquiry","neutral","low"
"إيه هي شروط استبدال المنتجات؟ في انتظار ردكم","policy_inquiry","neutral","low"
"بجد إيه هي شروط استبدال المنتجات؟","policy_inquiry","neutral","low"
"لو سمحت، إيه هي شروط استبدال المنتجات؟ ياريت حد يرد عليا","policy_inquiry","neutral","low"
"على فكرة، إيه هي شروط استبدال المنتجات؟ في انتظار ردكم","policy_inquiry","neutral","low"
"من فضلك، إيه هي شروط استبدال المنتجات؟ في انتظار ردكم","policy_inquiry","neutral","low"
"بجد إيه هي شروط استبدال المنتجات؟ برجاء الإفادة","policy_inquiry","neutral","low"
"لو سمحت، إيه هي شروط استبدال المنتجات؟ برجاء الإفادة","policy_inquiry","neutral","low"
"على فكرة، إيه هي شروط استبدال المنتجات؟ وشكراً لتعاونكم","policy_inquiry","neutral","low"
"لو غيرت رأيي بعد الشراء، ينفع أرجعه؟ برجاء الإفادة","policy_inquiry","neutral","low"
"طب لو غيرت رأيي بعد الشراء، ينفع ارجعه؟","policy_inquiry","neutral","low"
"طب لو غيرت رأيي بعد الشراء، ينفع ارجعه؟ ياريت حد يرد عليا","policy_inquiry","neutral","low"
"بجد لو غيرت رأيي بعد الشراء، ينفع أرجعه؟ ياريت حد يرد عليا","policy_inquiry","neutral","low"
"لو سمحت، لو غيرت رأيي بعد الشراء، ينفع ارجعه؟ وشكراً لتعاونكم","policy_inquiry","neutral","low"
"معلش، لو غيرت رأيي بعد الشراء، ينفع أرجعه؟ وشكراً لتعاونكم","policy_inquiry","neutral","low"
"لو سمحت، لو غيرت رأيي بعد الشراء، ينفع ارجعه؟","policy_inquiry","neutral","low"
"لو غيرت رأيي بعد الشراء، ينفع أرجعه؟","policy_inquiry","neutral","low"
"معلش، لو غيرت رأيي بعد الشراء، ينفع أرجعه؟ برجاء الإفادة","policy_inquiry","neutral","low"
"لو غيرت رأيي بعد الشراء، ينفع أرجعه؟ وشكراً لتعاونكم","policy_inquiry","neutral","low"
"لو غيرت رأيي بعد الشراء، ينفع أرجعه؟ ياريت حد يرد عليا","policy_inquiry","neutral","low"
"لو غيرت رأيي بعد الشراء، ينفع أرجعه؟ في انتظار ردكم","policy_inquiry","neutral","low"
"على فكرة، عاوز أفهم سياسة الاسترجاع بالتفصيل في انتظار ردكم","policy_inquiry","neutral","low"
"عايز أفهم سياسة الاسترجاع بالتفصيل في انتظار ردكم","policy_inquiry","neutral","low"
"بجد عايز أفهم سياسة الاسترجاع بالتفصيل ياريت حد يرد عليا","policy_inquiry","neutral","low"
"من فضلك، عايز أفهم سياسة الاسترجاع بالتفصيل وشكراً لتعاونكم","policy_inquiry","neutral","low"
"طب عايز أفهم سياسة الاسترجاع بالتفصيل في انتظار ردكم","policy_inquiry","neutral","low"
"من فضلك، عايز أفهم سياسة الاسترجاع بالتفصيل برجاء الإفادة","policy_inquiry","neutral","low"
"بجد عاوز أفهم سياسة الاسترجاع بالتفصيل","policy_inquiry","neutral","low"
"عاوز أفهم سياسة الاسترجاع بالتفصيل","policy_inquiry","neutral","low"
"معلش، عايز أفهم سياسة الاسترجاع بالتفصيل برجاء الإفادة","policy_inquiry","neutral","low"
"بجد عايز أفهم سياسة الاسترجاع بالتفصيل في انتظار ردكم","policy_inquiry","neutral","low"
"معلش، عايز أفهم سياسة الاسترجاع بالتفصيل وشكراً لتعاونكم","policy_inquiry","neutral","low"
"من فضلك، عايز أفهم سياسة الاسترجاع بالتفصيل","policy_inquiry","neutral","low"
"لو سمحت، ممكن أعرف سياسة الاسترجاع؟ في انتظار ردكم","policy_inquiry","neutral","low"
"ممكن أعرف سياسة الاسترجاع؟ في انتظار ردكم","policy_inquiry","neutral","low"
"على فكرة، ممكن أعرف سياسة الاسترجاع؟","policy_inquiry","neutral","low"
"من فضلك، ممكن أعرف سياسة الاسترجاع؟ برجاء الإفادة","policy_inquiry","neutral","low"
"بجد ممكن أعرف سياسة الاسترجاع؟","policy_inquiry","neutral","low"
"معلش، ممكن أعرف سياسة الاسترجاع؟ وشكراً لتعاونكم","policy_inquiry","neutral","low"
"معلش، ممكن أعرف سياسة الاسترجاع؟ في انتظار ردكم","policy_inquiry","neutral","low"
"طب ممكن أعرف سياسة الاسترجاع؟ برجاء الإفادة","policy_inquiry","neutral","low"
"طب ممكن أعرف سياسة الاسترجاع؟ ياريت حد يرد عليا","policy_inquiry","neutral","low"
"معلش، ممكن أعرف سياسة الاسترجاع؟ برجاء الإفادة","policy_inquiry","neutral","low"
"لو سمحت، ممكن أعرف سياسة الاسترجاع؟","policy_inquiry","neutral","low"
"معلش، ممكن أعرف سياسة الاسترجاع؟","policy_inquiry","neutral","low"
"طب لو المنتج مش مناسب، ينفع أستبدله؟ برجاء الإفادة","policy_inquiry","neutral","low"
"لو سمحت، لو المنتج مش مناسب، ينفع أستبدله؟ ياريت حد يرد عليا","policy_inquiry","neutral","low"
"على فكرة، لو المنتج مش مناسب، ينفع أستبدله؟ وشكراً لتعاونكم","policy_inquiry","neutral","low"
"بجد لو المنتج مش مناسب، ينفع أستبدله؟ ياريت حد يرد عليا","policy_inquiry","neutral","low"
"من فضلك، لو المنتج مش مناسب، ينفع أستبدله؟ ياريت حد يرد عليا","policy_inquiry","neutral","low"
"بجد لو المنتج مش مناسب، ينفع أستبدله؟ في انتظار ردكم","policy_inquiry","neutral","low"
"من فضلك، لو المنتج مش مناسب، ينفع أستبدله؟ في انتظار ردكم","policy_inquiry","neutral","low"
"معلش، لو المنتج مش مناسب، ينفع أستبدله؟ في انتظار ردكم","policy_inquiry","neutral","low"
"لو سمحت، لو المنتج مش مناسب، ينفع أستبدله؟ وشكراً لتعاونكم","policy_inquiry","neutral","low"
"معلش، لو المنتج مش مناسب، ينفع أستبدله؟ برجاء الإفادة","policy_inquiry","neutral","low"
"لو المنتج مش مناسب، ينفع أستبدله؟","policy_inquiry","neutral","low"
"لو المنتج مش مناسب، ينفع أستبدله؟ ياريت حد يرد عليا","policy_inquiry","neutral","low"
"من فضلك، هل لازم الفاتورة عشان ارجع المنتج؟","policy_inquiry","neutral","low"
"بجد هل لازم الفاتورة عشان أرجع المنتج؟ وشكراً لتعاونكم","policy_inquiry","neutral","low"
"هل لازم الفاتورة عشان أرجع المنتج؟ برجاء الإفادة","policy_inquiry","neutral","low"
"من فضلك، هل لازم الفاتورة عشان أرجع المنتج؟ وشكراً لتعاونكم","policy_inquiry","neutral","low"
"طب هل لازم الفاتورة عشان أرجع المنتج؟ في انتظار ردكم","policy_inquiry","neutral","low"
"من فضلك، هل لازم الفاتورة عشان أرجع المنتج؟ في انتظار ردكم","policy_inquiry","neutral","low"
"معلش، هل لازم الفاتورة عشان ارجع المنتج؟ وشكراً لتعاونكم","policy_inquiry","neutral","low"
"هل لازم الفاتورة عشان ارجع المنتج؟","policy_inquiry","neutral","low"
"على فكرة، هل لازم الفاتورة عشان أرجع المنتج؟ وشكراً لتعاونكم","policy_inquiry","neutral","low"
"معلش، هل لازم الفاتورة عشان أرجع المنتج؟ ياريت حد يرد عليا","policy_inquiry","neutral","low"
"لو سمحت، هل لازم الفاتورة عشان أرجع المنتج؟ برجاء الإفادة","policy_inquiry","neutral","low"
"طب هل لازم الفاتورة عشان أرجع المنتج؟","policy_inquiry","neutral","low"
"من فضلك، حلو أوي ان الاستبدال مجاني للمنتج التالف برجاء الإفادة","policy_inquiry","positive","low"
"حلو أوي ان الاستبدال مجاني للمنتج التالف وشكراً لتعاونكم","policy_inquiry","positive","low"
"معلش، حلو أوي ان الاستبدال مجاني للمنتج التالف برجاء الإفادة","policy_inquiry","positive","low"
"من فضلك، حلو أوي ان الاستبدال مجاني للمنتج التالف وشكراً لتعاونكم","policy_inquiry","positive","low"
"طب حلو أوي ان الاستبدال مجاني للمنتج التالف برجاء الإفادة","policy_inquiry","positive","low"
"معلش، حلو أوي ان الاستبدال مجاني للمنتج التالف وشكراً لتعاونكم","policy_inquiry","positive","low"
"من فضلك، حلو أوي ان الاستبدال مجاني للمنتج التالف ياريت حد يرد عليا","policy_inquiry","positive","low"
"لو سمحت، حلو أوي ان الاستبدال مجاني للمنتج التالف برجاء الإفادة","policy_inquiry","positive","low"
"طب حلو أوي ان الاستبدال مجاني للمنتج التالف ياريت حد يرد عليا","policy_inquiry","positive","low"
"على فكرة، حلو أوي ان الاستبدال مجاني للمنتج التالف ياريت حد يرد عليا","policy_inquiry","positive","low"
"لو سمحت، حلو أوي ان الاستبدال مجاني للمنتج التالف وشكراً لتعاونكم","policy_inquiry","positive","low"
"على فكرة، حلو أوي ان الاستبدال مجاني للمنتج التالف برجاء الإفادة","policy_inquiry","positive","low"
"معلش، الوقت بيمشي وعايز أعرف قرار الاسترجاع بسرعة برجاء الإفادة","policy_inquiry","neutral","medium"
"الوقت بيمشي وعايز أعرف قرار الاسترجاع بسرعة ياريت حد يرد عليا","policy_inquiry","neutral","medium"
"طب الوقت بيمشي وعاوز أعرف قرار الاسترجاع بسرعة ياريت حد يرد عليا","policy_inquiry","neutral","medium"
"طب الوقت بيمشي وعايز أعرف قرار الاسترجاع بسرعة برجاء الإفادة","policy_inquiry","neutral","medium"
"لو سمحت، الوقت بيمشي وعايز أعرف قرار الاسترجاع بسرعة وشكراً لتعاونكم","policy_inquiry","neutral","medium"
"معلش، الوقت بيمشي وعايز أعرف قرار الاسترجاع بسرعة وشكراً لتعاونكم","policy_inquiry","neutral","medium"
"بجد الوقت بيمشي وعاوز أعرف قرار الاسترجاع بسرعة ياريت حد يرد عليا","policy_inquiry","neutral","medium"
"الوقت بيمشي وعاوز أعرف قرار الاسترجاع بسرعة وشكراً لتعاونكم","policy_inquiry","neutral","medium"
"على فكرة، الوقت بيمشي وعاوز أعرف قرار الاسترجاع بسرعة في انتظار ردكم","policy_inquiry","neutral","medium"
"من فضلك، الوقت بيمشي وعايز أعرف قرار الاسترجاع بسرعة ياريت حد يرد عليا","policy_inquiry","neutral","medium"
"لو سمحت، الوقت بيمشي وعايز أعرف قرار الاسترجاع بسرعة ياريت حد يرد عليا","policy_inquiry","neutral","medium"
"على فكرة، الوقت بيمشي وعايز أعرف قرار الاسترجاع بسرعة","policy_inquiry","neutral","medium"
"على فكرة، استغربت من شرط الفاتوره عشان الاسترجاع ياريت حد يرد عليا","policy_inquiry","negative","low"
"لو سمحت، استغربت من شرط الفاتورة عشان الاسترجاع ياريت حد يرد عليا","policy_inquiry","negative","low"
"بجد استغربت من شرط الفاتورة عشان الاسترجاع برجاء الإفادة","policy_inquiry","negative","low"
"معلش، استغربت من شرط الفاتوره عشان الاسترجاع","policy_inquiry","negative","low"
"بجد استغربت من شرط الفاتوره عشان الاسترجاع","policy_inquiry","negative","low"
"من فضلك، استغربت من شرط الفاتورة عشان الاسترجاع ياريت حد يرد عليا","policy_inquiry","negative","low"
"بجد استغربت من شرط الفاتورة عشان الاسترجاع ياريت حد يرد عليا","policy_inquiry","negative","low"
"على فكرة، استغربت من شرط الفاتورة عشان الاسترجاع في انتظار ردكم","policy_inquiry","negative","low"
"معلش، استغربت من شرط الفاتورة عشان الاسترجاع في انتظار ردكم","policy_inquiry","negative","low"
"طب استغربت من شرط الفاتورة عشان الاسترجاع وشكراً لتعاونكم","policy_inquiry","negative","low"
"من فضلك، استغربت من شرط الفاتورة عشان الاسترجاع وشكراً لتعاونكم","policy_inquiry","negative","low"
"من فضلك، استغربت من شرط الفاتوره عشان الاسترجاع برجاء الإفادة","policy_inquiry","negative","low"
"معلش، مش عارف ليه مينفعش أرجع المنتج بعد فتح العلبة، ده مش عدل وشكراً لتعاونكم","policy_inquiry","negative","low"
"من فضلك، مش عارف ليه مينفعش ارجع المنتج بعد فتح العلبة، ده مش عدل برجاء الإفادة","policy_inquiry","negative","low"
"مش عارف ليه مينفعش ارجع المنتج بعد فتح العلبة، ده مش عدل","policy_inquiry","negative","low"
"مش عارف ليه مينفعش أرجع المنتج بعد فتح العلبة، ده مش عدل وشكراً لتعاونكم","policy_inquiry","negative","low"
"بجد مش عارف ليه مينفعش أرجع المنتج بعد فتح العلبة، ده مش عدل في انتظار ردكم","policy_inquiry","negative","low"
"على فكرة، مش عارف ليه مينفعش ارجع المنتج بعد فتح العلبة، ده مش عدل برجاء الإفادة","policy_inquiry","negative","low"
"على فكرة، مش عارف ليه مينفعش أرجع المنتج بعد فتح العلبة، ده مش عدل","policy_inquiry","negative","low"
"معلش، مش عارف ليه مينفعش أرجع المنتج بعد فتح العلبة، ده مش عدل برجاء الإفادة","policy_inquiry","negative","low"
"بجد مش عارف ليه مينفعش أرجع المنتج بعد فتح العلبة، ده مش عدل وشكراً لتعاونكم","policy_inquiry","negative","low"
"طب مش عارف ليه مينفعش أرجع المنتج بعد فتح العلبة، ده مش عدل ياريت حد يرد عليا","policy_inquiry","negative","low"
"بجد مش عارف ليه مينفعش ارجع المنتج بعد فتح العلبة، ده مش عدل ياريت حد يرد عليا","policy_inquiry","negative","low"
"مش عارف ليه مينفعش أرجع المنتج بعد فتح العلبة، ده مش عدل ياريت حد يرد عليا","policy_inquiry","negative","low"
"لو سمحت، مش مقتنع بالسبب اللي مايخليش الاسترجاع سهل برجاء الإفادة","policy_inquiry","negative","low"
"مش مقتنع بالسبب اللي مايخليش الاسترجاع سهل برجاء الإفادة","policy_inquiry","negative","low"
"من فضلك، مش مقتنع بالسبب اللي مايخليش الاسترجاع سهل ياريت حد يرد عليا","policy_inquiry","negative","low"
"من فضلك، مش مقتنع بالسبب اللي مايخليش الاسترجاع سهل برجاء الإفادة","policy_inquiry","negative","low"
"من فضلك، مش مقتنع بالسبب اللي مايخليش الاسترجاع سهل","policy_inquiry","negative","low"
"على فكرة، مش مقتنع بالسبب اللي مايخليش الاسترجاع سهل ياريت حد يرد عليا","policy_inquiry","negative","low"
"طب مش مقتنع بالسبب اللي مايخليش الاسترجاع سهل في انتظار ردكم","policy_inquiry","negative","low"
"معلش، مش مقتنع بالسبب اللي مايخليش الاسترجاع سهل","policy_inquiry","negative","low"
"لو سمحت، مش مقتنع بالسبب اللي مايخليش الاسترجاع سهل","policy_inquiry","negative","low"
"بجد مش مقتنع بالسبب اللي مايخليش الاسترجاع سهل في انتظار ردكم","policy_inquiry","negative","low"
"طب مش مقتنع بالسبب اللي مايخليش الاسترجاع سهل","policy_inquiry","negative","low"
"مش مقتنع بالسبب اللي مايخليش الاسترجاع سهل","policy_inquiry","negative","low"
"على فكرة، هل ممكن أرجع المنتج بعد فتح العلبة؟ وشكراً لتعاونكم","policy_inquiry","neutral","low"
"لو سمحت، هل ممكن أرجع المنتج بعد فتح العلبة؟ برجاء الإفادة","policy_inquiry","neutral","low"
"بجد هل ممكن ارجع المنتج بعد فتح العلبة؟ في انتظار ردكم","policy_inquiry","neutral","low"
"هل ممكن أرجع المنتج بعد فتح العلبة؟ ياريت حد يرد عليا","policy_inquiry","neutral","low"
"معلش، هل ممكن أرجع المنتج بعد فتح العلبة؟ برجاء الإفادة","policy_inquiry","neutral","low"
"طب هل ممكن أرجع المنتج بعد فتح العلبة؟ برجاء الإفادة","policy_inquiry","neutral","low"
"على فكرة، هل ممكن أرجع المنتج بعد فتح العلبة؟ في انتظار ردكم","policy_inquiry","neutral","low"
"على فكرة، هل ممكن أرجع المنتج بعد فتح العلبة؟ ياريت حد يرد عليا","policy_inquiry","neutral","low"
"معلش، هل ممكن ارجع المنتج بعد فتح العلبة؟ في انتظار ردكم","policy_inquiry","neutral","low"
"من فضلك، هل ممكن أرجع المنتج بعد فتح العلبة؟","policy_inquiry","neutral","low"
"بجد هل ممكن ارجع المنتج بعد فتح العلبة؟","policy_inquiry","neutral","low"
"على فكرة، هل ممكن أرجع المنتج بعد فتح العلبة؟","policy_inquiry","neutral","low"
"بجد مش عاجبني ان الاسترجاع بيحتاج شروط كتير","policy_inquiry","negative","low"
"معلش، مش عاجبني ان الاسترجاع بيحتاج شروط كتير برجاء الإفادة","policy_inquiry","negative","low"
"على فكرة، مش عاجبني ان الاسترجاع بيحتاج شروط كتير وشكراً لتعاونكم","policy_inquiry","negative","low"
"معلش، مش عاجبني ان الاسترجاع بيحتاج شروط كتير وشكراً لتعاونكم","policy_inquiry","negative","low"
"طب مش عاجبني ان الاسترجاع بيحتاج شروط كتير في انتظار ردكم","policy_inquiry","negative","low"
"على فكرة، مش عاجبني ان الاسترجاع بيحتاج شروط كتير","policy_inquiry","negative","low"
"طب مش عاجبني ان الاسترجاع بيحتاج شروط كتير وشكراً لتعاونكم","policy_inquiry","negative","low"
"طب مش عاجبني ان الاسترجاع بيحتاج شروط كتير ياريت حد يرد عليا","policy_inquiry","negative","low"
"معلش، مش عاجبني ان الاسترجاع بيحتاج شروط كتير في انتظار ردكم","policy_inquiry","negative","low"
"من فضلك، مش عاجبني ان الاسترجاع بيحتاج شروط كتير","policy_inquiry","negative","low"
"مش عاجبني ان الاسترجاع بيحتاج شروط كتير في انتظار ردكم","policy_inquiry","negative","low"
"بجد مش عاجبني ان الاسترجاع بيحتاج شروط كتير ياريت حد يرد عليا","policy_inquiry","negative","low"
"الموضوع محبط شوية، سياسة الاسترجاع صعبة ياريت حد يرد عليا","policy_inquiry","negative","low"
"على فكرة، الموضوع محبط شوية، سياسة الاسترجاع صعبة","policy_inquiry","negative","low"
"معلش، الموضوع محبط شوية، سياسة الاسترجاع صعبة","policy_inquiry","negative","low"
"الموضوع محبط شوية، سياسة الاسترجاع صعبة برجاء الإفادة","policy_inquiry","negative","low"
"طب الموضوع محبط شوية، سياسة الاسترجاع صعبة ياريت حد يرد عليا","policy_inquiry","negative","low"
"على فكرة، الموضوع محبط شوية، سياسة الاسترجاع صعبة في انتظار ردكم","policy_inquiry","negative","low"
"الموضوع محبط شوية، سياسة الاسترجاع صعبة في انتظار ردكم","policy_inquiry","negative","low"
"من فضلك، الموضوع محبط شوية، سياسة الاسترجاع صعبة","policy_inquiry","negative","low"
"من فضلك، الموضوع محبط شوية، سياسة الاسترجاع صعبة في انتظار ردكم","policy_inquiry","negative","low"
"لو سمحت، الموضوع محبط شوية، سياسة الاسترجاع صعبة ياريت حد يرد عليا","policy_inquiry","negative","low"
"من فضلك، الموضوع محبط شوية، سياسة الاسترجاع صعبة ياريت حد يرد عليا","policy_inquiry","negative","low"
"من فضلك، الموضوع محبط شوية، سياسة الاسترجاع صعبة وشكراً لتعاونكم","policy_inquiry","negative","low"
"معلش، مش فاهم ليه فيه قيود كتير على الاستبدال وشكراً لتعاونكم","policy_inquiry","negative","low"
"من فضلك، مش فاهم ليه فيه قيود كتير على الاستبدال في انتظار ردكم","policy_inquiry","negative","low"
"على فكرة، مش فاهم ليه فيه قيود كتير على الاستبدال برجاء الإفادة","policy_inquiry","negative","low"
"معلش، مش فاهم ليه فيه قيود كتير على الاستبدال برجاء الإفادة","policy_inquiry","negative","low"
"بجد مش فاهم ليه فيه قيود كتير على الاستبدال برجاء الإفادة","policy_inquiry","negative","low"
"طب مش فاهم ليه فيه قيود كتير على الاستبدال","policy_inquiry","negative","low"
"مش فاهم ليه فيه قيود كتير على الاستبدال ياريت حد يرد عليا","policy_inquiry","negative","low"
"من فضلك، مش فاهم ليه فيه قيود كتير على الاستبدال ياريت حد يرد عليا","policy_inquiry","negative","low"
"على فكرة، مش فاهم ليه فيه قيود كتير على الاستبدال في انتظار ردكم","policy_inquiry","negative","low"
"طب مش فاهم ليه فيه قيود كتير على الاستبدال برجاء الإفادة","policy_inquiry","negative","low"
"لو سمحت، مش فاهم ليه فيه قيود كتير على الاستبدال برجاء الإفادة","policy_inquiry","negative","low"
"من فضلك، مش فاهم ليه فيه قيود كتير على الاستبدال","policy_inquiry","negative","low"
"بجد لو الفاتوره ضاعت مني، ينفع أرجع المنتج برضو؟ في انتظار ردكم","policy_inquiry","neutral","low"
"لو الفاتوره ضاعت مني، ينفع أرجع المنتج برضو؟","policy_inquiry","neutral","low"
"على فكرة، لو الفاتورة ضاعت مني، ينفع أرجع المنتج برضو؟ ياريت حد يرد عليا","policy_inquiry","neutral","low"
"بجد لو الفاتوره ضاعت مني، ينفع أرجع المنتج برضو؟ وشكراً لتعاونكم","policy_inquiry","neutral","low"
"لو سمحت، لو الفاتورة ضاعت مني، ينفع أرجع المنتج برضو؟ ياريت حد يرد عليا","policy_inquiry","neutral","low"
"طب لو الفاتورة ضاعت مني، ينفع ارجع المنتج برضو؟ ياريت حد يرد عليا","policy_inquiry","neutral","low"
"لو سمحت، لو الفاتورة ضاعت مني، ينفع أرجع المنتج برضو؟ وشكراً لتعاونكم","policy_inquiry","neutral","low"
"معلش، لو الفاتورة ضاعت مني، ينفع أرجع المنتج برضو؟ في انتظار ردكم","policy_inquiry","neutral","low"
"طب لو الفاتورة ضاعت مني، ينفع ارجع المنتج برضو؟","policy_inquiry","neutral","low"
"على فكرة، لو الفاتورة ضاعت مني، ينفع ارجع المنتج برضو؟","policy_inquiry","neutral","low"
"على فكرة، لو الفاتورة ضاعت مني، ينفع أرجع المنتج برضو؟ برجاء الإفادة","policy_inquiry","neutral","low"
"لو سمحت، لو الفاتورة ضاعت مني، ينفع أرجع المنتج برضو؟ برجاء الإفادة","policy_inquiry","neutral","low"
"لو سمحت، ينفع أرجع المنتج لو مش عاجبني؟","policy_inquiry","neutral","low"
"على فكرة، ينفع ارجع المنتج لو مش عاجبني؟ برجاء الإفادة","policy_inquiry","neutral","low"
"طب ينفع ارجع المنتج لو مش عاجبني؟","policy_inquiry","neutral","low"
"على فكرة، ينفع أرجع المنتج لو مش عاجبني؟ وشكراً لتعاونكم","policy_inquiry","neutral","low"
"ينفع ارجع المنتج لو مش عاجبني؟ في انتظار ردكم","policy_inquiry","neutral","low"
"معلش، ينفع ارجع المنتج لو مش عاجبني؟ في انتظار ردكم","policy_inquiry","neutral","low"
"من فضلك، ينفع ارجع المنتج لو مش عاجبني؟ ياريت حد يرد عليا","policy_inquiry","neutral","low"
"ينفع ارجع المنتج لو مش عاجبني؟ ياريت حد يرد عليا","policy_inquiry","neutral","low"
"من فضلك، ينفع ارجع المنتج لو مش عاجبني؟ برجاء الإفادة","policy_inquiry","neutral","low"
"ينفع ارجع المنتج لو مش عاجبني؟ برجاء الإفادة","policy_inquiry","neutral","low"
"بجد ينفع ارجع المنتج لو مش عاجبني؟ برجاء الإفادة","policy_inquiry","neutral","low"
"ينفع ارجع المنتج لو مش عاجبني؟ وشكراً لتعاونكم","policy_inquiry","neutral","low"
"معلش، شكراً على المعلومة عن سياسة الاسترجاع في انتظار ردكم","policy_inquiry","positive","low"
"شكراً على المعلومة عن سياسة الاسترجاع ياريت حد يرد عليا","policy_inquiry","positive","low"
"بجد شكراً على المعلومة عن سياسة الاسترجاع في انتظار ردكم","policy_inquiry","positive","low"
"شكراً على المعلومة عن سياسة الاسترجاع","policy_inquiry","positive","low"
"طب شكراً على المعلومة عن سياسة الاسترجاع ياريت حد يرد عليا","policy_inquiry","positive","low"
"طب شكراً على المعلومة عن سياسة الاسترجاع برجاء الإفادة","policy_inquiry","positive","low"
"طب شكراً على المعلومة عن سياسة الاسترجاع","policy_inquiry","positive","low"
"بجد شكراً على المعلومة عن سياسة الاسترجاع","policy_inquiry","positive","low"
"لو سمحت، شكراً على المعلومة عن سياسة الاسترجاع ياريت حد يرد عليا","policy_inquiry","positive","low"
"معلش، شكراً على المعلومة عن سياسة الاسترجاع برجاء الإفادة","policy_inquiry","positive","low"
"معلش، شكراً على المعلومة عن سياسة الاسترجاع وشكراً لتعاونكم","policy_inquiry","positive","low"
"من فضلك، شكراً على المعلومة عن سياسة الاسترجاع برجاء الإفادة","policy_inquiry","positive","low"
"بجد تمام كده، سعيد ان في مرونة في الاسترجاع وشكراً لتعاونكم","policy_inquiry","positive","low"
"بجد تمام كده، سعيد ان في مرونة في الاسترجاع","policy_inquiry","positive","low"
"طب تمام كده، سعيد ان في مرونة في الاسترجاع في انتظار ردكم","policy_inquiry","positive","low"
"من فضلك، تمام كده، سعيد ان في مرونة في الاسترجاع ياريت حد يرد عليا","policy_inquiry","positive","low"
"لو سمحت، تمام كده، سعيد ان في مرونة في الاسترجاع برجاء الإفادة","policy_inquiry","positive","low"
"تمام كده، سعيد ان في مرونة في الاسترجاع ياريت حد يرد عليا","policy_inquiry","positive","low"
"تمام كده، سعيد ان في مرونة في الاسترجاع في انتظار ردكم","policy_inquiry","positive","low"
"على فكرة، تمام كده، سعيد ان في مرونة في الاسترجاع ياريت حد يرد عليا","policy_inquiry","positive","low"
"معلش، تمام كده، سعيد ان في مرونة في الاسترجاع ياريت حد يرد عليا","policy_inquiry","positive","low"
"معلش، تمام كده، سعيد ان في مرونة في الاسترجاع وشكراً لتعاونكم","policy_inquiry","positive","low"
"على فكرة، تمام كده، سعيد ان في مرونة في الاسترجاع في انتظار ردكم","policy_inquiry","positive","low"
"من فضلك، تمام كده، سعيد ان في مرونة في الاسترجاع برجاء الإفادة","policy_inquiry","positive","low"
"على فكرة، هل الاسترجاع بيتم مجاناً ولا فيه تكلفة؟ برجاء الإفادة","policy_inquiry","neutral","low"
"هل الاسترجاع بيتم مجاناً ولا فيه تكلفة؟ في انتظار ردكم","policy_inquiry","neutral","low"
"هل الاسترجاع بيتم مجاناً ولا فيه تكلفة؟ وشكراً لتعاونكم","policy_inquiry","neutral","low"
"من فضلك، هل الاسترجاع بيتم مجاناً ولا فيه تكلفة؟ في انتظار ردكم","policy_inquiry","neutral","low"
"معلش، هل الاسترجاع بيتم مجاناً ولا فيه تكلفة؟","policy_inquiry","neutral","low"
"طب هل الاسترجاع بيتم مجاناً ولا فيه تكلفة؟","policy_inquiry","neutral","low"
"من فضلك، هل الاسترجاع بيتم مجاناً ولا فيه تكلفة؟","policy_inquiry","neutral","low"
"من فضلك، هل الاسترجاع بيتم مجاناً ولا فيه تكلفة؟ وشكراً لتعاونكم","policy_inquiry","neutral","low"
"طب هل الاسترجاع بيتم مجاناً ولا فيه تكلفة؟ ياريت حد يرد عليا","policy_inquiry","neutral","low"
"لو سمحت، هل الاسترجاع بيتم مجاناً ولا فيه تكلفة؟ ياريت حد يرد عليا","policy_inquiry","neutral","low"
"طب هل الاسترجاع بيتم مجاناً ولا فيه تكلفة؟ وشكراً لتعاونكم","policy_inquiry","neutral","low"
"بجد هل الاسترجاع بيتم مجاناً ولا فيه تكلفة؟","policy_inquiry","neutral","low"
"إيه هي مدة الاسترجاع المسموحة بالظبط؟","policy_inquiry","neutral","low"
"بجد إيه هي مدة الاسترجاع المسموحة بالظبط؟ وشكراً لتعاونكم","policy_inquiry","neutral","low"
"معلش، إيه هي مدة الاسترجاع المسموحة بالظبط؟ وشكراً لتعاونكم","policy_inquiry","neutral","low"
"بجد إيه هي مدة الاسترجاع المسموحة بالظبط؟ ياريت حد يرد عليا","policy_inquiry","neutral","low"
"لو سمحت، إيه هي مدة الاسترجاع المسموحة بالظبط؟ في انتظار ردكم","policy_inquiry","neutral","low"
"إيه هي مدة الاسترجاع المسموحة بالظبط؟ وشكراً لتعاونكم","policy_inquiry","neutral","low"
"لو سمحت، إيه هي مدة الاسترجاع المسموحة بالظبط؟ وشكراً لتعاونكم","policy_inquiry","neutral","low"
"بجد إيه هي مدة الاسترجاع المسموحة بالظبط؟","policy_inquiry","neutral","low"
"طب إيه هي مدة الاسترجاع المسموحة بالظبط؟ ياريت حد يرد عليا","policy_inquiry","neutral","low"
"بجد إيه هي مدة الاسترجاع المسموحة بالظبط؟ في انتظار ردكم","policy_inquiry","neutral","low"
"من فضلك، إيه هي مدة الاسترجاع المسموحة بالظبط؟ برجاء الإفادة","policy_inquiry","neutral","low"
"لو سمحت، إيه هي مدة الاسترجاع المسموحة بالظبط؟ ياريت حد يرد عليا","policy_inquiry","neutral","low"
"على فكرة، المنتج عندي من مدة وعايز أتأكد لسه ينفع ارجاعه ياريت حد يرد عليا","policy_inquiry","neutral","medium"
"بجد المنتج عندي من مدة وعاوز أتأكد لسه ينفع ارجاعه وشكراً لتعاونكم","policy_inquiry","neutral","medium"
"بجد المنتج عندي من مدة وعايز أتأكد لسه ينفع ارجاعه","policy_inquiry","neutral","medium"
"من فضلك، المنتج عندي من مدة وعايز أتأكد لسا ينفع ارجاعه ياريت حد يرد عليا","policy_inquiry","neutral","medium"
"طب المنتج عندي من مدة وعايز أتأكد لسه ينفع ارجاعه","policy_inquiry","neutral","medium"
"المنتج عندي من مدة وعاوز أتأكد لسه ينفع ارجاعه ياريت حد يرد عليا","policy_inquiry","neutral","medium"
"من فضلك، المنتج عندي من مدة وعايز أتأكد لسه ينفع ارجاعه","policy_inquiry","neutral","medium"
"لو سمحت، المنتج عندي من مدة وعاوز أتأكد لسه ينفع ارجاعه ياريت حد يرد عليا","policy_inquiry","neutral","medium"
"طب المنتج عندي من مدة وعايز أتأكد لسه ينفع ارجاعه برجاء الإفادة","policy_inquiry","neutral","medium"
"المنتج عندي من مدة وعاوز أتأكد لسه ينفع ارجاعه في انتظار ردكم","policy_inquiry","neutral","medium"
"من فضلك، المنتج عندي من مدة وعايز أتأكد لسه ينفع ارجاعه وشكراً لتعاونكم","policy_inquiry","neutral","medium"
"المنتج عندي من مدة وعايز أتأكد لسه ينفع ارجاعه برجاء الإفادة","policy_inquiry","neutral","medium"
"بجد المنتج عندي من فترة، لسا ينفع استبداله؟ وشكراً لتعاونكم","policy_inquiry","neutral","medium"
"معلش، المنتج عندي من فترة، لسا ينفع استبداله؟ في انتظار ردكم","policy_inquiry","neutral","medium"
"من فضلك، المنتج عندي من فترة، لسه ينفع استبداله؟ في انتظار ردكم","policy_inquiry","neutral","medium"
"لو سمحت، المنتج عندي من فترة، لسا ينفع استبداله؟","policy_inquiry","neutral","medium"
"المنتج عندي من فترة، لسا ينفع استبداله؟ وشكراً لتعاونكم","policy_inquiry","neutral","medium"
"المنتج عندي من فترة، لسا ينفع استبداله؟","policy_inquiry","neutral","medium"
"على فكرة، المنتج عندي من فترة، لسه ينفع استبداله؟ برجاء الإفادة","policy_inquiry","neutral","medium"
"بجد المنتج عندي من فترة، لسه ينفع استبداله؟ برجاء الإفادة","policy_inquiry","neutral","medium"
"طب المنتج عندي من فترة، لسا ينفع استبداله؟","policy_inquiry","neutral","medium"
"معلش، المنتج عندي من فترة، لسا ينفع استبداله؟","policy_inquiry","neutral","medium"
"المنتج عندي من فترة، لسه ينفع استبداله؟ برجاء الإفادة","policy_inquiry","neutral","medium"
"طب المنتج عندي من فترة، لسه ينفع استبداله؟ في انتظار ردكم","policy_inquiry","neutral","medium"
"معلش، إيه هي خطوات عملية الاسترجاع؟ ياريت حد يرد عليا","policy_inquiry","neutral","low"
"معلش، إيه هي خطوات عملية الاسترجاع؟ برجاء الإفادة","policy_inquiry","neutral","low"
"إيه هي خطوات عملية الاسترجاع؟ في انتظار ردكم","policy_inquiry","neutral","low"
"لو سمحت، إيه هي خطوات عملية الاسترجاع؟","policy_inquiry","neutral","low"
"لو سمحت، إيه هي خطوات عملية الاسترجاع؟ وشكراً لتعاونكم","policy_inquiry","neutral","low"
"من فضلك، إيه هي خطوات عملية الاسترجاع؟","policy_inquiry","neutral","low"
"لو سمحت، إيه هي خطوات عملية الاسترجاع؟ برجاء الإفادة","policy_inquiry","neutral","low"
"طب إيه هي خطوات عملية الاسترجاع؟ وشكراً لتعاونكم","policy_inquiry","neutral","low"
"إيه هي خطوات عملية الاسترجاع؟ برجاء الإفادة","policy_inquiry","neutral","low"
"على فكرة، إيه هي خطوات عملية الاسترجاع؟","policy_inquiry","neutral","low"
"بجد إيه هي خطوات عملية الاسترجاع؟ برجاء الإفادة","policy_inquiry","neutral","low"
"من فضلك، إيه هي خطوات عملية الاسترجاع؟ في انتظار ردكم","policy_inquiry","neutral","low"
"معلش، استلمت الطلب من أسبوعين تقريباً، ينفع أرجعه لسه؟ في انتظار ردكم","policy_inquiry","neutral","medium"
"معلش، استلمت الطلب من أسبوعين تقريباً، ينفع ارجعه لسه؟ ياريت حد يرد عليا","policy_inquiry","neutral","medium"
"معلش، استلمت الطلب من أسبوعين تقريباً، ينفع أرجعه لسه؟ برجاء الإفادة","policy_inquiry","neutral","medium"
"لو سمحت، استلمت الطلب من أسبوعين تقريباً، ينفع أرجعه لسا؟","policy_inquiry","neutral","medium"
"طب استلمت الطلب من أسبوعين تقريباً، ينفع أرجعه لسا؟ ياريت حد يرد عليا","policy_inquiry","neutral","medium"
"على فكرة، استلمت الطلب من أسبوعين تقريباً، ينفع ارجعه لسه؟ في انتظار ردكم","policy_inquiry","neutral","medium"
"طب استلمت الطلب من أسبوعين تقريباً، ينفع أرجعه لسا؟ برجاء الإفادة","policy_inquiry","neutral","medium"
"لو سمحت، استلمت الطلب من أسبوعين تقريباً، ينفع أرجعه لسه؟ برجاء الإفادة","policy_inquiry","neutral","medium"
"من فضلك، استلمت الطلب من أسبوعين تقريباً، ينفع ارجعه لسه؟ وشكراً لتعاونكم","policy_inquiry","neutral","medium"
"طب استلمت الطلب من أسبوعين تقريباً، ينفع أرجعه لسه؟ وشكراً لتعاونكم","policy_inquiry","neutral","medium"
"طب استلمت الطلب من أسبوعين تقريباً، ينفع أرجعه لسا؟","policy_inquiry","neutral","medium"
"على فكرة، استلمت الطلب من أسبوعين تقريباً، ينفع ارجعه لسه؟","policy_inquiry","neutral","medium"
"بجد محتاج أعرف بسرعة هل لسا في وقت للاسترجاع ولا لأ برجاء الإفادة","policy_inquiry","neutral","medium"
"طب محتاج أعرف بسرعة هل لسه في وقت للاسترجاع ولا لأ وشكراً لتعاونكم","policy_inquiry","neutral","medium"
"معلش، محتاج أعرف بسرعة هل لسه في وقت للاسترجاع ولا لأ برجاء الإفادة","policy_inquiry","neutral","medium"
"بجد محتاج أعرف بسرعة هل لسا في وقت للاسترجاع ولا لأ في انتظار ردكم","policy_inquiry","neutral","medium"
"لو سمحت، محتاج أعرف بسرعة هل لسه في وقت للاسترجاع ولا لأ في انتظار ردكم","policy_inquiry","neutral","medium"
"من فضلك، محتاج أعرف بسرعة هل لسه في وقت للاسترجاع ولا لأ في انتظار ردكم","policy_inquiry","neutral","medium"
"طب محتاج أعرف بسرعة هل لسه في وقت للاسترجاع ولا لأ ياريت حد يرد عليا","policy_inquiry","neutral","medium"
"من فضلك، محتاج أعرف بسرعة هل لسه في وقت للاسترجاع ولا لأ ياريت حد يرد عليا","policy_inquiry","neutral","medium"
"معلش، محتاج أعرف بسرعة هل لسه في وقت للاسترجاع ولا لأ في انتظار ردكم","policy_inquiry","neutral","medium"
"معلش، محتاج أعرف بسرعة هل لسه في وقت للاسترجاع ولا لأ ياريت حد يرد عليا","policy_inquiry","neutral","medium"
"طب محتاج أعرف بسرعة هل لسه في وقت للاسترجاع ولا لأ","policy_inquiry","neutral","medium"
"على فكرة، محتاج أعرف بسرعة هل لسه في وقت للاسترجاع ولا لأ برجاء الإفادة","policy_inquiry","neutral","medium"
"محتاج أعرف بسرعة هل لسا في وقت للاسترجاع ولا لأ برجاء الإفادة","policy_inquiry","neutral","medium"
"من فضلك، محتاج أعرف بسرعة هل لسا في وقت للاسترجاع ولا لأ وشكراً لتعاونكم","policy_inquiry","neutral","medium"
"بجد محتاج أعرف بسرعة هل لسا في وقت للاسترجاع ولا لأ ياريت حد يرد عليا","policy_inquiry","neutral","medium"
"بجد محتاج أعرف بسرعة هل لسه في وقت للاسترجاع ولا لأ وشكراً لتعاونكم","policy_inquiry","neutral","medium"
"بجد محتاج أعرف بسرعة هل لسه في وقت للاسترجاع ولا لأ","policy_inquiry","neutral","medium"
"على فكرة، هل في حد أدنى للمدة قبل ما أقدر ارجع المنتج؟ ياريت حد يرد عليا","policy_inquiry","neutral","low"
"من فضلك، هل في حد أدنى للمدة قبل ما أقدر أرجع المنتج؟","policy_inquiry","neutral","low"
"هل في حد أدنى للمدة قبل ما أقدر أرجع المنتج؟","policy_inquiry","neutral","low"
"هل في حد أدنى للمدة قبل ما أقدر أرجع المنتج؟ برجاء الإفادة","policy_inquiry","neutral","low"
"هل في حد أدنى للمدة قبل ما اقدر أرجع المنتج؟ ياريت حد يرد عليا","policy_inquiry","neutral","low"
"من فضلك، هل في حد أدنى للمدة قبل ما أقدر ارجع المنتج؟ برجاء الإفادة","policy_inquiry","neutral","low"
"معلش، هل في حد أدنى للمدة قبل ما أقدر ارجع المنتج؟ في انتظار ردكم","policy_inquiry","neutral","low"
"بجد هل في حد أدنى للمدة قبل ما أقدر ارجع المنتج؟ وشكراً لتعاونكم","policy_inquiry","neutral","low"
"طب هل في حد أدنى للمدة قبل ما أقدر أرجع المنتج؟ وشكراً لتعاونكم","policy_inquiry","neutral","low"
"معلش، هل في حد أدنى للمدة قبل ما أقدر ارجع المنتج؟","policy_inquiry","neutral","low"
"على فكرة، هل في حد أدنى للمدة قبل ما اقدر أرجع المنتج؟ برجاء الإفادة","policy_inquiry","neutral","low"
"طب هل في حد أدنى للمدة قبل ما أقدر ارجع المنتج؟ برجاء الإفادة","policy_inquiry","neutral","low"
"لو سمحت، هل في حد أدنى للمدة قبل ما اقدر أرجع المنتج؟ وشكراً لتعاونكم","policy_inquiry","neutral","low"
"طب هل في حد أدنى للمدة قبل ما أقدر ارجع المنتج؟","policy_inquiry","neutral","low"
"من فضلك، هل في حد أدنى للمدة قبل ما اقدر أرجع المنتج؟ وشكراً لتعاونكم","policy_inquiry","neutral","low"
"على فكرة، هل في حد أدنى للمدة قبل ما أقدر ارجع المنتج؟ وشكراً لتعاونكم","policy_inquiry","neutral","low"
"من فضلك، هل في حد أدنى للمدة قبل ما أقدر أرجع المنتج؟ في انتظار ردكم","policy_inquiry","neutral","low"
"طب هل في حد أدنى للمدة قبل ما اقدر أرجع المنتج؟ في انتظار ردكم","policy_inquiry","neutral","low"
"معلش، هل في حد أدنى للمدة قبل ما أقدر أرجع المنتج؟ ياريت حد يرد عليا","policy_inquiry","neutral","low"
"بجد هل في حد أدنى للمدة قبل ما أقدر أرجع المنتج؟ ياريت حد يرد عليا","policy_inquiry","neutral","low"
"هل في حد أدنى للمدة قبل ما أقدر أرجع المنتج؟ وشكراً لتعاونكم","policy_inquiry","neutral","low"
"لو سمحت، هل في حد أدنى للمدة قبل ما أقدر أرجع المنتج؟ ياريت حد يرد عليا","policy_inquiry","neutral","low"
"لو سمحت، مش مبسوط من سياسة الاسترجاع الصعبة كده في انتظار ردكم","policy_inquiry","negative","low"
"طب مش مبسوط من سياسة الاسترجاع الصعبة كده ياريت حد يرد عليا","policy_inquiry","negative","low"
"طب مش مبسوط من سياسة الاسترجاع الصعبة كده","policy_inquiry","negative","low"
"من فضلك، مش مبسوط من سياسة الاسترجاع الصعبة كده","policy_inquiry","negative","low"
"مش مبسوط من سياسة الاسترجاع الصعبة كده برجاء الإفادة","policy_inquiry","negative","low"
"مش مبسوط من سياسة الاسترجاع الصعبة كده ياريت حد يرد عليا","policy_inquiry","negative","low"
"بجد مش مبسوط من سياسة الاسترجاع الصعبة كده وشكراً لتعاونكم","policy_inquiry","negative","low"
"مش مبسوط من سياسة الاسترجاع الصعبة كده","policy_inquiry","negative","low"
"من فضلك، مش مبسوط من سياسة الاسترجاع الصعبة كده وشكراً لتعاونكم","policy_inquiry","negative","low"
"معلش، مش مبسوط من سياسة الاسترجاع الصعبة كده","policy_inquiry","negative","low"
"طب مش مبسوط من سياسة الاسترجاع الصعبة كده برجاء الإفادة","policy_inquiry","negative","low"
"معلش، مش مبسوط من سياسة الاسترجاع الصعبة كده وشكراً لتعاونكم","policy_inquiry","negative","low"
"بجد مش مبسوط من سياسة الاسترجاع الصعبة كده في انتظار ردكم","policy_inquiry","negative","low"
"على فكرة، هل الاسترجاع متاح لكل المنتجات ولا في استثناءات؟ وشكراً لتعاونكم","policy_inquiry","neutral","low"
"لو سمحت، هل الاسترجاع متاح لكل المنتجات ولا في استثناءات؟ وشكراً لتعاونكم","policy_inquiry","neutral","low"
"على فكرة، هل الاسترجاع متاح لكل المنتجات ولا في استثناءات؟","policy_inquiry","neutral","low"
"هل الاسترجاع متاح لكل المنتجات ولا في استثناءات؟ ياريت حد يرد عليا","policy_inquiry","neutral","low"
"بجد هل الاسترجاع متاح لكل المنتجات ولا في استثناءات؟","policy_inquiry","neutral","low"
"طب هل الاسترجاع متاح لكل المنتجات ولا في استثناءات؟ وشكراً لتعاونكم","policy_inquiry","neutral","low"
"على فكرة، هل الاسترجاع متاح لكل المنتجات ولا في استثناءات؟ ياريت حد يرد عليا","policy_inquiry","neutral","low"
"هل الاسترجاع متاح لكل المنتجات ولا في استثناءات؟ في انتظار ردكم","policy_inquiry","neutral","low"
"على فكرة، هل الاسترجاع متاح لكل المنتجات ولا في استثناءات؟ في انتظار ردكم","policy_inquiry","neutral","low"
"معلش، هل الاسترجاع متاح لكل المنتجات ولا في استثناءات؟ وشكراً لتعاونكم","policy_inquiry","neutral","low"
"معلش، هل الاسترجاع متاح لكل المنتجات ولا في استثناءات؟ برجاء الإفادة","policy_inquiry","neutral","low"
"بجد هل الاسترجاع متاح لكل المنتجات ولا في استثناءات؟ برجاء الإفادة","policy_inquiry","neutral","low"
"بجد هل الاسترجاع متاح لكل المنتجات ولا في استثناءات؟ في انتظار ردكم","policy_inquiry","neutral","low"
"لو سمحت، هل الاسترجاع متاح لكل المنتجات ولا في استثناءات؟","policy_inquiry","neutral","low"
"من فضلك، هل الاسترجاع متاح لكل المنتجات ولا في استثناءات؟ في انتظار ردكم","policy_inquiry","neutral","low"
"على فكرة، استلمت المنتج من 12 يوم، لسه في مجال للاسترجاع؟ في انتظار ردكم","policy_inquiry","neutral","medium"
"استلمت المنتج من 12 يوم، لسه في مجال للاسترجاع؟ ياريت حد يرد عليا","policy_inquiry","neutral","medium"
"معلش، استلمت المنتج من 12 يوم، لسه في مجال للاسترجاع؟ برجاء الإفادة","policy_inquiry","neutral","medium"
"طب استلمت المنتج من 12 يوم، لسه في مجال للاسترجاع؟","policy_inquiry","neutral","medium"
"من فضلك، استلمت المنتج من 12 يوم، لسا في مجال للاسترجاع؟ في انتظار ردكم","policy_inquiry","neutral","medium"
"على فكرة، استلمت المنتج من 12 يوم، لسه في مجال للاسترجاع؟ وشكراً لتعاونكم","policy_inquiry","neutral","medium"
"لو سمحت، استلمت المنتج من 12 يوم، لسا في مجال للاسترجاع؟ ياريت حد يرد عليا","policy_inquiry","neutral","medium"
"معلش، استلمت المنتج من 12 يوم، لسه في مجال للاسترجاع؟","policy_inquiry","neutral","medium"
"طب استلمت المنتج من 12 يوم، لسا في مجال للاسترجاع؟ في انتظار ردكم","policy_inquiry","neutral","medium"
"طب استلمت المنتج من 12 يوم، لسه في مجال للاسترجاع؟ برجاء الإفادة","policy_inquiry","neutral","medium"
"معلش، استلمت المنتج من 12 يوم، لسا في مجال للاسترجاع؟ ياريت حد يرد عليا","policy_inquiry","neutral","medium"
"من فضلك، استلمت المنتج من 12 يوم، لسه في مجال للاسترجاع؟ ياريت حد يرد عليا","policy_inquiry","neutral","medium"
"معلش، استلمت المنتج من 12 يوم، لسه في مجال للاسترجاع؟ في انتظار ردكم","policy_inquiry","neutral","medium"
"بجد استلمت المنتج من 12 يوم، لسا في مجال للاسترجاع؟","policy_inquiry","neutral","medium"
"معلش، استلمت المنتج من 12 يوم، لسا في مجال للاسترجاع؟ وشكراً لتعاونكم","policy_inquiry","neutral","medium"
"لو سمحت، استلمت المنتج من 12 يوم، لسه في مجال للاسترجاع؟ برجاء الإفادة","policy_inquiry","neutral","medium"
"بجد استلمت المنتج من 12 يوم، لسه في مجال للاسترجاع؟ ياريت حد يرد عليا","policy_inquiry","neutral","medium"
"على فكرة، استلمت المنتج من 12 يوم، لسا في مجال للاسترجاع؟ ياريت حد يرد عليا","policy_inquiry","neutral","medium"
"بجد استلمت المنتج من 12 يوم، لسا في مجال للاسترجاع؟ برجاء الإفادة","policy_inquiry","neutral","medium"
"معلش، عاوز أعرف تفاصيل ضمان استبدال المنتج التالف ياريت حد يرد عليا","policy_inquiry","neutral","low"
"على فكرة، عايز أعرف تفاصيل ضمان استبدال المنتج التالف برجاء الإفادة","policy_inquiry","neutral","low"
"بجد عايز أعرف تفاصيل ضمان استبدال المنتج التالف ياريت حد يرد عليا","policy_inquiry","neutral","low"
"لو سمحت، عاوز أعرف تفاصيل ضمان استبدال المنتج التالف في انتظار ردكم","policy_inquiry","neutral","low"
"على فكرة، عايز أعرف تفاصيل ضمان استبدال المنتج التالف ياريت حد يرد عليا","policy_inquiry","neutral","low"
"عايز أعرف تفاصيل ضمان استبدال المنتج التالف وشكراً لتعاونكم","policy_inquiry","neutral","low"
"عايز أعرف تفاصيل ضمان استبدال المنتج التالف برجاء الإفادة","policy_inquiry","neutral","low"
"من فضلك، عايز أعرف تفاصيل ضمان استبدال المنتج التالف","policy_inquiry","neutral","low"
"معلش، عايز أعرف تفاصيل ضمان استبدال المنتج التالف","policy_inquiry","neutral","low"
"طب عايز أعرف تفاصيل ضمان استبدال المنتج التالف برجاء الإفادة","policy_inquiry","neutral","low"
"طب عايز أعرف تفاصيل ضمان استبدال المنتج التالف","policy_inquiry","neutral","low"
"من فضلك، عايز أعرف تفاصيل ضمان استبدال المنتج التالف ياريت حد يرد عليا","policy_inquiry","neutral","low"
"طب عايز أعرف تفاصيل ضمان استبدال المنتج التالف في انتظار ردكم","policy_inquiry","neutral","low"
"لو سمحت، عايز أعرف تفاصيل ضمان استبدال المنتج التالف وشكراً لتعاونكم","policy_inquiry","neutral","low"
"عايز أعرف تفاصيل ضمان استبدال المنتج التالف ياريت حد يرد عليا","policy_inquiry","neutral","low"
"عايز أعرف تفاصيل ضمان استبدال المنتج التالف في انتظار ردكم","policy_inquiry","neutral","low"
"معلش، حسيت ان سياسة الاستبدال فيها تعقيد زيادة ياريت حد يرد عليا","policy_inquiry","negative","low"
"بجد حسيت ان سياسة الاستبدال فيها تعقيد زيادة","policy_inquiry","negative","low"
"من فضلك، حسيت ان سياسة الاستبدال فيها تعقيد زيادة","policy_inquiry","negative","low"
"بجد حسيت ان سياسة الاستبدال فيها تعقيد زيادة في انتظار ردكم","policy_inquiry","negative","low"
"بجد حسيت ان سياسة الاستبدال فيها تعقيد زيادة برجاء الإفادة","policy_inquiry","negative","low"
"على فكرة، حسيت ان سياسة الاستبدال فيها تعقيد زيادة برجاء الإفادة","policy_inquiry","negative","low"
"معلش، حسيت ان سياسة الاستبدال فيها تعقيد زيادة في انتظار ردكم","policy_inquiry","negative","low"
"لو سمحت، حسيت ان سياسة الاستبدال فيها تعقيد زيادة في انتظار ردكم","policy_inquiry","negative","low"
"على فكرة، حسيت ان سياسة الاستبدال فيها تعقيد زيادة ياريت حد يرد عليا","policy_inquiry","negative","low"
"لو سمحت، حسيت ان سياسة الاستبدال فيها تعقيد زيادة","policy_inquiry","negative","low"
"طب حسيت ان سياسة الاستبدال فيها تعقيد زيادة وشكراً لتعاونكم","policy_inquiry","negative","low"
"حسيت ان سياسة الاستبدال فيها تعقيد زيادة ياريت حد يرد عليا","policy_inquiry","negative","low"
"من فضلك، حسيت ان سياسة الاستبدال فيها تعقيد زيادة في انتظار ردكم","policy_inquiry","negative","low"
"من فضلك، حسيت ان سياسة الاستبدال فيها تعقيد زيادة برجاء الإفادة","policy_inquiry","negative","low"
"لو سمحت، حسيت ان سياسة الاستبدال فيها تعقيد زيادة برجاء الإفادة","policy_inquiry","negative","low"
"على فكرة، عايز أعرف إجراءات استبدال المنتج التالف برجاء الإفادة","policy_inquiry","neutral","low"
"طب عاوز أعرف إجراءات استبدال المنتج التالف ياريت حد يرد عليا","policy_inquiry","neutral","low"
"على فكرة، عاوز أعرف إجراءات استبدال المنتج التالف ياريت حد يرد عليا","policy_inquiry","neutral","low"
"بجد عايز أعرف إجراءات استبدال المنتج التالف وشكراً لتعاونكم","policy_inquiry","neutral","low"
"على فكرة، عاوز أعرف إجراءات استبدال المنتج التالف","policy_inquiry","neutral","low"
"بجد عاوز أعرف إجراءات استبدال المنتج التالف ياريت حد يرد عليا","policy_inquiry","neutral","low"
"لو سمحت، عاوز أعرف إجراءات استبدال المنتج التالف","policy_inquiry","neutral","low"
"من فضلك، عايز أعرف إجراءات استبدال المنتج التالف ياريت حد يرد عليا","policy_inquiry","neutral","low"
"على فكرة، عايز أعرف إجراءات استبدال المنتج التالف في انتظار ردكم","policy_inquiry","neutral","low"
"من فضلك، عايز أعرف إجراءات استبدال المنتج التالف برجاء الإفادة","policy_inquiry","neutral","low"
"بجد عاوز أعرف إجراءات استبدال المنتج التالف برجاء الإفادة","policy_inquiry","neutral","low"
"لو سمحت، عايز أعرف إجراءات استبدال المنتج التالف ياريت حد يرد عليا","policy_inquiry","neutral","low"
"لو سمحت، عايز أعرف إجراءات استبدال المنتج التالف وشكراً لتعاونكم","policy_inquiry","neutral","low"
"طب عايز أعرف إجراءات استبدال المنتج التالف","policy_inquiry","neutral","low"
"معلش، عايز أعرف إجراءات استبدال المنتج التالف","policy_inquiry","neutral","low"
"طب عايز أعرف إجراءات استبدال المنتج التالف وشكراً لتعاونكم","policy_inquiry","neutral","low"
"عايز أعرف إجراءات استبدال المنتج التالف في انتظار ردكم","policy_inquiry","neutral","low"
"بجد لو المنتج وصل بحالة كويسة بس مش عاجبني، ينفع ارجعه؟ وشكراً لتعاونكم","policy_inquiry","neutral","low"
"على فكرة، لو المنتج وصل بحالة كويسة بس مش عاجبني، ينفع أرجعه؟ في انتظار ردكم","policy_inquiry","neutral","low"
"لو المنتج وصل بحالة كويسة بس مش عاجبني، ينفع أرجعه؟ وشكراً لتعاونكم","policy_inquiry","neutral","low"
"طب لو المنتج وصل بحالة كويسة بس مش عاجبني، ينفع أرجعه؟ برجاء الإفادة","policy_inquiry","neutral","low"
"طب لو المنتج وصل بحالة كويسة بس مش عاجبني، ينفع ارجعه؟ وشكراً لتعاونكم","policy_inquiry","neutral","low"
"بجد لو المنتج وصل بحالة كويسة بس مش عاجبني، ينفع ارجعه؟ ياريت حد يرد عليا","policy_inquiry","neutral","low"
"من فضلك، لو المنتج وصل بحالة كويسة بس مش عاجبني، ينفع أرجعه؟ في انتظار ردكم","policy_inquiry","neutral","low"
"طب لو المنتج وصل بحالة كويسة بس مش عاجبني، ينفع أرجعه؟ ياريت حد يرد عليا","policy_inquiry","neutral","low"
"بجد لو المنتج وصل بحالة كويسة بس مش عاجبني، ينفع ارجعه؟ في انتظار ردكم","policy_inquiry","neutral","low"
"بجد لو المنتج وصل بحالة كويسة بس مش عاجبني، ينفع ارجعه؟","policy_inquiry","neutral","low"
"من فضلك، لو المنتج وصل بحالة كويسة بس مش عاجبني، ينفع أرجعه؟ ياريت حد يرد عليا","policy_inquiry","neutral","low"
"من فضلك، الساعة الذكية وصلت بشاشة مكسوره تماماً","complaint","negative","high"
"من فضلك، الساعة الذكية وصلت بشاشة مكسوره تماماً في انتظار ردكم","complaint","negative","high"
"طب الساعة الذكية وصلت بشاشة مكسوره تماماً برجاء الإفادة","complaint","negative","high"
"الساعة الذكية وصلت بشاشة مكسورة تماماً وشكراً لتعاونكم","complaint","negative","high"
"لو سمحت، الساعة الذكية وصلت بشاشة مكسوره تماماً برجاء الإفادة","complaint","negative","high"
"لو سمحت، الساعة الذكية وصلت بشاشة مكسورة تماماً","complaint","negative","high"
"طب الساعة الذكية وصلت بشاشة مكسوره تماماً وشكراً لتعاونكم","complaint","negative","high"
"معلش، الساعة الذكية وصلت بشاشة مكسوره تماماً في انتظار ردكم","complaint","negative","high"
"لو سمحت، الساعة الذكية وصلت بشاشة مكسورة تماماً وشكراً لتعاونكم","complaint","negative","high"
"بجد الساعة الذكية وصلت بشاشة مكسوره تماماً برجاء الإفادة","complaint","negative","high"
"من فضلك، الساعة الذكية وصلت بشاشة مكسوره تماماً برجاء الإفادة","complaint","negative","high"
"الساعة الذكية وصلت بشاشة مكسوره تماماً في انتظار ردكم","complaint","negative","high"
"لو سمحت، عاوز أوضح مشكلة حصلت من غير ما أكون متضايق أوي في انتظار ردكم","complaint","neutral","medium"
"من فضلك، عايز أوضح مشكلة حصلت من غير ما أكون متضايق أوي","complaint","neutral","medium"
"بجد عاوز أوضح مشكلة حصلت من غير ما أكون متضايق أوي","complaint","neutral","medium"
"بجد عايز أوضح مشكلة حصلت من غير ما أكون متضايق أوي وشكراً لتعاونكم","complaint","neutral","medium"
"على فكرة، عايز أوضح مشكلة حصلت من غير ما أكون متضايق أوي ياريت حد يرد عليا","complaint","neutral","medium"
"على فكرة، عاوز أوضح مشكلة حصلت من غير ما أكون متضايق أوي برجاء الإفادة","complaint","neutral","medium"
"من فضلك، عايز أوضح مشكلة حصلت من غير ما أكون متضايق أوي ياريت حد يرد عليا","complaint","neutral","medium"
"لو سمحت، عايز أوضح مشكلة حصلت من غير ما أكون متضايق أوي برجاء الإفادة","complaint","neutral","medium"
"بجد عاوز أوضح مشكلة حصلت من غير ما أكون متضايق أوي برجاء الإفادة","complaint","neutral","medium"
"على فكرة، عايز أوضح مشكلة حصلت من غير ما أكون متضايق أوي في انتظار ردكم","complaint","neutral","medium"
"عايز أوضح مشكلة حصلت من غير ما أكون متضايق أوي ياريت حد يرد عليا","complaint","neutral","medium"
"معلش، عاوز أوضح مشكلة حصلت من غير ما أكون متضايق أوي ياريت حد يرد عليا","complaint","neutral","medium"
"بجد كل حاجة تمام تقريباً، بس فيه تفصيلة بسيطة حابب أذكرها","complaint","negative","low"
"على فكرة، كل حاجة تمام تقريباً، بس فيه تفصيلة بسيطة حابب أذكرها ياريت حد يرد عليا","complaint","negative","low"
"طب كل حاجة تمام تقريباً، بس فيه تفصيلة بسيطة حابب أذكرها في انتظار ردكم","complaint","negative","low"
"لو سمحت، كل حاجة تمام تقريباً، بس فيه تفصيلة بسيطة حابب أذكرها ياريت حد يرد عليا","complaint","negative","low"
"من فضلك، كل حاجة تمام تقريباً، بس فيه تفصيلة بسيطة حابب أذكرها في انتظار ردكم","complaint","negative","low"
"كل حاجة تمام تقريباً، بس فيه تفصيلة بسيطة حابب أذكرها ياريت حد يرد عليا","complaint","negative","low"
"من فضلك، كل حاجة تمام تقريباً، بس فيه تفصيلة بسيطة حابب أذكرها","complaint","negative","low"
"من فضلك، كل حاجة تمام تقريباً، بس فيه تفصيلة بسيطة حابب أذكرها برجاء الإفادة","complaint","negative","low"
"على فكرة، كل حاجة تمام تقريباً، بس فيه تفصيلة بسيطة حابب أذكرها برجاء الإفادة","complaint","negative","low"
"معلش، كل حاجة تمام تقريباً، بس فيه تفصيلة بسيطة حابب أذكرها ياريت حد يرد عليا","complaint","negative","low"
"لو سمحت، كل حاجة تمام تقريباً، بس فيه تفصيلة بسيطة حابب أذكرها وشكراً لتعاونكم","complaint","negative","low"
"طب كل حاجة تمام تقريباً، بس فيه تفصيلة بسيطة حابب أذكرها ياريت حد يرد عليا","complaint","negative","low"
"طب مش زعلان بس حابب أبلغكم عن مشكلة بسيطة في الأوردر ياريت حد يرد عليا","complaint","neutral","medium"
"بجد مش زعلان بس حابب أبلغكم عن مشكلة بسيطة في الاوردر ياريت حد يرد عليا","complaint","neutral","medium"
"على فكرة، مش زعلان بس حابب أبلغكم عن مشكلة بسيطة في الأوردر برجاء الإفادة","complaint","neutral","medium"
"لو سمحت، مش زعلان بس حابب أبلغكم عن مشكلة بسيطة في الأوردر وشكراً لتعاونكم","complaint","neutral","medium"
"بجد مش زعلان بس حابب أبلغكم عن مشكلة بسيطة في الأوردر برجاء الإفادة","complaint","neutral","medium"
"من فضلك، مش زعلان بس حابب أبلغكم عن مشكلة بسيطة في الأوردر وشكراً لتعاونكم","complaint","neutral","medium"
"مش زعلان بس حابب أبلغكم عن مشكلة بسيطة في الأوردر","complaint","neutral","medium"
"لو سمحت، مش زعلان بس حابب أبلغكم عن مشكلة بسيطة في الاوردر برجاء الإفادة","complaint","neutral","medium"
"بجد مش زعلان بس حابب أبلغكم عن مشكلة بسيطة في الأوردر وشكراً لتعاونكم","complaint","neutral","medium"
"من فضلك، مش زعلان بس حابب أبلغكم عن مشكلة بسيطة في الأوردر في انتظار ردكم","complaint","neutral","medium"
"مش زعلان بس حابب أبلغكم عن مشكلة بسيطة في الأوردر برجاء الإفادة","complaint","neutral","medium"
"على فكرة، مش زعلان بس حابب أبلغكم عن مشكلة بسيطة في الاوردر","complaint","neutral","medium"
"طب التغليف كان سيء جداً والمنتج اتضرر بسببه","complaint","negative","high"
"التغليف كان سيء جداً والمنتج اتضرر بسببه ياريت حد يرد عليا","complaint","negative","high"
"بجد التغليف كان سيء جداً والمنتج اتضرر بسببه ياريت حد يرد عليا","complaint","negative","high"
"من فضلك، التغليف كان سيء جداً والمنتج اتضرر بسببه برجاء الإفادة","complaint","negative","high"
"بجد التغليف كان سيء جداً والمنتج اتضرر بسببه وشكراً لتعاونكم","complaint","negative","high"
"على فكرة، التغليف كان سيء جداً والمنتج اتضرر بسببه ياريت حد يرد عليا","complaint","negative","high"
"على فكرة، التغليف كان سيء جداً والمنتج اتضرر بسببه في انتظار ردكم","complaint","negative","high"
"لو سمحت، التغليف كان سيء جداً والمنتج اتضرر بسببه","complaint","negative","high"
"التغليف كان سيء جداً والمنتج اتضرر بسببه","complaint","negative","high"
"على فكرة، التغليف كان سيء جداً والمنتج اتضرر بسببه برجاء الإفادة","complaint","negative","high"
"معلش، التغليف كان سيء جداً والمنتج اتضرر بسببه في انتظار ردكم","complaint","negative","high"
"على فكرة، التغليف كان سيء جداً والمنتج اتضرر بسببه وشكراً لتعاونكم","complaint","negative","high"
"لو سمحت، فيه ملاحظة على المنتج حابب أوضحها من غير زعل في انتظار ردكم","complaint","neutral","medium"
"طب فيه ملاحظة على المنتج حابب أوضحها من غير زعل وشكراً لتعاونكم","complaint","neutral","medium"
"من فضلك، فيه ملاحظة على المنتج حابب أوضحها من غير زعل وشكراً لتعاونكم","complaint","neutral","medium"
"طب فيه ملاحظة على المنتج حابب أوضحها من غير زعل","complaint","neutral","medium"
"بجد فيه ملاحظة على المنتج حابب أوضحها من غير زعل","complaint","neutral","medium"
"لو سمحت، فيه ملاحظة على المنتج حابب أوضحها من غير زعل برجاء الإفادة","complaint","neutral","medium"
"على فكرة، فيه ملاحظة على المنتج حابب أوضحها من غير زعل","complaint","neutral","medium"
"من فضلك، فيه ملاحظة على المنتج حابب أوضحها من غير زعل ياريت حد يرد عليا","complaint","neutral","medium"
"معلش، فيه ملاحظة على المنتج حابب أوضحها من غير زعل","complaint","neutral","medium"
"بجد فيه ملاحظة على المنتج حابب أوضحها من غير زعل في انتظار ردكم","complaint","neutral","medium"
"معلش، فيه ملاحظة على المنتج حابب أوضحها من غير زعل ياريت حد يرد عليا","complaint","neutral","medium"
"طب فيه ملاحظة على المنتج حابب أوضحها من غير زعل برجاء الإفادة","complaint","neutral","medium"
"استلمت المنتج بايظ ومحتاج استبدال فوري","complaint","negative","high"
"طب استلمت المنتج بايظ ومحتاج استبدال فوري برجاء الإفادة","complaint","negative","high"
"لو سمحت، استلمت المنتج بايظ ومحتاج استبدال فوري","complaint","negative","high"
"من فضلك، استلمت المنتج بايظ ومحتاج استبدال فوري","complaint","negative","high"
"لو سمحت، استلمت المنتج بايظ ومحتاج استبدال فوري وشكراً لتعاونكم","complaint","negative","high"
"طب استلمت المنتج بايظ ومحتاج استبدال فوري وشكراً لتعاونكم","complaint","negative","high"
"بجد استلمت المنتج بايظ ومحتاج استبدال فوري","complaint","negative","high"
"بجد استلمت المنتج بايظ ومحتاج استبدال فوري ياريت حد يرد عليا","complaint","negative","high"
"استلمت المنتج بايظ ومحتاج استبدال فوري في انتظار ردكم","complaint","negative","high"
"طب استلمت المنتج بايظ ومحتاج استبدال فوري ياريت حد يرد عليا","complaint","negative","high"
"معلش، استلمت المنتج بايظ ومحتاج استبدال فوري وشكراً لتعاونكم","complaint","negative","high"
"على فكرة، استلمت المنتج بايض ومحتاج استبدال فوري برجاء الإفادة","complaint","negative","high"
"معلش، المنتج كويس عموماً، بس فيه نقطة بسيطة ممكن تتحسن برجاء الإفادة","complaint","negative","low"
"بجد المنتج كويس عموماً، بس فيه نقطة بسيطة ممكن تتحسن في انتظار ردكم","complaint","negative","low"
"معلش، المنتج كويس عموماً، بس فيه نقطة بسيطة ممكن تتحسن وشكراً لتعاونكم","complaint","negative","low"
"طب المنتج كويس عموماً، بس فيه نقطة بسيطة ممكن تتحسن","complaint","negative","low"
"طب المنتج كويس عموماً، بس فيه نقطة بسيطة ممكن تتحسن وشكراً لتعاونكم","complaint","negative","low"
"على فكرة، المنتج كويس عموماً، بس فيه نقطة بسيطة ممكن تتحسن ياريت حد يرد عليا","complaint","negative","low"
"على فكرة، المنتج كويس عموماً، بس فيه نقطة بسيطة ممكن تتحسن في انتظار ردكم","complaint","negative","low"
"معلش، المنتج كويس عموماً، بس فيه نقطة بسيطة ممكن تتحسن ياريت حد يرد عليا","complaint","negative","low"
"من فضلك، المنتج كويس عموماً، بس فيه نقطة بسيطة ممكن تتحسن برجاء الإفادة","complaint","negative","low"
"لو سمحت، المنتج كويس عموماً، بس فيه نقطة بسيطة ممكن تتحسن","complaint","negative","low"
"على فكرة، المنتج كويس عموماً، بس فيه نقطة بسيطة ممكن تتحسن برجاء الإفادة","complaint","negative","low"
"على فكرة، المنتج كويس عموماً، بس فيه نقطة بسيطة ممكن تتحسن","complaint","negative","low"
"معلش، حابب ألفت نظركم لمشكلة بسيطة حصلت في التوصيل","complaint","neutral","medium"
"لو سمحت، حابب ألفت نظركم لمشكلة بسيطة حصلت في التوصيل برجاء الإفادة","complaint","neutral","medium"
"على فكرة، حابب ألفت نظركم لمشكلة بسيطة حصلت في التوصيل برجاء الإفادة","complaint","neutral","medium"
"بجد حابب ألفت نظركم لمشكلة بسيطة حصلت في التوصيل وشكراً لتعاونكم","complaint","neutral","medium"
"بجد حابب ألفت نظركم لمشكلة بسيطة حصلت في التوصيل برجاء الإفادة","complaint","neutral","medium"
"على فكرة، حابب ألفت نظركم لمشكلة بسيطة حصلت في التوصيل","complaint","neutral","medium"
"معلش، حابب ألفت نظركم لمشكلة بسيطة حصلت في التوصيل وشكراً لتعاونكم","complaint","neutral","medium"
"لو سمحت، حابب ألفت نظركم لمشكلة بسيطة حصلت في التوصيل ياريت حد يرد عليا","complaint","neutral","medium"
"معلش، حابب ألفت نظركم لمشكلة بسيطة حصلت في التوصيل في انتظار ردكم","complaint","neutral","medium"
"معلش، حابب ألفت نظركم لمشكلة بسيطة حصلت في التوصيل برجاء الإفادة","complaint","neutral","medium"
"بجد حابب ألفت نظركم لمشكلة بسيطة حصلت في التوصيل ياريت حد يرد عليا","complaint","neutral","medium"
"لو سمحت، حابب ألفت نظركم لمشكلة بسيطة حصلت في التوصيل","complaint","neutral","medium"
"بجد فيه تأخير في الرد على استفساراتي عن المشكلة ياريت حد يرد عليا","complaint","negative","medium"
"من فضلك، فيه تأخير في الرد على استفساراتي عن المشكلة ياريت حد يرد عليا","complaint","negative","medium"
"على فكرة، فيه تأخير في الرد على استفساراتي عن المشكلة ياريت حد يرد عليا","complaint","negative","medium"
"لو سمحت، فيه تأخير في الرد على استفساراتي عن المشكلة","complaint","negative","medium"
"من فضلك، فيه تأخير في الرد على استفساراتي عن المشكلة وشكراً لتعاونكم","complaint","negative","medium"
"طب فيه تأخير في الرد على استفساراتي عن المشكلة وشكراً لتعاونكم","complaint","negative","medium"
"من فضلك، فيه تأخير في الرد على استفساراتي عن المشكلة برجاء الإفادة","complaint","negative","medium"
"طب فيه تأخير في الرد على استفساراتي عن المشكلة في انتظار ردكم","complaint","negative","medium"
"فيه تأخير في الرد على استفساراتي عن المشكلة برجاء الإفادة","complaint","negative","medium"
"طب فيه تأخير في الرد على استفساراتي عن المشكلة ياريت حد يرد عليا","complaint","negative","medium"
"معلش، فيه تأخير في الرد على استفساراتي عن المشكلة برجاء الإفادة","complaint","negative","medium"
"بجد فيه تأخير في الرد على استفساراتي عن المشكلة وشكراً لتعاونكم","complaint","negative","medium"
"بجد مفيش مشكلة كبيرة بس التغليف كان ممكن يكون أحسن وشكراً لتعاونكم","complaint","negative","low"
"طب مفيش مشكلة كبيرة بس التغليف كان ممكن يكون أحسن في انتظار ردكم","complaint","negative","low"
"معلش، مفيش مشكلة كبيرة بس التغليف كان ممكن يكون أحسن","complaint","negative","low"
"من فضلك، مفيش مشكلة كبيرة بس التغليف كان ممكن يكون أحسن","complaint","negative","low"
"لو سمحت، مفيش مشكلة كبيرة بس التغليف كان ممكن يكون أحسن في انتظار ردكم","complaint","negative","low"
"طب مفيش مشكلة كبيرة بس التغليف كان ممكن يكون أحسن","complaint","negative","low"
"لو سمحت، مفيش مشكلة كبيرة بس التغليف كان ممكن يكون أحسن ياريت حد يرد عليا","complaint","negative","low"
"بجد مفيش مشكلة كبيرة بس التغليف كان ممكن يكون أحسن برجاء الإفادة","complaint","negative","low"
"على فكرة، مفيش مشكلة كبيرة بس التغليف كان ممكن يكون أحسن","complaint","negative","low"
"لو سمحت، مفيش مشكلة كبيرة بس التغليف كان ممكن يكون أحسن وشكراً لتعاونكم","complaint","negative","low"
"على فكرة، مفيش مشكلة كبيرة بس التغليف كان ممكن يكون أحسن برجاء الإفادة","complaint","negative","low"
"من فضلك، مفيش مشكلة كبيرة بس التغليف كان ممكن يكون أحسن في انتظار ردكم","complaint","negative","low"
"لو سمحت، فيه نقطة محتاجة تحسين في تجربة الطلب","complaint","neutral","medium"
"طب فيه نقطة محتاجة تحسين في تجربة الطلب في انتظار ردكم","complaint","neutral","medium"
"على فكرة، فيه نقطة محتاجة تحسين في تجربة الطلب في انتظار ردكم","complaint","neutral","medium"
"معلش، فيه نقطة محتاجة تحسين في تجربة الطلب ياريت حد يرد عليا","complaint","neutral","medium"
"لو سمحت، فيه نقطة محتاجة تحسين في تجربة الطلب في انتظار ردكم","complaint","neutral","medium"
"بجد فيه نقطة محتاجة تحسين في تجربة الطلب ياريت حد يرد عليا","complaint","neutral","medium"
"بجد فيه نقطة محتاجة تحسين في تجربة الطلب","complaint","neutral","medium"
"فيه نقطة محتاجة تحسين في تجربة الطلب برجاء الإفادة","complaint","neutral","medium"
"على فكرة، فيه نقطة محتاجة تحسين في تجربة الطلب وشكراً لتعاونكم","complaint","neutral","medium"
"معلش، فيه نقطة محتاجة تحسين في تجربة الطلب في انتظار ردكم","complaint","neutral","medium"
"لو سمحت، فيه نقطة محتاجة تحسين في تجربة الطلب وشكراً لتعاونكم","complaint","neutral","medium"
"معلش، فيه نقطة محتاجة تحسين في تجربة الطلب برجاء الإفادة","complaint","neutral","medium"
"بجد وصلني منتج غير المطلوب وده أثر على شغلي وشكراً لتعاونكم","complaint","negative","high"
"وصلني منتج غير المطلوب وده أثر على شغلي ياريت حد يرد عليا","complaint","negative","high"
"معلش، وصلني منتج غير المطلوب وده أثر على شغلي وشكراً لتعاونكم","complaint","negative","high"
"لو سمحت، وصلني منتج غير المطلوب وده أثر على شغلي في انتظار ردكم","complaint","negative","high"
"لو سمحت، وصلني منتج غير المطلوب وده أثر على شغلي وشكراً لتعاونكم","complaint","negative","high"
"بجد وصلني منتج غير المطلوب وده أثر على شغلي","complaint","negative","high"
"بجد وصلني منتج غير المطلوب وده أثر على شغلي في انتظار ردكم","complaint","negative","high"
"من فضلك، وصلني منتج غير المطلوب وده أثر على شغلي في انتظار ردكم","complaint","negative","high"
"معلش، وصلني منتج غير المطلوب وده أثر على شغلي في انتظار ردكم","complaint","negative","high"
"على فكرة، وصلني منتج غير المطلوب وده أثر على شغلي في انتظار ردكم","complaint","negative","high"
"وصلني منتج غير المطلوب وده أثر على شغلي في انتظار ردكم","complaint","negative","high"
"وصلني منتج غير المطلوب وده أثر على شغلي وشكراً لتعاونكم","complaint","negative","high"
"معلش، استلمت الـشاحن وهو مش شغال من الأساس وشكراً لتعاونكم","complaint","negative","high"
"لو سمحت، استلمت الـكيبورد وهو مش شغال من الأساس في انتظار ردكم","complaint","negative","high"
"على فكرة، استلمت الـماوس وهو مش شغال من الأساس برجاء الإفادة","complaint","negative","high"
"استلمت الـلابتوب وهو مش شغال من الأساس في انتظار ردكم","complaint","negative","high"
"من فضلك، استلمت الـكيبورد وهو مش شغال من الأساس في انتظار ردكم","complaint","negative","high"
"بجد استلمت الـباور بانك وهو مش شغال من الأساس ياريت حد يرد عليا","complaint","negative","high"
"من فضلك، استلمت الـهيدفون وهو مش شغال من الأساس ياريت حد يرد عليا","complaint","negative","high"
"على فكرة، استلمت الـماوس وهو مش شغال من الأساس","complaint","negative","high"
"معلش، استلمت الـموبايل وهو مش شغال من الأساس في انتظار ردكم","complaint","negative","high"
"من فضلك، استلمت الـلابتوب وهو مش شغال من الأساس","complaint","negative","high"
"طب استلمت الـماوس وهو مش شغال من الأساس ياريت حد يرد عليا","complaint","negative","high"
"على فكرة، استلمت الـباور بانك وهو مش شغال من الأساس ياريت حد يرد عليا","complaint","negative","high"
"بجد استلمت الـماوس وهو مش شغال من الأساس وشكراً لتعاونكم","complaint","negative","high"
"طب استلمت الـماوس وهو مش شغال من الأساس في انتظار ردكم","complaint","negative","high"
"من فضلك، استلمت الـلابتوب وهو مش شغال من الأساس برجاء الإفادة","complaint","negative","high"
"لو سمحت، استلمت الـماوس وهو مش شغال من الأساس ياريت حد يرد عليا","complaint","negative","high"
"بجد استلمت الـماوس وهو مش شغال من الأساس في انتظار ردكم","complaint","negative","high"
"على فكرة، استلمت الـتابلت وهو مش شغال من الأساس في انتظار ردكم","complaint","negative","high"
"طب استلمت الطلب ولقيت نقص في الملحقات المهمة برجاء الإفادة","complaint","negative","high"
"من فضلك، استلمت الطلب ولقيت نقص في الملحقات المهمة في انتظار ردكم","complaint","negative","high"
"بجد استلمت الطلب ولقيت نقص في الملحقات المهمة في انتظار ردكم","complaint","negative","high"
"استلمت الطلب ولقيت نقص في الملحقات المهمة","complaint","negative","high"
"استلمت الطلب ولقيت نقص في الملحقات المهمة في انتظار ردكم","complaint","negative","high"
"على فكرة، استلمت الطلب ولقيت نقص في الملحقات المهمة وشكراً لتعاونكم","complaint","negative","high"
"بجد استلمت الطلب ولقيت نقص في الملحقات المهمة برجاء الإفادة","complaint","negative","high"
"بجد استلمت الطلب ولقيت نقص في الملحقات المهمة ياريت حد يرد عليا","complaint","negative","high"
"طب استلمت الطلب ولقيت نقص في الملحقات المهمة وشكراً لتعاونكم","complaint","negative","high"
"بجد استلمت الطلب ولقيت نقص في الملحقات المهمة","complaint","negative","high"
"من فضلك، استلمت الطلب ولقيت نقص في الملحقات المهمة","complaint","negative","high"
"على فكرة، استلمت الطلب ولقيت نقص في الملحقات المهمة ياريت حد يرد عليا","complaint","negative","high"
"لو سمحت، المنتج وصل بحالة سيئة جداً ومحتاج حل فوري وشكراً لتعاونكم","complaint","negative","high"
"المنتج وصل بحالة سيئة جداً ومحتاج حل فوري وشكراً لتعاونكم","complaint","negative","high"
"على فكرة، المنتج وصل بحالة سيئة جداً ومحتاج حل فوري وشكراً لتعاونكم","complaint","negative","high"
"طب المنتج وصل بحالة سيئة جداً ومحتاج حل فوري","complaint","negative","high"
"طب المنتج وصل بحالة سيئة جداً ومحتاج حل فوري ياريت حد يرد عليا","complaint","negative","high"
"معلش، المنتج وصل بحالة سيئة جداً ومحتاج حل فوري وشكراً لتعاونكم","complaint","negative","high"
"من فضلك، المنتج وصل بحالة سيئة جداً ومحتاج حل فوري وشكراً لتعاونكم","complaint","negative","high"
"المنتج وصل بحالة سيئة جداً ومحتاج حل فوري ياريت حد يرد عليا","complaint","negative","high"
"على فكرة، المنتج وصل بحالة سيئة جداً ومحتاج حل فوري برجاء الإفادة","complaint","negative","high"
"لو سمحت، المنتج وصل بحالة سيئة جداً ومحتاج حل فوري في انتظار ردكم","complaint","negative","high"
"المنتج وصل بحالة سيئة جداً ومحتاج حل فوري","complaint","negative","high"
"لو سمحت، المنتج وصل بحالة سيئة جداً ومحتاج حل فوري ياريت حد يرد عليا","complaint","negative","high"
"مش راضي تماماً عن جودة التغليف بتاع الطلب ياريت حد يرد عليا","complaint","negative","medium"
"بجد مش راضي تماماً عن جودة التغليف بتاع الطلب ياريت حد يرد عليا","complaint","negative","medium"
"طب مش راضي تماماً عن جودة التغليف بتاع الطلب","complaint","negative","medium"
"طب مش راضي تماماً عن جودة التغليف بتاع الطلب برجاء الإفادة","complaint","negative","medium"
"طب مش راضي تماماً عن جودة التغليف بتاع الطلب وشكراً لتعاونكم","complaint","negative","medium"
"معلش، مش راضي تماماً عن جودة التغليف بتاع الطلب","complaint","negative","medium"
"على فكرة، مش راضي تماماً عن جودة التغليف بتاع الطلب ياريت حد يرد عليا","complaint","negative","medium"
"معلش، مش راضي تماماً عن جودة التغليف بتاع الطلب في انتظار ردكم","complaint","negative","medium"
"بجد مش راضي تماماً عن جودة التغليف بتاع الطلب في انتظار ردكم","complaint","negative","medium"
"معلش، مش راضي تماماً عن جودة التغليف بتاع الطلب برجاء الإفادة","complaint","negative","medium"
"مش راضي تماماً عن جودة التغليف بتاع الطلب وشكراً لتعاونكم","complaint","negative","medium"
"مش راضي تماماً عن جودة التغليف بتاع الطلب برجاء الإفادة","complaint","negative","medium"
"معلش، المنتج وقف عن العمل بعد يوم واحد من الاستلام ياريت حد يرد عليا","complaint","negative","high"
"على فكرة، المنتج وقف عن العمل بعد يوم واحد من الاستلام","complaint","negative","high"
"المنتج وقف عن العمل بعد يوم واحد من الاستلام في انتظار ردكم","complaint","negative","high"
"معلش، المنتج وقف عن العمل بعد يوم واحد من الاستلام وشكراً لتعاونكم","complaint","negative","high"
"معلش، المنتج وقف عن العمل بعد يوم واحد من الاستلام برجاء الإفادة","complaint","negative","high"
"من فضلك، المنتج وقف عن العمل بعد يوم واحد من الاستلام وشكراً لتعاونكم","complaint","negative","high"
"لو سمحت، المنتج وقف عن العمل بعد يوم واحد من الاستلام برجاء الإفادة","complaint","negative","high"
"لو سمحت، المنتج وقف عن العمل بعد يوم واحد من الاستلام في انتظار ردكم","complaint","negative","high"
"لو سمحت، المنتج وقف عن العمل بعد يوم واحد من الاستلام","complaint","negative","high"
"المنتج وقف عن العمل بعد يوم واحد من الاستلام","complaint","negative","high"
"بجد المنتج وقف عن العمل بعد يوم واحد من الاستلام في انتظار ردكم","complaint","negative","high"
"معلش، المنتج وقف عن العمل بعد يوم واحد من الاستلام في انتظار ردكم","complaint","negative","high"
"الخدمة كانت أقل من المتوقع في الطلب ده في انتظار ردكم","complaint","negative","medium"
"طب الخدمة كانت أقل من المتوقع في الطلب ده برجاء الإفادة","complaint","negative","medium"
"معلش، الخدمه كانت أقل من المتوقع في الطلب ده في انتظار ردكم","complaint","negative","medium"
"الخدمه كانت أقل من المتوقع في الطلب ده ياريت حد يرد عليا","complaint","negative","medium"
"بجد الخدمه كانت أقل من المتوقع في الطلب ده برجاء الإفادة","complaint","negative","medium"
"بجد الخدمه كانت أقل من المتوقع في الطلب ده","complaint","negative","medium"
"على فكرة، الخدمة كانت أقل من المتوقع في الطلب ده ياريت حد يرد عليا","complaint","negative","medium"
"على فكرة، الخدمه كانت أقل من المتوقع في الطلب ده وشكراً لتعاونكم","complaint","negative","medium"
"من فضلك، الخدمة كانت أقل من المتوقع في الطلب ده","complaint","negative","medium"
"الخدمه كانت أقل من المتوقع في الطلب ده","complaint","negative","medium"
"طب الخدمة كانت أقل من المتوقع في الطلب ده ياريت حد يرد عليا","complaint","negative","medium"
"طب الخدمه كانت أقل من المتوقع في الطلب ده وشكراً لتعاونكم","complaint","negative","medium"
"مش مستعجل بس حابب أذكر ان فيه خدش بسيط في العلبة برجاء الإفادة","complaint","negative","low"
"بجد مش مستعجل بس حابب أذكر ان فيه خدش بسيط في العلبة ياريت حد يرد عليا","complaint","negative","low"
"على فكرة، مش مستعجل بس حابب أذكر ان فيه خدش بسيط في العلبة","complaint","negative","low"
"طب مش مستعجل بس حابب أذكر ان فيه خدش بسيط في العلبة في انتظار ردكم","complaint","negative","low"
"مش مستعجل بس حابب أذكر ان فيه خدش بسيط في العلبة وشكراً لتعاونكم","complaint","negative","low"
"مش مستعجل بس حابب أذكر ان فيه خدش بسيط في العلبة ياريت حد يرد عليا","complaint","negative","low"
"من فضلك، مش مستعجل بس حابب أذكر ان فيه خدش بسيط في العلبة برجاء الإفادة","complaint","negative","low"
"لو سمحت، مش مستعجل بس حابب أذكر ان فيه خدش بسيط في العلبة وشكراً لتعاونكم","complaint","negative","low"
"معلش، مش مستعجل بس حابب أذكر ان فيه خدش بسيط في العلبة ياريت حد يرد عليا","complaint","negative","low"
"طب مش مستعجل بس حابب أذكر ان فيه خدش بسيط في العلبة وشكراً لتعاونكم","complaint","negative","low"
"على فكرة، مش مستعجل بس حابب أذكر ان فيه خدش بسيط في العلبة برجاء الإفادة","complaint","negative","low"
"من فضلك، مش مستعجل بس حابب أذكر ان فيه خدش بسيط في العلبة في انتظار ردكم","complaint","negative","low"
"من فضلك، مش مشكلة كبيرة بس حابب أشارك ملاحظة بسيطة عن الطلب ياريت حد يرد عليا","complaint","negative","low"
"معلش، مش مشكلة كبيرة بس حابب أشارك ملاحظة بسيطة عن الطلب","complaint","negative","low"
"على فكرة، مش مشكلة كبيرة بس حابب أشارك ملاحظة بسيطة عن الطلب ياريت حد يرد عليا","complaint","negative","low"
"مش مشكلة كبيرة بس حابب أشارك ملاحظة بسيطة عن الطلب ياريت حد يرد عليا","complaint","negative","low"
"لو سمحت، مش مشكلة كبيرة بس حابب أشارك ملاحظة بسيطة عن الطلب ياريت حد يرد عليا","complaint","negative","low"
"من فضلك، مش مشكلة كبيرة بس حابب أشارك ملاحظة بسيطة عن الطلب","complaint","negative","low"
"معلش، مش مشكلة كبيرة بس حابب أشارك ملاحظة بسيطة عن الطلب وشكراً لتعاونكم","complaint","negative","low"
"لو سمحت، مش مشكلة كبيرة بس حابب أشارك ملاحظة بسيطة عن الطلب برجاء الإفادة","complaint","negative","low"
"بجد مش مشكلة كبيرة بس حابب أشارك ملاحظة بسيطة عن الطلب وشكراً لتعاونكم","complaint","negative","low"
"لو سمحت، مش مشكلة كبيرة بس حابب أشارك ملاحظة بسيطة عن الطلب","complaint","negative","low"
"بجد مش مشكلة كبيرة بس حابب أشارك ملاحظة بسيطة عن الطلب ياريت حد يرد عليا","complaint","negative","low"
"طب مش مشكلة كبيرة بس حابب أشارك ملاحظة بسيطة عن الطلب وشكراً لتعاونكم","complaint","negative","low"
"لو سمحت، الموضوع بقى مستفز، المنتج بايظ ومحدش بيرد وشكراً لتعاونكم","complaint","negative","high"
"طب الموضوع بقى مستفز، المنتج بايظ ومحدش بيرد وشكراً لتعاونكم","complaint","negative","high"
"الموضوع بقى مستفز، المنتج بايظ ومحدش بيرد ياريت حد يرد عليا","complaint","negative","high"
"من فضلك، الموضوع بقى مستفز، المنتج بايض ومحدش بيرد برجاء الإفادة","complaint","negative","high"
"من فضلك، الموضوع بقى مستفز، المنتج بايظ ومحدش بيرد في انتظار ردكم","complaint","negative","high"
"طب الموضوع بقى مستفز، المنتج بايظ ومحدش بيرد في انتظار ردكم","complaint","negative","high"
"بجد الموضوع بقى مستفز، المنتج بايض ومحدش بيرد برجاء الإفادة","complaint","negative","high"
"طب الموضوع بقى مستفز، المنتج بايض ومحدش بيرد برجاء الإفادة","complaint","negative","high"
"بجد الموضوع بقى مستفز، المنتج بايظ ومحدش بيرد ياريت حد يرد عليا","complaint","negative","high"
"على فكرة، الموضوع بقى مستفز، المنتج بايظ ومحدش بيرد برجاء الإفادة","complaint","negative","high"
"لو سمحت، الموضوع بقى مستفز، المنتج بايظ ومحدش بيرد برجاء الإفادة","complaint","negative","high"
"طب الموضوع بقى مستفز، المنتج بايظ ومحدش بيرد ياريت حد يرد عليا","complaint","negative","high"
"على فكرة، استلمت الطلب واللابتوب مش شغال خالص في انتظار ردكم","complaint","negative","high"
"معلش، استلمت الطلب واللابتوب مش شغال خالص في انتظار ردكم","complaint","negative","high"
"طب استلمت الطلب واللابتوب مش شغال خالص وشكراً لتعاونكم","complaint","negative","high"
"طب استلمت الطلب واللابتوب مش شغال خالص","complaint","negative","high"
"استلمت الطلب واللابتوب مش شغال خالص ياريت حد يرد عليا","complaint","negative","high"
"لو سمحت، استلمت الطلب واللابتوب مش شغال خالص في انتظار ردكم","complaint","negative","high"
"على فكرة، استلمت الطلب واللابتوب مش شغال خالص","complaint","negative","high"
"معلش، استلمت الطلب واللابتوب مش شغال خالص برجاء الإفادة","complaint","negative","high"
"طب استلمت الطلب واللابتوب مش شغال خالص ياريت حد يرد عليا","complaint","negative","high"
"من فضلك، استلمت الطلب واللابتوب مش شغال خالص برجاء الإفادة","complaint","negative","high"
"معلش، استلمت الطلب واللابتوب مش شغال خالص وشكراً لتعاونكم","complaint","negative","high"
"من فضلك، استلمت الطلب واللابتوب مش شغال خالص وشكراً لتعاونكم","complaint","negative","high"
"لو سمحت، استلمت الطلب بس اللون مختلف عن اللي طلبته وشكراً لتعاونكم","complaint","negative","medium"
"بجد استلمت الطلب بس اللون مختلف عن اللي طلبته في انتظار ردكم","complaint","negative","medium"
"طب استلمت الطلب بس اللون مختلف عن اللي طلبته","complaint","negative","medium"
"معلش، استلمت الطلب بس اللون مختلف عن اللي طلبته","complaint","negative","medium"
"على فكرة، استلمت الطلب بس اللون مختلف عن اللي طلبته برجاء الإفادة","complaint","negative","medium"
"من فضلك، استلمت الطلب بس اللون مختلف عن اللي طلبته ياريت حد يرد عليا","complaint","negative","medium"
"استلمت الطلب بس اللون مختلف عن اللي طلبته وشكراً لتعاونكم","complaint","negative","medium"
"طب استلمت الطلب بس اللون مختلف عن اللي طلبته برجاء الإفادة","complaint","negative","medium"
"طب استلمت الطلب بس اللون مختلف عن اللي طلبته وشكراً لتعاونكم","complaint","negative","medium"
"استلمت الطلب بس اللون مختلف عن اللي طلبته ياريت حد يرد عليا","complaint","negative","medium"
"بجد استلمت الطلب بس اللون مختلف عن اللي طلبته","complaint","negative","medium"
"على فكرة، استلمت الطلب بس اللون مختلف عن اللي طلبته وشكراً لتعاونكم","complaint","negative","medium"
"على فكرة، المنتج وصل بحالة يرثى لها، مش قابل للاستخدام في انتظار ردكم","complaint","negative","high"
"على فكرة، المنتج وصل بحالة يرثى لها، مش قابل للاستخدام وشكراً لتعاونكم","complaint","negative","high"
"لو سمحت، المنتج وصل بحالة يرثى لها، مش قابل للاستخدام","complaint","negative","high"
"بجد المنتج وصل بحالة يرثى لها، مش قابل للاستخدام برجاء الإفادة","complaint","negative","high"
"من فضلك، المنتج وصل بحالة يرثى لها، مش قابل للاستخدام","complaint","negative","high"
"من فضلك، المنتج وصل بحالة يرثى لها، مش قابل للاستخدام برجاء الإفادة","complaint","negative","high"
"معلش، المنتج وصل بحالة يرثى لها، مش قابل للاستخدام ياريت حد يرد عليا","complaint","negative","high"
"المنتج وصل بحالة يرثى لها، مش قابل للاستخدام ياريت حد يرد عليا","complaint","negative","high"
"طب المنتج وصل بحالة يرثى لها، مش قابل للاستخدام ياريت حد يرد عليا","complaint","negative","high"
"طب المنتج وصل بحالة يرثى لها، مش قابل للاستخدام وشكراً لتعاونكم","complaint","negative","high"
"لو سمحت، المنتج وصل بحالة يرثى لها، مش قابل للاستخدام ياريت حد يرد عليا","complaint","negative","high"
"بجد المنتج وصل بحالة يرثى لها، مش قابل للاستخدام في انتظار ردكم","complaint","negative","high"
"على فكرة، المنتج شغال بس فيه عيب بسيط في الشكل في انتظار ردكم","complaint","negative","medium"
"من فضلك، المنتج شغال بس فيه عيب بسيط في الشكل برجاء الإفادة","complaint","negative","medium"
"معلش، المنتج شغال بس فيه عيب بسيط في الشكل","complaint","negative","medium"
"بجد المنتج شغال بس فيه عيب بسيط في الشكل ياريت حد يرد عليا","complaint","negative","medium"
"طب المنتج شغال بس فيه عيب بسيط في الشكل","complaint","negative","medium"
"لو سمحت، المنتج شغال بس فيه عيب بسيط في الشكل وشكراً لتعاونكم","complaint","negative","medium"
"المنتج شغال بس فيه عيب بسيط في الشكل","complaint","negative","medium"
"المنتج شغال بس فيه عيب بسيط في الشكل وشكراً لتعاونكم","complaint","negative","medium"
"معلش، المنتج شغال بس فيه عيب بسيط في الشكل ياريت حد يرد عليا","complaint","negative","medium"
"على فكرة، المنتج شغال بس فيه عيب بسيط في الشكل ياريت حد يرد عليا","complaint","negative","medium"
"بجد المنتج شغال بس فيه عيب بسيط في الشكل برجاء الإفادة","complaint","negative","medium"
"معلش، المنتج شغال بس فيه عيب بسيط في الشكل في انتظار ردكم","complaint","negative","medium"
"معلش، المنتج شغال لكن فيه صوت غريب شوية وشكراً لتعاونكم","complaint","negative","medium"
"على فكرة، المنتج شغال لكن فيه صوت غريب شوية","complaint","negative","medium"
"المنتج شغال لكن فيه صوت غريب شوية ياريت حد يرد عليا","complaint","negative","medium"
"طب المنتج شغال لكن فيه صوت غريب شوية وشكراً لتعاونكم","complaint","negative","medium"
"طب المنتج شغال لكن فيه صوت غريب شوية برجاء الإفادة","complaint","negative","medium"
"طب المنتج شغال لكن فيه صوت غريب شوية ياريت حد يرد عليا","complaint","negative","medium"
"على فكرة، المنتج شغال لكن فيه صوت غريب شوية ياريت حد يرد عليا","complaint","negative","medium"
"على فكرة، المنتج شغال لكن فيه صوت غريب شوية برجاء الإفادة","complaint","negative","medium"
"بجد المنتج شغال لكن فيه صوت غريب شوية برجاء الإفادة","complaint","negative","medium"
"لو سمحت، المنتج شغال لكن فيه صوت غريب شوية برجاء الإفادة","complaint","negative","medium"
"بجد المنتج شغال لكن فيه صوت غريب شوية في انتظار ردكم","complaint","negative","medium"
"معلش، المنتج شغال لكن فيه صوت غريب شوية في انتظار ردكم","complaint","negative","medium"
"من فضلك، العلبة كانت شوية مبعوجة بس المنتج نفسه سليم وشكراً لتعاونكم","complaint","negative","low"
"على فكرة، العلبة كانت شوية مبعوجة بس المنتج نفسه سليم","complaint","negative","low"
"بجد العلبة كانت شوية مبعوجة بس المنتج نفسه سليم برجاء الإفادة","complaint","negative","low"
"طب العلبة كانت شوية مبعوجة بس المنتج نفسه سليم وشكراً لتعاونكم","complaint","negative","low"
"لو سمحت، العلبة كانت شوية مبعوجة بس المنتج نفسه سليم برجاء الإفادة","complaint","negative","low"
"من فضلك، العلبة كانت شوية مبعوجة بس المنتج نفسه سليم","complaint","negative","low"
"على فكرة، العلبة كانت شوية مبعوجة بس المنتج نفسه سليم ياريت حد يرد عليا","complaint","negative","low"
"العلبة كانت شوية مبعوجة بس المنتج نفسه سليم في انتظار ردكم","complaint","negative","low"
"على فكرة، العلبة كانت شوية مبعوجة بس المنتج نفسه سليم برجاء الإفادة","complaint","negative","low"
"طب العلبة كانت شوية مبعوجة بس المنتج نفسه سليم ياريت حد يرد عليا","complaint","negative","low"
"بجد العلبة كانت شوية مبعوجة بس المنتج نفسه سليم وشكراً لتعاونكم","complaint","negative","low"
"معلش، العلبة كانت شوية مبعوجة بس المنتج نفسه سليم","complaint","negative","low"
"معلش، الطلب وصل متأخر شوية وده أثر على مزاجي ياريت حد يرد عليا","complaint","negative","medium"
"الطلب وصل متاخر شوية وده أثر على مزاجي ياريت حد يرد عليا","complaint","negative","medium"
"معلش، الطلب وصل متأخر شوية وده أثر على مزاجي وشكراً لتعاونكم","complaint","negative","medium"
"معلش، الطلب وصل متاخر شوية وده أثر على مزاجي","complaint","negative","medium"
"لو سمحت، الطلب وصل متأخر شوية وده أثر على مزاجي برجاء الإفادة","complaint","negative","medium"
"لو سمحت، الطلب وصل متاخر شوية وده أثر على مزاجي في انتظار ردكم","complaint","negative","medium"
"بجد الطلب وصل متاخر شوية وده أثر على مزاجي","complaint","negative","medium"
"معلش، الطلب وصل متاخر شوية وده أثر على مزاجي في انتظار ردكم","complaint","negative","medium"
"معلش، الطلب وصل متأخر شوية وده أثر على مزاجي برجاء الإفادة","complaint","negative","medium"
"لو سمحت، الطلب وصل متأخر شوية وده أثر على مزاجي ياريت حد يرد عليا","complaint","negative","medium"
"على فكرة، الطلب وصل متاخر شوية وده أثر على مزاجي برجاء الإفادة","complaint","negative","medium"
"طب الطلب وصل متاخر شوية وده أثر على مزاجي برجاء الإفادة","complaint","negative","medium"
"معلش، بجد الخدمه سيئة جدًا والطلب بهدلني برجاء الإفادة","complaint","negative","high"
"طب بجد الخدمة سيئة جدًا والطلب بهدلني برجاء الإفادة","complaint","negative","high"
"طب بجد الخدمه سيئة جدًا والطلب بهدلني وشكراً لتعاونكم","complaint","negative","high"
"لو سمحت، بجد الخدمه سيئة جدًا والطلب بهدلني برجاء الإفادة","complaint","negative","high"
"من فضلك، بجد الخدمة سيئة جدًا والطلب بهدلني","complaint","negative","high"
"طب بجد الخدمه سيئة جدًا والطلب بهدلني في انتظار ردكم","complaint","negative","high"
"بجد بجد الخدمه سيئة جدًا والطلب بهدلني برجاء الإفادة","complaint","negative","high"
"معلش، بجد الخدمه سيئة جدًا والطلب بهدلني وشكراً لتعاونكم","complaint","negative","high"
"من فضلك، بجد الخدمة سيئة جدًا والطلب بهدلني في انتظار ردكم","complaint","negative","high"
"بجد بجد الخدمه سيئة جدًا والطلب بهدلني وشكراً لتعاونكم","complaint","negative","high"
"على فكرة، بجد الخدمه سيئة جدًا والطلب بهدلني وشكراً لتعاونكم","complaint","negative","high"
"بجد الخدمه سيئة جدًا والطلب بهدلني برجاء الإفادة","complaint","negative","high"
"على فكرة، فيه مشكلة صغيرة في التوصيل محتاجة متابعة","complaint","negative","medium"
"فيه مشكلة صغيرة في التوصيل محتاجة متابعة برجاء الإفادة","complaint","negative","medium"
"طب فيه مشكلة صغيرة في التوصيل محتاجة متابعة برجاء الإفادة","complaint","negative","medium"
"معلش، فيه مشكلة صغيرة في التوصيل محتاجة متابعة برجاء الإفادة","complaint","negative","medium"
"بجد فيه مشكلة صغيرة في التوصيل محتاجة متابعة","complaint","negative","medium"
"على فكرة، فيه مشكلة صغيرة في التوصيل محتاجة متابعة وشكراً لتعاونكم","complaint","negative","medium"
"على فكرة، فيه مشكلة صغيرة في التوصيل محتاجة متابعة برجاء الإفادة","complaint","negative","medium"
"لو سمحت، فيه مشكلة صغيرة في التوصيل محتاجة متابعة برجاء الإفادة","complaint","negative","medium"
"لو سمحت، فيه مشكلة صغيرة في التوصيل محتاجة متابعة في انتظار ردكم","complaint","negative","medium"
"من فضلك، فيه مشكلة صغيرة في التوصيل محتاجة متابعة","complaint","negative","medium"
"فيه مشكلة صغيرة في التوصيل محتاجة متابعة في انتظار ردكم","complaint","negative","medium"
"طب فيه مشكلة صغيرة في التوصيل محتاجة متابعة في انتظار ردكم","complaint","negative","medium"
"طب الشاشة جاية مكسورة وأنا مش عارف أرجعها ازاي بسرعة ياريت حد يرد عليا","complaint","negative","high"
"لو سمحت، الشاشة جاية مكسورة وأنا مش عارف أرجعها إزاي بسرعة وشكراً لتعاونكم","complaint","negative","high"
"على فكرة، الشاشة جاية مكسورة وأنا مش عارف أرجعها إزاي بسرعة ياريت حد يرد عليا","complaint","negative","high"
"على فكرة، الشاشة جاية مكسورة وأنا مش عارف أرجعها إزاي بسرعة وشكراً لتعاونكم","complaint","negative","high"
"الشاشة جاية مكسورة وأنا مش عارف ارجعها إزاي بسرعة في انتظار ردكم","complaint","negative","high"
"من فضلك، الشاشة جاية مكسورة وأنا مش عارف أرجعها إزاي بسرعة ياريت حد يرد عليا","complaint","negative","high"
"معلش، الشاشة جاية مكسورة وأنا مش عارف أرجعها إزاي بسرعة ياريت حد يرد عليا","complaint","negative","high"
"لو سمحت، الشاشة جاية مكسورة وأنا مش عارف أرجعها إزاي بسرعة","complaint","negative","high"
"طب الشاشة جاية مكسورة وأنا مش عارف أرجعها ازاي بسرعة وشكراً لتعاونكم","complaint","negative","high"
"من فضلك، الشاشة جاية مكسورة وأنا مش عارف أرجعها إزاي بسرعة","complaint","negative","high"
"طب الشاشة جاية مكسورة وأنا مش عارف ارجعها إزاي بسرعة","complaint","negative","high"
"بجد الشاشة جاية مكسورة وأنا مش عارف أرجعها ازاي بسرعة وشكراً لتعاونكم","complaint","negative","high"
"الطلب وصل بس فيه نقص بسيط في الاكسسوارات ياريت حد يرد عليا","complaint","negative","medium"
"معلش، الطلب وصل بس فيه نقص بسيط في الاكسسوارات في انتظار ردكم","complaint","negative","medium"
"من فضلك، الطلب وصل بس فيه نقص بسيط في الاكسسوارات في انتظار ردكم","complaint","negative","medium"
"من فضلك، الطلب وصل بس فيه نقص بسيط في الاكسسوارات برجاء الإفادة","complaint","negative","medium"
"بجد الطلب وصل بس فيه نقص بسيط في الاكسسوارات وشكراً لتعاونكم","complaint","negative","medium"
"الطلب وصل بس فيه نقص بسيط في الاكسسوارات في انتظار ردكم","complaint","negative","medium"
"على فكرة، الطلب وصل بس فيه نقص بسيط في الاكسسوارات برجاء الإفادة","complaint","negative","medium"
"طب الطلب وصل بس فيه نقص بسيط في الاكسسوارات في انتظار ردكم","complaint","negative","medium"
"طب الطلب وصل بس فيه نقص بسيط في الاكسسوارات وشكراً لتعاونكم","complaint","negative","medium"
"معلش، الطلب وصل بس فيه نقص بسيط في الاكسسوارات برجاء الإفادة","complaint","negative","medium"
"بجد الطلب وصل بس فيه نقص بسيط في الاكسسوارات","complaint","negative","medium"
"طب الطلب وصل بس فيه نقص بسيط في الاكسسوارات ياريت حد يرد عليا","complaint","negative","medium"
"فيه ملاحظة بسيطة على جودة المنتج المستلم في انتظار ردكم","complaint","neutral","medium"
"لو سمحت، فيه ملاحظة بسيطة على جودة المنتج المستلم برجاء الإفادة","complaint","neutral","medium"
"بجد فيه ملاحظة بسيطة على جودة المنتج المستلم وشكراً لتعاونكم","complaint","neutral","medium"
"طب فيه ملاحظة بسيطة على جودة المنتج المستلم في انتظار ردكم","complaint","neutral","medium"
"بجد فيه ملاحظة بسيطة على جودة المنتج المستلم برجاء الإفادة","complaint","neutral","medium"
"لو سمحت، فيه ملاحظة بسيطة على جودة المنتج المستلم ياريت حد يرد عليا","complaint","neutral","medium"
"على فكرة، فيه ملاحظة بسيطة على جودة المنتج المستلم ياريت حد يرد عليا","complaint","neutral","medium"
"بجد فيه ملاحظة بسيطة على جودة المنتج المستلم في انتظار ردكم","complaint","neutral","medium"
"على فكرة، فيه ملاحظة بسيطة على جودة المنتج المستلم وشكراً لتعاونكم","complaint","neutral","medium"
"من فضلك، فيه ملاحظة بسيطة على جودة المنتج المستلم ياريت حد يرد عليا","complaint","neutral","medium"
"على فكرة، فيه ملاحظة بسيطة على جودة المنتج المستلم في انتظار ردكم","complaint","neutral","medium"
"من فضلك، فيه ملاحظة بسيطة على جودة المنتج المستلم برجاء الإفادة","complaint","neutral","medium"
"لو سمحت، استلمت الأوردر ولقيت الـسماعة شغاله غلط تماماً","complaint","negative","high"
"من فضلك، استلمت الاوردر ولقيت الـكاميرا شغاله غلط تماماً ياريت حد يرد عليا","complaint","negative","high"
"من فضلك، استلمت الأوردر ولقيت الـشاشة شغاله غلط تماماً وشكراً لتعاونكم","complaint","negative","high"
"معلش، استلمت الاوردر ولقيت الساعة الذكية شغاله غلط تماماً وشكراً لتعاونكم","complaint","negative","high"
"لو سمحت، استلمت الاوردر ولقيت الـشاشة شغاله غلط تماماً برجاء الإفادة","complaint","negative","high"
"طب استلمت الأوردر ولقيت الساعة الذكية شغاله غلط تماماً","complaint","negative","high"
"استلمت الأوردر ولقيت الـسماعة شغاله غلط تماماً في انتظار ردكم","complaint","negative","high"
"معلش، استلمت الاوردر ولقيت الساعة الذكية شغاله غلط تماماً في انتظار ردكم","complaint","negative","high"
"معلش، استلمت الاوردر ولقيت الـكاميرا شغاله غلط تماماً وشكراً لتعاونكم","complaint","negative","high"
"طب استلمت الأوردر ولقيت الساعة الذكية شغاله غلط تماماً ياريت حد يرد عليا","complaint","negative","high"
"طب استلمت الاوردر ولقيت الـسماعة شغاله غلط تماماً ياريت حد يرد عليا","complaint","negative","high"
"بجد استلمت الاوردر ولقيت الساعة الذكية شغاله غلط تماماً برجاء الإفادة","complaint","negative","high"
"استلمت الاوردر ولقيت الـشاشة شغاله غلط تماماً برجاء الإفادة","complaint","negative","high"
"معلش، استلمت الاوردر ولقيت الـشاشة شغاله غلط تماماً ياريت حد يرد عليا","complaint","negative","high"
"لو سمحت، استلمت الأوردر ولقيت الساعة الذكية شغاله غلط تماماً ياريت حد يرد عليا","complaint","negative","high"
"على فكرة، استلمت الأوردر ولقيت الساعة الذكية شغاله غلط تماماً في انتظار ردكم","complaint","negative","high"
"بجد استلمت الاوردر ولقيت الـشاشة شغاله غلط تماماً ياريت حد يرد عليا","complaint","negative","high"
"استلمت الأوردر ولقيت الـكاميرا شغاله غلط تماماً","complaint","negative","high"
"من فضلك، استلمت الأوردر ولقيت الساعة الذكية شغاله غلط تماماً","complaint","negative","high"
"طب المنتج وصل متاخر عن الموعد المتفق عليه","complaint","negative","medium"
"معلش، المنتج وصل متاخر عن الموعد المتفق عليه","complaint","negative","medium"
"من فضلك، المنتج وصل متأخر عن الموعد المتفق عليه برجاء الإفادة","complaint","negative","medium"
"المنتج وصل متأخر عن الموعد المتفق عليه وشكراً لتعاونكم","complaint","negative","medium"
"من فضلك، المنتج وصل متأخر عن الموعد المتفق عليه","complaint","negative","medium"
"لو سمحت، المنتج وصل متاخر عن الموعد المتفق عليه في انتظار ردكم","complaint","negative","medium"
"على فكرة، المنتج وصل متأخر عن الموعد المتفق عليه في انتظار ردكم","complaint","negative","medium"
"المنتج وصل متاخر عن الموعد المتفق عليه","complaint","negative","medium"
"على فكرة، المنتج وصل متأخر عن الموعد المتفق عليه برجاء الإفادة","complaint","negative","medium"
"من فضلك، المنتج وصل متاخر عن الموعد المتفق عليه وشكراً لتعاونكم","complaint","negative","medium"
"لو سمحت، المنتج وصل متاخر عن الموعد المتفق عليه ياريت حد يرد عليا","complaint","negative","medium"
"بجد المنتج وصل متأخر عن الموعد المتفق عليه في انتظار ردكم","complaint","negative","medium"
"من فضلك، الماوس وصل تالف من غير أي استخدام برجاء الإفادة","complaint","negative","high"
"معلش، الماوس وصل تالف من غير أي استخدام","complaint","negative","high"
"الماوس وصل تالف من غير أي استخدام في انتظار ردكم","complaint","negative","high"
"لو سمحت، الماوس وصل تالف من غير أي استخدام وشكراً لتعاونكم","complaint","negative","high"
"طب الماوس وصل تالف من غير أي استخدام ياريت حد يرد عليا","complaint","negative","high"
"بجد الماوس وصل تالف من غير أي استخدام برجاء الإفادة","complaint","negative","high"
"على فكرة، الماوس وصل تالف من غير أي استخدام","complaint","negative","high"
"طب الماوس وصل تالف من غير أي استخدام وشكراً لتعاونكم","complaint","negative","high"
"الماوس وصل تالف من غير أي استخدام","complaint","negative","high"
"لو سمحت، الماوس وصل تالف من غير أي استخدام برجاء الإفادة","complaint","negative","high"
"طب الماوس وصل تالف من غير أي استخدام برجاء الإفادة","complaint","negative","high"
"طب الماوس وصل تالف من غير أي استخدام","complaint","negative","high"
"على فكرة، الكيبورد وصل وفيه أزرار مش شغالة خالص ياريت حد يرد عليا","complaint","negative","high"
"على فكرة، الكيبورد وصل وفيه أزرار مش شغالة خالص وشكراً لتعاونكم","complaint","negative","high"
"معلش، الكيبورد وصل وفيه أزرار مش شغالة خالص برجاء الإفادة","complaint","negative","high"
"بجد الكيبورد وصل وفيه أزرار مش شغالة خالص ياريت حد يرد عليا","complaint","negative","high"
"معلش، الكيبورد وصل وفيه أزرار مش شغالة خالص وشكراً لتعاونكم","complaint","negative","high"
"الكيبورد وصل وفيه أزرار مش شغالة خالص برجاء الإفادة","complaint","negative","high"
"على فكرة، الكيبورد وصل وفيه أزرار مش شغالة خالص برجاء الإفادة","complaint","negative","high"
"الكيبورد وصل وفيه أزرار مش شغالة خالص في انتظار ردكم","complaint","negative","high"
"بجد الكيبورد وصل وفيه أزرار مش شغالة خالص برجاء الإفادة","complaint","negative","high"
"من فضلك، الكيبورد وصل وفيه أزرار مش شغالة خالص","complaint","negative","high"
"لو سمحت، الكيبورد وصل وفيه أزرار مش شغالة خالص ياريت حد يرد عليا","complaint","negative","high"
"من فضلك، الكيبورد وصل وفيه أزرار مش شغالة خالص برجاء الإفادة","complaint","negative","high"
"معلش، المنتج شغال تمام، بس كنت حابب التغليف يكون أفضل","complaint","negative","low"
"على فكرة، المنتج شغال تمام، بس كنت حابب التغليف يكون أفضل برجاء الإفادة","complaint","negative","low"
"طب المنتج شغال تمام، بس كنت حابب التغليف يكون أفضل برجاء الإفادة","complaint","negative","low"
"المنتج شغال تمام، بس كنت حابب التغليف يكون أفضل في انتظار ردكم","complaint","negative","low"
"طب المنتج شغال تمام، بس كنت حابب التغليف يكون أفضل ياريت حد يرد عليا","complaint","negative","low"
"على فكرة، المنتج شغال تمام، بس كنت حابب التغليف يكون أفضل ياريت حد يرد عليا","complaint","negative","low"
"بجد المنتج شغال تمام، بس كنت حابب التغليف يكون أفضل","complaint","negative","low"
"طب المنتج شغال تمام، بس كنت حابب التغليف يكون أفضل وشكراً لتعاونكم","complaint","negative","low"
"لو سمحت، المنتج شغال تمام، بس كنت حابب التغليف يكون أفضل وشكراً لتعاونكم","complaint","negative","low"
"على فكرة، المنتج شغال تمام، بس كنت حابب التغليف يكون أفضل وشكراً لتعاونكم","complaint","negative","low"
"المنتج شغال تمام، بس كنت حابب التغليف يكون أفضل ياريت حد يرد عليا","complaint","negative","low"
"من فضلك، المنتج شغال تمام، بس كنت حابب التغليف يكون أفضل وشكراً لتعاونكم","complaint","negative","low"
"على فكرة، المنتج بيسخن بشكل غريب من أول يوم استخدام برجاء الإفادة","complaint","negative","high"
"بجد المنتج بيسخن بشكل غريب من أول يوم استخدام","complaint","negative","high"
"من فضلك، المنتج بيسخن بشكل غريب من أول يوم استخدام وشكراً لتعاونكم","complaint","negative","high"
"معلش، المنتج بيسخن بشكل غريب من أول يوم استخدام","complaint","negative","high"
"معلش، المنتج بيسخن بشكل غريب من أول يوم استخدام وشكراً لتعاونكم","complaint","negative","high"
"لو سمحت، المنتج بيسخن بشكل غريب من أول يوم استخدام برجاء الإفادة","complaint","negative","high"
"معلش، المنتج بيسخن بشكل غريب من أول يوم استخدام برجاء الإفادة","complaint","negative","high"
"المنتج بيسخن بشكل غريب من أول يوم استخدام برجاء الإفادة","complaint","negative","high"
"المنتج بيسخن بشكل غريب من أول يوم استخدام","complaint","negative","high"
"بجد المنتج بيسخن بشكل غريب من أول يوم استخدام ياريت حد يرد عليا","complaint","negative","high"
"من فضلك، المنتج بيسخن بشكل غريب من أول يوم استخدام برجاء الإفادة","complaint","negative","high"
"طب المنتج بيسخن بشكل غريب من أول يوم استخدام في انتظار ردكم","complaint","negative","high"
"استلمت طلب غلط تماماً ومحتاج حل عاجل ياريت حد يرد عليا","complaint","negative","high"
"طب استلمت طلب غلط تماماً ومحتاج حل عاجل في انتظار ردكم","complaint","negative","high"
"لو سمحت، استلمت طلب غلط تماماً ومحتاج حل عاجل في انتظار ردكم","complaint","negative","high"
"معلش، استلمت طلب غلط تماماً ومحتاج حل عاجل في انتظار ردكم","complaint","negative","high"
"من فضلك، استلمت طلب غلط تماماً ومحتاج حل عاجل","complaint","negative","high"
"لو سمحت، استلمت طلب غلط تماماً ومحتاج حل عاجل","complaint","negative","high"
"من فضلك، استلمت طلب غلط تماماً ومحتاج حل عاجل ياريت حد يرد عليا","complaint","negative","high"
"معلش، استلمت طلب غلط تماماً ومحتاج حل عاجل","complaint","negative","high"
"بجد استلمت طلب غلط تماماً ومحتاج حل عاجل وشكراً لتعاونكم","complaint","negative","high"
"معلش، استلمت طلب غلط تماماً ومحتاج حل عاجل وشكراً لتعاونكم","complaint","negative","high"
"بجد استلمت طلب غلط تماماً ومحتاج حل عاجل برجاء الإفادة","complaint","negative","high"
"طب استلمت طلب غلط تماماً ومحتاج حل عاجل","complaint","negative","high"
"معلش، استلمت الطلب بس العلبة كانت مبعوجة شوية برجاء الإفادة","complaint","negative","medium"
"بجد استلمت الطلب بس العلبة كانت مبعوجة شوية ياريت حد يرد عليا","complaint","negative","medium"
"معلش، استلمت الطلب بس العلبة كانت مبعوجة شوية في انتظار ردكم","complaint","negative","medium"
"لو سمحت، استلمت الطلب بس العلبة كانت مبعوجة شوية وشكراً لتعاونكم","complaint","negative","medium"
"استلمت الطلب بس العلبة كانت مبعوجة شوية وشكراً لتعاونكم","complaint","negative","medium"
"من فضلك، استلمت الطلب بس العلبة كانت مبعوجة شوية وشكراً لتعاونكم","complaint","negative","medium"
"استلمت الطلب بس العلبة كانت مبعوجة شوية في انتظار ردكم","complaint","negative","medium"
"طب استلمت الطلب بس العلبة كانت مبعوجة شوية في انتظار ردكم","complaint","negative","medium"
"طب استلمت الطلب بس العلبة كانت مبعوجة شوية وشكراً لتعاونكم","complaint","negative","medium"
"لو سمحت، استلمت الطلب بس العلبة كانت مبعوجة شوية برجاء الإفادة","complaint","negative","medium"
"على فكرة، استلمت الطلب بس العلبة كانت مبعوجة شوية برجاء الإفادة","complaint","negative","medium"
"طب استلمت الطلب بس العلبة كانت مبعوجة شوية","complaint","negative","medium"
"بجد مفيش استعجال، بس حابب ألفت النظر لملاحظة صغيرة في انتظار ردكم","complaint","negative","low"
"من فضلك، مفيش استعجال، بس حابب ألفت النظر لملاحظة صغيرة وشكراً لتعاونكم","complaint","negative","low"
"معلش، مفيش استعجال، بس حابب ألفت النظر لملاحظة صغيرة في انتظار ردكم","complaint","negative","low"
"بجد مفيش استعجال، بس حابب ألفت النظر لملاحظة صغيرة برجاء الإفادة","complaint","negative","low"
"من فضلك، مفيش استعجال، بس حابب ألفت النظر لملاحظة صغيرة في انتظار ردكم","complaint","negative","low"
"مفيش استعجال، بس حابب ألفت النظر لملاحظة صغيرة ياريت حد يرد عليا","complaint","negative","low"
"مفيش استعجال، بس حابب ألفت النظر لملاحظة صغيرة في انتظار ردكم","complaint","negative","low"
"على فكرة، مفيش استعجال، بس حابب ألفت النظر لملاحظة صغيرة في انتظار ردكم","complaint","negative","low"
"على فكرة، مفيش استعجال، بس حابب ألفت النظر لملاحظة صغيرة برجاء الإفادة","complaint","negative","low"
"طب مفيش استعجال، بس حابب ألفت النظر لملاحظة صغيرة برجاء الإفادة","complaint","negative","low"
"على فكرة، مفيش استعجال، بس حابب ألفت النظر لملاحظة صغيرة ياريت حد يرد عليا","complaint","negative","low"
"لو سمحت، مفيش استعجال، بس حابب ألفت النظر لملاحظة صغيرة في انتظار ردكم","complaint","negative","low"
"طب استلمت الاوردر بس فيه بعض الملاحظات على الحالة وشكراً لتعاونكم","complaint","negative","medium"
"لو سمحت، استلمت الاوردر بس فيه بعض الملاحظات على الحالة","complaint","negative","medium"
"معلش، استلمت الأوردر بس فيه بعض الملاحظات على الحالة في انتظار ردكم","complaint","negative","medium"
"من فضلك، استلمت الأوردر بس فيه بعض الملاحظات على الحالة وشكراً لتعاونكم","complaint","negative","medium"
"استلمت الأوردر بس فيه بعض الملاحظات على الحالة ياريت حد يرد عليا","complaint","negative","medium"
"استلمت الأوردر بس فيه بعض الملاحظات على الحالة برجاء الإفادة","complaint","negative","medium"
"لو سمحت، استلمت الاوردر بس فيه بعض الملاحظات على الحالة برجاء الإفادة","complaint","negative","medium"
"من فضلك، استلمت الاوردر بس فيه بعض الملاحظات على الحالة برجاء الإفادة","complaint","negative","medium"
"بجد استلمت الأوردر بس فيه بعض الملاحظات على الحالة ياريت حد يرد عليا","complaint","negative","medium"
"استلمت الاوردر بس فيه بعض الملاحظات على الحالة وشكراً لتعاونكم","complaint","negative","medium"
"على فكرة، استلمت الاوردر بس فيه بعض الملاحظات على الحالة ياريت حد يرد عليا","complaint","negative","medium"
"على فكرة، استلمت الأوردر بس فيه بعض الملاحظات على الحالة برجاء الإفادة","complaint","negative","medium"
"مفيش داعي لأي إجراء عاجل بس حابب أنوه لملاحظة بسيطة في انتظار ردكم","complaint","negative","low"
"بجد مفيش داعي لأي إجراء عاجل بس حابب أنوه لملاحظة بسيطة برجاء الإفادة","complaint","negative","low"
"طب مفيش داعي لأي إجراء عاجل بس حابب أنوه لملاحظة بسيطة","complaint","negative","low"
"من فضلك، مفيش داعي لأي إجراء عاجل بس حابب أنوه لملاحظة بسيطة برجاء الإفادة","complaint","negative","low"
"على فكرة، مفيش داعي لأي إجراء عاجل بس حابب أنوه لملاحظة بسيطة","complaint","negative","low"
"من فضلك، مفيش داعي لأي إجراء عاجل بس حابب أنوه لملاحظة بسيطة ياريت حد يرد عليا","complaint","negative","low"
"طب مفيش داعي لأي إجراء عاجل بس حابب أنوه لملاحظة بسيطة برجاء الإفادة","complaint","negative","low"
"معلش، مفيش داعي لأي إجراء عاجل بس حابب أنوه لملاحظة بسيطة","complaint","negative","low"
"لو سمحت، مفيش داعي لأي إجراء عاجل بس حابب أنوه لملاحظة بسيطة في انتظار ردكم","complaint","negative","low"
"مفيش داعي لأي إجراء عاجل بس حابب أنوه لملاحظة بسيطة ياريت حد يرد عليا","complaint","negative","low"
"على فكرة، مفيش داعي لأي إجراء عاجل بس حابب أنوه لملاحظة بسيطة وشكراً لتعاونكم","complaint","negative","low"
"من فضلك، مفيش داعي لأي إجراء عاجل بس حابب أنوه لملاحظة بسيطة وشكراً لتعاونكم","complaint","negative","low"
"على فكرة، المنتج وصل مكسور من جوه العلبة برجاء الإفادة","complaint","negative","high"
"من فضلك، المنتج وصل مكسور من جوه العلبة في انتظار ردكم","complaint","negative","high"
"لو سمحت، المنتج وصل مكسور من جوه العلبة ياريت حد يرد عليا","complaint","negative","high"
"لو سمحت، المنتج وصل مكسور من جوه العلبة برجاء الإفادة","complaint","negative","high"
"المنتج وصل مكسور من جوه العلبة في انتظار ردكم","complaint","negative","high"
"طب المنتج وصل مكسور من جوه العلبة في انتظار ردكم","complaint","negative","high"
"المنتج وصل مكسور من جوه العلبة ياريت حد يرد عليا","complaint","negative","high"
"من فضلك، المنتج وصل مكسور من جوه العلبة برجاء الإفادة","complaint","negative","high"
"على فكرة، المنتج وصل مكسور من جوه العلبة في انتظار ردكم","complaint","negative","high"
"لو سمحت، المنتج وصل مكسور من جوه العلبة","complaint","negative","high"
"معلش، المنتج وصل مكسور من جوه العلبة برجاء الإفادة","complaint","negative","high"
"بجد المنتج وصل مكسور من جوه العلبة في انتظار ردكم","complaint","negative","high"
"على فكرة، عندي مشكلة بسيطة في الطلب ومحتاج أعرف الحل ياريت حد يرد عليا","complaint","neutral","medium"
"على فكرة، عندي مشكلة بسيطة في الطلب ومحتاج أعرف الحل وشكراً لتعاونكم","complaint","neutral","medium"
"على فكرة، عندي مشكلة بسيطة في الطلب ومحتاج أعرف الحل","complaint","neutral","medium"
"على فكرة، عندي مشكلة بسيطة في الطلب ومحتاج أعرف الحل برجاء الإفادة","complaint","neutral","medium"
"بجد عندي مشكلة بسيطة في الطلب ومحتاج أعرف الحل","complaint","neutral","medium"
"بجد عندي مشكلة بسيطة في الطلب ومحتاج أعرف الحل في انتظار ردكم","complaint","neutral","medium"
"عندي مشكلة بسيطة في الطلب ومحتاج أعرف الحل","complaint","neutral","medium"
"طب عندي مشكلة بسيطة في الطلب ومحتاج أعرف الحل وشكراً لتعاونكم","complaint","neutral","medium"
"طب عندي مشكلة بسيطة في الطلب ومحتاج أعرف الحل ياريت حد يرد عليا","complaint","neutral","medium"
"بجد عندي مشكلة بسيطة في الطلب ومحتاج أعرف الحل برجاء الإفادة","complaint","neutral","medium"
"لو سمحت، عندي مشكلة بسيطة في الطلب ومحتاج أعرف الحل في انتظار ردكم","complaint","neutral","medium"
"عندي مشكلة بسيطة في الطلب ومحتاج أعرف الحل ياريت حد يرد عليا","complaint","neutral","medium"
"بجد استلمت الطلب لكن مش راضي عن مستوى الخدمه وشكراً لتعاونكم","complaint","negative","medium"
"لو سمحت، استلمت الطلب لكن مش راضي عن مستوى الخدمة وشكراً لتعاونكم","complaint","negative","medium"
"بجد استلمت الطلب لكن مش راضي عن مستوى الخدمة ياريت حد يرد عليا","complaint","negative","medium"
"من فضلك، استلمت الطلب لكن مش راضي عن مستوى الخدمة","complaint","negative","medium"
"لو سمحت، استلمت الطلب لكن مش راضي عن مستوى الخدمه","complaint","negative","medium"
"على فكرة، استلمت الطلب لكن مش راضي عن مستوى الخدمه ياريت حد يرد عليا","complaint","negative","medium"
"طب استلمت الطلب لكن مش راضي عن مستوى الخدمه وشكراً لتعاونكم","complaint","negative","medium"
"من فضلك، استلمت الطلب لكن مش راضي عن مستوى الخدمة ياريت حد يرد عليا","complaint","negative","medium"
"طب استلمت الطلب لكن مش راضي عن مستوى الخدمة برجاء الإفادة","complaint","negative","medium"
"طب استلمت الطلب لكن مش راضي عن مستوى الخدمة","complaint","negative","medium"
"على فكرة، استلمت الطلب لكن مش راضي عن مستوى الخدمة برجاء الإفادة","complaint","negative","medium"
"لو سمحت، استلمت الطلب لكن مش راضي عن مستوى الخدمة برجاء الإفادة","complaint","negative","medium"
"بجد الباور بانك فجر وأنا مصدوم من الموضوع وشكراً لتعاونكم","complaint","negative","high"
"من فضلك، الباور بانك فجر وأنا مصدوم من الموضوع","complaint","negative","high"
"بجد الباور بانك فجر وأنا مصدوم من الموضوع ياريت حد يرد عليا","complaint","negative","high"
"طب الباور بانك فجر وأنا مصدوم من الموضوع في انتظار ردكم","complaint","negative","high"
"من فضلك، الباور بانك فجر وأنا مصدوم من الموضوع ياريت حد يرد عليا","complaint","negative","high"
"معلش، الباور بانك فجر وأنا مصدوم من الموضوع ياريت حد يرد عليا","complaint","negative","high"
"بجد الباور بانك فجر وأنا مصدوم من الموضوع برجاء الإفادة","complaint","negative","high"
"معلش، الباور بانك فجر وأنا مصدوم من الموضوع","complaint","negative","high"
"الباور بانك فجر وأنا مصدوم من الموضوع في انتظار ردكم","complaint","negative","high"
"الباور بانك فجر وأنا مصدوم من الموضوع","complaint","negative","high"
"من فضلك، الباور بانك فجر وأنا مصدوم من الموضوع في انتظار ردكم","complaint","negative","high"
"معلش، الباور بانك فجر وأنا مصدوم من الموضوع في انتظار ردكم","complaint","negative","high"
"طب عايز أبلغ عن مشكلة في المنتج بهدوء برجاء الإفادة","complaint","neutral","medium"
"طب عاوز أبلغ عن مشكلة في المنتج بهدوء وشكراً لتعاونكم","complaint","neutral","medium"
"على فكرة، عايز أبلغ عن مشكلة في المنتج بهدوء برجاء الإفادة","complaint","neutral","medium"
"لو سمحت، عايز أبلغ عن مشكلة في المنتج بهدوء ياريت حد يرد عليا","complaint","neutral","medium"
"من فضلك، عايز أبلغ عن مشكلة في المنتج بهدوء وشكراً لتعاونكم","complaint","neutral","medium"
"معلش، عايز أبلغ عن مشكلة في المنتج بهدوء","complaint","neutral","medium"
"على فكرة، عايز أبلغ عن مشكلة في المنتج بهدوء","complaint","neutral","medium"
"عاوز أبلغ عن مشكلة في المنتج بهدوء برجاء الإفادة","complaint","neutral","medium"
"معلش، عاوز أبلغ عن مشكلة في المنتج بهدوء في انتظار ردكم","complaint","neutral","medium"
"لو سمحت، عاوز أبلغ عن مشكلة في المنتج بهدوء","complaint","neutral","medium"
"معلش، عايز أبلغ عن مشكلة في المنتج بهدوء وشكراً لتعاونكم","complaint","neutral","medium"
"من فضلك، عاوز أبلغ عن مشكلة في المنتج بهدوء برجاء الإفادة","complaint","neutral","medium"
"على فكرة، ده أسوأ تجربة شراء عندي، المنتج وصل تالف برجاء الإفادة","complaint","negative","high"
"معلش، ده أسوأ تجربة شراء عندي، المنتج وصل تالف وشكراً لتعاونكم","complaint","negative","high"
"بجد ده أسوأ تجربة شراء عندي، المنتج وصل تالف ياريت حد يرد عليا","complaint","negative","high"
"ده أسوأ تجربة شراء عندي، المنتج وصل تالف وشكراً لتعاونكم","complaint","negative","high"
"لو سمحت، ده أسوأ تجربة شراء عندي، المنتج وصل تالف في انتظار ردكم","complaint","negative","high"
"على فكرة، ده أسوأ تجربة شراء عندي، المنتج وصل تالف ياريت حد يرد عليا","complaint","negative","high"
"طب ده أسوأ تجربة شراء عندي، المنتج وصل تالف","complaint","negative","high"
"معلش، ده أسوأ تجربة شراء عندي، المنتج وصل تالف ياريت حد يرد عليا","complaint","negative","high"
"طب ده أسوأ تجربة شراء عندي، المنتج وصل تالف وشكراً لتعاونكم","complaint","negative","high"
"على فكرة، ده أسوأ تجربة شراء عندي، المنتج وصل تالف","complaint","negative","high"
"ده أسوأ تجربة شراء عندي، المنتج وصل تالف في انتظار ردكم","complaint","negative","high"
"من فضلك، ده أسوأ تجربة شراء عندي، المنتج وصل تالف ياريت حد يرد عليا","complaint","negative","high"
"طب الهيدفون وصل وفيه سلك مقطوع من جوه العلبة","complaint","negative","high"
"من فضلك، الهيدفون وصل وفيه سلك مقطوع من جوه العلبة","complaint","negative","high"
"لو سمحت، الهيدفون وصل وفيه سلك مقطوع من جوه العلبة ياريت حد يرد عليا","complaint","negative","high"
"لو سمحت، الهيدفون وصل وفيه سلك مقطوع من جوه العلبة وشكراً لتعاونكم","complaint","negative","high"
"على فكرة، الهيدفون وصل وفيه سلك مقطوع من جوه العلبة برجاء الإفادة","complaint","negative","high"
"معلش، الهيدفون وصل وفيه سلك مقطوع من جوه العلبة في انتظار ردكم","complaint","negative","high"
"بجد الهيدفون وصل وفيه سلك مقطوع من جوه العلبة وشكراً لتعاونكم","complaint","negative","high"
"الهيدفون وصل وفيه سلك مقطوع من جوه العلبة في انتظار ردكم","complaint","negative","high"
"على فكرة، الهيدفون وصل وفيه سلك مقطوع من جوه العلبة وشكراً لتعاونكم","complaint","negative","high"
"طب الهيدفون وصل وفيه سلك مقطوع من جوه العلبة برجاء الإفادة","complaint","negative","high"
"معلش، الهيدفون وصل وفيه سلك مقطوع من جوه العلبة وشكراً لتعاونكم","complaint","negative","high"
"من فضلك، الهيدفون وصل وفيه سلك مقطوع من جوه العلبة وشكراً لتعاونكم","complaint","negative","high"
"من فضلك، السماعة وصلت مكسوره ومش عارف أعمل إيه","complaint","negative","high"
"على فكرة، السماعة وصلت مكسورة ومش عارف أعمل إيه في انتظار ردكم","complaint","negative","high"
"معلش، السماعة وصلت مكسوره ومش عارف أعمل إيه في انتظار ردكم","complaint","negative","high"
"على فكرة، السماعة وصلت مكسورة ومش عارف أعمل إيه ياريت حد يرد عليا","complaint","negative","high"
"طب السماعة وصلت مكسورة ومش عارف أعمل إيه","complaint","negative","high"
"بجد السماعة وصلت مكسورة ومش عارف أعمل إيه","complaint","negative","high"
"على فكرة، السماعة وصلت مكسورة ومش عارف أعمل إيه وشكراً لتعاونكم","complaint","negative","high"
"معلش، السماعة وصلت مكسوره ومش عارف أعمل إيه","complaint","negative","high"
"السماعة وصلت مكسوره ومش عارف أعمل إيه برجاء الإفادة","complaint","negative","high"
"بجد السماعة وصلت مكسوره ومش عارف أعمل إيه في انتظار ردكم","complaint","negative","high"
"معلش، السماعة وصلت مكسورة ومش عارف أعمل إيه ياريت حد يرد عليا","complaint","negative","high"
"معلش، السماعة وصلت مكسورة ومش عارف أعمل إيه برجاء الإفادة","complaint","negative","high"
"بجد الكاميرا وصلت متسخة ومكسوره من بره في انتظار ردكم","complaint","negative","high"
"من فضلك، الكاميرا وصلت متسخة ومكسوره من بره وشكراً لتعاونكم","complaint","negative","high"
"معلش، الكاميرا وصلت متسخة ومكسوره من بره وشكراً لتعاونكم","complaint","negative","high"
"الكاميرا وصلت متسخة ومكسورة من بره في انتظار ردكم","complaint","negative","high"
"على فكرة، الكاميرا وصلت متسخة ومكسوره من بره في انتظار ردكم","complaint","negative","high"
"على فكرة، الكاميرا وصلت متسخة ومكسوره من بره ياريت حد يرد عليا","complaint","negative","high"
"من فضلك، الكاميرا وصلت متسخة ومكسورة من بره","complaint","negative","high"
"على فكرة، الكاميرا وصلت متسخة ومكسوره من بره","complaint","negative","high"
"لو سمحت، الكاميرا وصلت متسخة ومكسوره من بره برجاء الإفادة","complaint","negative","high"
"معلش، الكاميرا وصلت متسخة ومكسورة من بره برجاء الإفادة","complaint","negative","high"
"من فضلك، الكاميرا وصلت متسخة ومكسوره من بره برجاء الإفادة","complaint","negative","high"
"الكاميرا وصلت متسخة ومكسوره من بره برجاء الإفادة","complaint","negative","high"
"بجد حابب أبلغ عن عيب بسيط لاحظته في الـتابلت برجاء الإفادة","complaint","neutral","medium"
"على فكرة، حابب أبلغ عن عيب بسيط لاحظته في الـشاشة","complaint","neutral","medium"
"لو سمحت، حابب أبلغ عن عيب بسيط لاحظته في الـكيبورد ياريت حد يرد عليا","complaint","neutral","medium"
"معلش، حابب أبلغ عن عيب بسيط لاحظته في الـهيدفون","complaint","neutral","medium"
"طب حابب أبلغ عن عيب بسيط لاحظته في الـماوس ياريت حد يرد عليا","complaint","neutral","medium"
"معلش، حابب أبلغ عن عيب بسيط لاحظته في الـباور بانك في انتظار ردكم","complaint","neutral","medium"
"بجد حابب أبلغ عن عيب بسيط لاحظته في الـشاحن","complaint","neutral","medium"
"طب حابب أبلغ عن عيب بسيط لاحظته في الـتابلت في انتظار ردكم","complaint","neutral","medium"
"طب حابب أبلغ عن عيب بسيط لاحظته في الـسماعة برجاء الإفادة","complaint","neutral","medium"
"طب حابب أبلغ عن عيب بسيط لاحظته في الـكيبورد","complaint","neutral","medium"
"من فضلك، حابب أبلغ عن عيب بسيط لاحظته في الـشاشة في انتظار ردكم","complaint","neutral","medium"
"طب حابب أبلغ عن عيب بسيط لاحظته في الساعة الذكية في انتظار ردكم","complaint","neutral","medium"
"بجد حابب أبلغ عن عيب بسيط لاحظته في الـماوس ياريت حد يرد عليا","complaint","neutral","medium"
"طب حابب أبلغ عن عيب بسيط لاحظته في الـكيبورد وشكراً لتعاونكم","complaint","neutral","medium"
"من فضلك، حابب أبلغ عن عيب بسيط لاحظته في الـكيبورد","complaint","neutral","medium"
"حابب أبلغ عن عيب بسيط لاحظته في الـشاحن في انتظار ردكم","complaint","neutral","medium"
"حابب أبلغ عن عيب بسيط لاحظته في الـكيبورد وشكراً لتعاونكم","complaint","neutral","medium"
"بجد المنتج شغال كويس بس مش زي ما كان متوقع في الوصف وشكراً لتعاونكم","complaint","negative","medium"
"معلش، المنتج شغال كويس بس مش زي ما كان متوقع في الوصف في انتظار ردكم","complaint","negative","medium"
"لو سمحت، المنتج شغال كويس بس مش زي ما كان متوقع في الوصف وشكراً لتعاونكم","complaint","negative","medium"
"طب المنتج شغال كويس بس مش زي ما كان متوقع في الوصف برجاء الإفادة","complaint","negative","medium"
"من فضلك، المنتج شغال كويس بس مش زي ما كان متوقع في الوصف برجاء الإفادة","complaint","negative","medium"
"على فكرة، المنتج شغال كويس بس مش زي ما كان متوقع في الوصف ياريت حد يرد عليا","complaint","negative","medium"
"لو سمحت، المنتج شغال كويس بس مش زي ما كان متوقع في الوصف ياريت حد يرد عليا","complaint","negative","medium"
"على فكرة، المنتج شغال كويس بس مش زي ما كان متوقع في الوصف وشكراً لتعاونكم","complaint","negative","medium"
"بجد المنتج شغال كويس بس مش زي ما كان متوقع في الوصف برجاء الإفادة","complaint","negative","medium"
"من فضلك، المنتج شغال كويس بس مش زي ما كان متوقع في الوصف وشكراً لتعاونكم","complaint","negative","medium"
"لو سمحت، المنتج شغال كويس بس مش زي ما كان متوقع في الوصف في انتظار ردكم","complaint","negative","medium"
"على فكرة، المنتج شغال كويس بس مش زي ما كان متوقع في الوصف","complaint","negative","medium"
"معلش، فيه مشكلة بسيطة في الأوردر ومحتاج حل برجاء الإفادة","complaint","negative","medium"
"فيه مشكلة بسيطة في الاوردر ومحتاج حل","complaint","negative","medium"
"بجد فيه مشكلة بسيطة في الأوردر ومحتاج حل ياريت حد يرد عليا","complaint","negative","medium"
"لو سمحت، فيه مشكلة بسيطة في الأوردر ومحتاج حل ياريت حد يرد عليا","complaint","negative","medium"
"لو سمحت، فيه مشكلة بسيطة في الاوردر ومحتاج حل برجاء الإفادة","complaint","negative","medium"
"طب فيه مشكلة بسيطة في الاوردر ومحتاج حل برجاء الإفادة","complaint","negative","medium"
"على فكرة، فيه مشكلة بسيطة في الأوردر ومحتاج حل وشكراً لتعاونكم","complaint","negative","medium"
"من فضلك، فيه مشكلة بسيطة في الاوردر ومحتاج حل ياريت حد يرد عليا","complaint","negative","medium"
"من فضلك، فيه مشكلة بسيطة في الأوردر ومحتاج حل برجاء الإفادة","complaint","negative","medium"
"بجد فيه مشكلة بسيطة في الاوردر ومحتاج حل وشكراً لتعاونكم","complaint","negative","medium"
"على فكرة، فيه مشكلة بسيطة في الأوردر ومحتاج حل في انتظار ردكم","complaint","negative","medium"
"من فضلك، فيه مشكلة بسيطة في الاوردر ومحتاج حل وشكراً لتعاونكم","complaint","negative","medium"
"لو سمحت، الطلب اتاخر عن المعاد بيومين وده أزعجني شوية","complaint","negative","medium"
"طب الطلب اتأخر عن المعاد بيومين وده أزعجني شوية وشكراً لتعاونكم","complaint","negative","medium"
"بجد الطلب اتاخر عن المعاد بيومين وده أزعجني شوية وشكراً لتعاونكم","complaint","negative","medium"
"معلش، الطلب اتاخر عن المعاد بيومين وده أزعجني شوية في انتظار ردكم","complaint","negative","medium"
"بجد الطلب اتأخر عن المعاد بيومين وده أزعجني شوية ياريت حد يرد عليا","complaint","negative","medium"
"لو سمحت، الطلب اتاخر عن المعاد بيومين وده أزعجني شوية ياريت حد يرد عليا","complaint","negative","medium"
"الطلب اتاخر عن المعاد بيومين وده أزعجني شوية","complaint","negative","medium"
"على فكرة، الطلب اتاخر عن المعاد بيومين وده أزعجني شوية وشكراً لتعاونكم","complaint","negative","medium"
"طب الطلب اتأخر عن المعاد بيومين وده أزعجني شوية","complaint","negative","medium"
"بجد الطلب اتاخر عن المعاد بيومين وده أزعجني شوية برجاء الإفادة","complaint","negative","medium"
"معلش، الطلب اتاخر عن المعاد بيومين وده أزعجني شوية","complaint","negative","medium"
"طب الطلب اتاخر عن المعاد بيومين وده أزعجني شوية ياريت حد يرد عليا","complaint","negative","medium"
"المنتج جيد لكن فيه نقطة صغيرة عاوز أوضحها برجاء الإفادة","complaint","negative","medium"
"طب المنتج جيد لكن فيه نقطة صغيرة عاوز أوضحها ياريت حد يرد عليا","complaint","negative","medium"
"من فضلك، المنتج جيد لكن فيه نقطة صغيرة عايز أوضحها ياريت حد يرد عليا","complaint","negative","medium"
"طب المنتج جيد لكن فيه نقطة صغيرة عايز أوضحها برجاء الإفادة","complaint","negative","medium"
"من فضلك، المنتج جيد لكن فيه نقطة صغيرة عايز أوضحها في انتظار ردكم","complaint","negative","medium"
"طب المنتج جيد لكن فيه نقطة صغيرة عاوز أوضحها في انتظار ردكم","complaint","negative","medium"
"المنتج جيد لكن فيه نقطة صغيرة عايز أوضحها في انتظار ردكم","complaint","negative","medium"
"على فكرة، المنتج جيد لكن فيه نقطة صغيرة عاوز أوضحها وشكراً لتعاونكم","complaint","negative","medium"
"بجد المنتج جيد لكن فيه نقطة صغيرة عايز أوضحها","complaint","negative","medium"
"من فضلك، المنتج جيد لكن فيه نقطة صغيرة عايز أوضحها وشكراً لتعاونكم","complaint","negative","medium"
"لو سمحت، المنتج جيد لكن فيه نقطة صغيرة عاوز أوضحها وشكراً لتعاونكم","complaint","negative","medium"
"بجد المنتج جيد لكن فيه نقطة صغيرة عايز أوضحها وشكراً لتعاونكم","complaint","negative","medium"
"طب الشاحن وصل واتقطع من أول استخدام وشكراً لتعاونكم","complaint","negative","high"
"معلش، الشاحن وصل واتقطع من أول استخدام برجاء الإفادة","complaint","negative","high"
"على فكرة، الشاحن وصل واتقطع من أول استخدام ياريت حد يرد عليا","complaint","negative","high"
"على فكرة، الشاحن وصل واتقطع من أول استخدام في انتظار ردكم","complaint","negative","high"
"من فضلك، الشاحن وصل واتقطع من أول استخدام ياريت حد يرد عليا","complaint","negative","high"
"بجد الشاحن وصل واتقطع من أول استخدام","complaint","negative","high"
"الشاحن وصل واتقطع من أول استخدام برجاء الإفادة","complaint","negative","high"
"معلش، الشاحن وصل واتقطع من أول استخدام ياريت حد يرد عليا","complaint","negative","high"
"لو سمحت، الشاحن وصل واتقطع من أول استخدام","complaint","negative","high"
"بجد الشاحن وصل واتقطع من أول استخدام ياريت حد يرد عليا","complaint","negative","high"
"من فضلك، الشاحن وصل واتقطع من أول استخدام برجاء الإفادة","complaint","negative","high"
"لو سمحت، الشاحن وصل واتقطع من أول استخدام برجاء الإفادة","complaint","negative","high"
"المنتج تمام بس شكل العلبة مش كان مرتب في انتظار ردكم","complaint","negative","low"
"المنتج تمام بس شكل العلبة مش كان مرتب برجاء الإفادة","complaint","negative","low"
"على فكرة، المنتج تمام بس شكل العلبة مش كان مرتب برجاء الإفادة","complaint","negative","low"
"لو سمحت، المنتج تمام بس شكل العلبة مش كان مرتب في انتظار ردكم","complaint","negative","low"
"المنتج تمام بس شكل العلبة مش كان مرتب وشكراً لتعاونكم","complaint","negative","low"
"المنتج تمام بس شكل العلبة مش كان مرتب ياريت حد يرد عليا","complaint","negative","low"
"من فضلك، المنتج تمام بس شكل العلبة مش كان مرتب في انتظار ردكم","complaint","negative","low"
"بجد المنتج تمام بس شكل العلبة مش كان مرتب وشكراً لتعاونكم","complaint","negative","low"
"على فكرة، المنتج تمام بس شكل العلبة مش كان مرتب وشكراً لتعاونكم","complaint","negative","low"
"من فضلك، المنتج تمام بس شكل العلبة مش كان مرتب وشكراً لتعاونكم","complaint","negative","low"
"طب المنتج تمام بس شكل العلبة مش كان مرتب وشكراً لتعاونكم","complaint","negative","low"
"على فكرة، المنتج تمام بس شكل العلبة مش كان مرتب ياريت حد يرد عليا","complaint","negative","low"
"معلش، فوجئت ان الـباور بانك وصل بايض من الاستلام","complaint","negative","high"
"فوجئت ان الـباور بانك وصل بايض من الاستلام","complaint","negative","high"
"بجد فوجئت ان الـموبايل وصل بايض من الاستلام في انتظار ردكم","complaint","negative","high"
"بجد فوجئت ان الـكيبورد وصل بايظ من الاستلام","complaint","negative","high"
"بجد فوجئت ان الـموبايل وصل بايض من الاستلام ياريت حد يرد عليا","complaint","negative","high"
"فوجئت ان الـتابلت وصل بايظ من الاستلام في انتظار ردكم","complaint","negative","high"
"معلش، فوجئت ان الـكيبورد وصل بايظ من الاستلام برجاء الإفادة","complaint","negative","high"
"معلش، فوجئت ان الـكيبورد وصل بايظ من الاستلام في انتظار ردكم","complaint","negative","high"
"طب فوجئت ان الـهيدفون وصل بايظ من الاستلام وشكراً لتعاونكم","complaint","negative","high"
"معلش، فوجئت ان الـماوس وصل بايض من الاستلام وشكراً لتعاونكم","complaint","negative","high"
"معلش، فوجئت ان الـباور بانك وصل بايض من الاستلام ياريت حد يرد عليا","complaint","negative","high"
"بجد فوجئت ان الـموبايل وصل بايض من الاستلام برجاء الإفادة","complaint","negative","high"
"على فكرة، فوجئت ان الـلابتوب وصل بايظ من الاستلام في انتظار ردكم","complaint","negative","high"
"لو سمحت، فوجئت ان الـهيدفون وصل بايظ من الاستلام وشكراً لتعاونكم","complaint","negative","high"
"طب فوجئت ان الـكيبورد وصل بايض من الاستلام في انتظار ردكم","complaint","negative","high"
"طب فوجئت ان الـماوس وصل بايض من الاستلام وشكراً لتعاونكم","complaint","negative","high"
"معلش، فوجئت ان الـموبايل وصل بايظ من الاستلام","complaint","negative","high"
"من فضلك، فوجئت ان الـموبايل وصل بايظ من الاستلام برجاء الإفادة","complaint","negative","high"
"طب المنتج اللي استلمته مختلف تماماً عن اللي طلبته في انتظار ردكم","complaint","negative","high"
"طب المنتج اللي استلمته مختلف تماماً عن اللي طلبته ياريت حد يرد عليا","complaint","negative","high"
"معلش، المنتج اللي استلمته مختلف تماماً عن اللي طلبته برجاء الإفادة","complaint","negative","high"
"معلش، المنتج اللي استلمته مختلف تماماً عن اللي طلبته ياريت حد يرد عليا","complaint","negative","high"
"بجد المنتج اللي استلمته مختلف تماماً عن اللي طلبته وشكراً لتعاونكم","complaint","negative","high"
"لو سمحت، المنتج اللي استلمته مختلف تماماً عن اللي طلبته برجاء الإفادة","complaint","negative","high"
"معلش، المنتج اللي استلمته مختلف تماماً عن اللي طلبته وشكراً لتعاونكم","complaint","negative","high"
"على فكرة، المنتج اللي استلمته مختلف تماماً عن اللي طلبته برجاء الإفادة","complaint","negative","high"
"بجد المنتج اللي استلمته مختلف تماماً عن اللي طلبته برجاء الإفادة","complaint","negative","high"
"المنتج اللي استلمته مختلف تماماً عن اللي طلبته","complaint","negative","high"
"على فكرة، المنتج اللي استلمته مختلف تماماً عن اللي طلبته ياريت حد يرد عليا","complaint","negative","high"
"على فكرة، المنتج اللي استلمته مختلف تماماً عن اللي طلبته","complaint","negative","high"
"بجد الـكيبورد وصل تالف تماماً وأنا مصدوم في انتظار ردكم","complaint","negative","high"
"على فكرة، الـموبايل وصل تالف تماماً وأنا مصدوم في انتظار ردكم","complaint","negative","high"
"لو سمحت، الـتابلت وصل تالف تماماً وأنا مصدوم ياريت حد يرد عليا","complaint","negative","high"
"معلش، الـشاحن وصل تالف تماماً وأنا مصدوم","complaint","negative","high"
"معلش، الـهيدفون وصل تالف تماماً وأنا مصدوم ياريت حد يرد عليا","complaint","negative","high"
"معلش، الـماوس وصل تالف تماماً وأنا مصدوم في انتظار ردكم","complaint","negative","high"
"على فكرة، الـهيدفون وصل تالف تماماً وأنا مصدوم","complaint","negative","high"
"بجد الـموبايل وصل تالف تماماً وأنا مصدوم برجاء الإفادة","complaint","negative","high"
"الـشاحن وصل تالف تماماً وأنا مصدوم","complaint","negative","high"
"من فضلك، الـلابتوب وصل تالف تماماً وأنا مصدوم ياريت حد يرد عليا","complaint","negative","high"
"بجد الـكيبورد وصل تالف تماماً وأنا مصدوم وشكراً لتعاونكم","complaint","negative","high"
"على فكرة، الـلابتوب وصل تالف تماماً وأنا مصدوم وشكراً لتعاونكم","complaint","negative","high"
"من فضلك، الـموبايل وصل تالف تماماً وأنا مصدوم","complaint","negative","high"
"من فضلك، الـباور بانك وصل تالف تماماً وأنا مصدوم برجاء الإفادة","complaint","negative","high"
"بجد الـماوس وصل تالف تماماً وأنا مصدوم ياريت حد يرد عليا","complaint","negative","high"
"بجد الطلب وصل ناقص وده أثر على شغلي بشكل كبير وشكراً لتعاونكم","complaint","negative","high"
"على فكرة، الطلب وصل ناقص وده أثر على شغلي بشكل كبير","complaint","negative","high"
"طب الطلب وصل ناقص وده أثر على شغلي بشكل كبير برجاء الإفادة","complaint","negative","high"
"الطلب وصل ناقص وده أثر على شغلي بشكل كبير في انتظار ردكم","complaint","negative","high"
"معلش، الطلب وصل ناقص وده أثر على شغلي بشكل كبير برجاء الإفادة","complaint","negative","high"
"طب الطلب وصل ناقص وده أثر على شغلي بشكل كبير في انتظار ردكم","complaint","negative","high"
"من فضلك، الطلب وصل ناقص وده أثر على شغلي بشكل كبير في انتظار ردكم","complaint","negative","high"
"لو سمحت، الطلب وصل ناقص وده أثر على شغلي بشكل كبير","complaint","negative","high"
"الطلب وصل ناقص وده أثر على شغلي بشكل كبير برجاء الإفادة","complaint","negative","high"
"على فكرة، الطلب وصل ناقص وده أثر على شغلي بشكل كبير برجاء الإفادة","complaint","negative","high"
"لو سمحت، الطلب وصل ناقص وده أثر على شغلي بشكل كبير وشكراً لتعاونكم","complaint","negative","high"
"من فضلك، الطلب وصل ناقص وده أثر على شغلي بشكل كبير","complaint","negative","high"
"من فضلك، المنتج اتكسر أثناء الشحن ومحدش رد عليا","complaint","negative","high"
"على فكرة، المنتج اتكسر أثناء الشحن ومحدش رد عليا ياريت حد يرد عليا","complaint","negative","high"
"لو سمحت، المنتج اتكسر أثناء الشحن ومحدش رد عليا ياريت حد يرد عليا","complaint","negative","high"
"المنتج اتكسر أثناء الشحن ومحدش رد عليا برجاء الإفادة","complaint","negative","high"
"لو سمحت، المنتج اتكسر أثناء الشحن ومحدش رد عليا في انتظار ردكم","complaint","negative","high"
"بجد المنتج اتكسر أثناء الشحن ومحدش رد عليا","complaint","negative","high"
"المنتج اتكسر أثناء الشحن ومحدش رد عليا في انتظار ردكم","complaint","negative","high"
"بجد المنتج اتكسر أثناء الشحن ومحدش رد عليا برجاء الإفادة","complaint","negative","high"
"معلش، المنتج اتكسر أثناء الشحن ومحدش رد عليا برجاء الإفادة","complaint","negative","high"
"لو سمحت، المنتج اتكسر أثناء الشحن ومحدش رد عليا","complaint","negative","high"
"على فكرة، المنتج اتكسر أثناء الشحن ومحدش رد عليا وشكراً لتعاونكم","complaint","negative","high"
"لو سمحت، المنتج اتكسر أثناء الشحن ومحدش رد عليا وشكراً لتعاونكم","complaint","negative","high"
"مفيش داعي للقلق بس فيه مشكلة صغيرة في الطلب وشكراً لتعاونكم","complaint","neutral","medium"
"لو سمحت، مفيش داعي للقلق بس فيه مشكلة صغيرة في الطلب ياريت حد يرد عليا","complaint","neutral","medium"
"بجد مفيش داعي للقلق بس فيه مشكلة صغيرة في الطلب وشكراً لتعاونكم","complaint","neutral","medium"
"مفيش داعي للقلق بس فيه مشكلة صغيرة في الطلب","complaint","neutral","medium"
"لو سمحت، مفيش داعي للقلق بس فيه مشكلة صغيرة في الطلب وشكراً لتعاونكم","complaint","neutral","medium"
"على فكرة، مفيش داعي للقلق بس فيه مشكلة صغيرة في الطلب ياريت حد يرد عليا","complaint","neutral","medium"
"من فضلك، مفيش داعي للقلق بس فيه مشكلة صغيرة في الطلب وشكراً لتعاونكم","complaint","neutral","medium"
"معلش، مفيش داعي للقلق بس فيه مشكلة صغيرة في الطلب في انتظار ردكم","complaint","neutral","medium"
"لو سمحت، مفيش داعي للقلق بس فيه مشكلة صغيرة في الطلب في انتظار ردكم","complaint","neutral","medium"
"طب مفيش داعي للقلق بس فيه مشكلة صغيرة في الطلب برجاء الإفادة","complaint","neutral","medium"
"لو سمحت، مفيش داعي للقلق بس فيه مشكلة صغيرة في الطلب برجاء الإفادة","complaint","neutral","medium"
"لو سمحت، مفيش داعي للقلق بس فيه مشكلة صغيرة في الطلب","complaint","neutral","medium"
"بجد المنتج وصل بس مش بنفس المواصفات اللي كنت متوقعها برجاء الإفادة","complaint","negative","medium"
"من فضلك، المنتج وصل بس مش بنفس المواصفات اللي كنت متوقعها وشكراً لتعاونكم","complaint","negative","medium"
"بجد المنتج وصل بس مش بنفس المواصفات اللي كنت متوقعها في انتظار ردكم","complaint","negative","medium"
"المنتج وصل بس مش بنفس المواصفات اللي كنت متوقعها برجاء الإفادة","complaint","negative","medium"
"على فكرة، المنتج وصل بس مش بنفس المواصفات اللي كنت متوقعها ياريت حد يرد عليا","complaint","negative","medium"
"بجد المنتج وصل بس مش بنفس المواصفات اللي كنت متوقعها وشكراً لتعاونكم","complaint","negative","medium"
"طب المنتج وصل بس مش بنفس المواصفات اللي كنت متوقعها","complaint","negative","medium"
"على فكرة، المنتج وصل بس مش بنفس المواصفات اللي كنت متوقعها","complaint","negative","medium"
"المنتج وصل بس مش بنفس المواصفات اللي كنت متوقعها ياريت حد يرد عليا","complaint","negative","medium"
"من فضلك، المنتج وصل بس مش بنفس المواصفات اللي كنت متوقعها","complaint","negative","medium"
"لو سمحت، المنتج وصل بس مش بنفس المواصفات اللي كنت متوقعها في انتظار ردكم","complaint","negative","medium"
"طب المنتج وصل بس مش بنفس المواصفات اللي كنت متوقعها ياريت حد يرد عليا","complaint","negative","medium"
"من فضلك، فيه خدش بسيط في الـماوس لما استلمته وشكراً لتعاونكم","complaint","negative","medium"
"لو سمحت، فيه خدش بسيط في الـموبايل لما استلمته برجاء الإفادة","complaint","negative","medium"
"لو سمحت، فيه خدش بسيط في الـماوس لما استلمته وشكراً لتعاونكم","complaint","negative","medium"
"معلش، فيه خدش بسيط في الـهيدفون لما استلمته في انتظار ردكم","complaint","negative","medium"
"طب فيه خدش بسيط في الـهيدفون لما استلمته برجاء الإفادة","complaint","negative","medium"
"من فضلك، فيه خدش بسيط في الـكيبورد لما استلمته ياريت حد يرد عليا","complaint","negative","medium"
"على فكرة، فيه خدش بسيط في الـماوس لما استلمته برجاء الإفادة","complaint","negative","medium"
"على فكرة، فيه خدش بسيط في الـشاحن لما استلمته","complaint","negative","medium"
"على فكرة، فيه خدش بسيط في الـباور بانك لما استلمته ياريت حد يرد عليا","complaint","negative","medium"
"فيه خدش بسيط في الـموبايل لما استلمته ياريت حد يرد عليا","complaint","negative","medium"
"من فضلك، فيه خدش بسيط في الـتابلت لما استلمته في انتظار ردكم","complaint","negative","medium"
"معلش، فيه خدش بسيط في الـلابتوب لما استلمته برجاء الإفادة","complaint","negative","medium"
"بجد فيه خدش بسيط في الـهيدفون لما استلمته وشكراً لتعاونكم","complaint","negative","medium"
"لو سمحت، فيه خدش بسيط في الـموبايل لما استلمته","complaint","negative","medium"
"بجد فيه خدش بسيط في الـكيبورد لما استلمته","complaint","negative","medium"
"بجد فيه خدش بسيط في الـتابلت لما استلمته ياريت حد يرد عليا","complaint","negative","medium"
"معلش، فيه خدش بسيط في الـتابلت لما استلمته","complaint","negative","medium"
"معلش، الساعة الذكية وصلت بشاشة مكسورة تماماً وشكراً لتعاونكم","complaint","negative","high"
"طب الساعة الذكية وصلت بشاشة مكسورة تماماً برجاء الإفادة","complaint","negative","high"
"الساعة الذكية وصلت بشاشة مكسورة تماماً ياريت حد يرد عليا","complaint","negative","high"
"على فكرة، الساعة الذكية وصلت بشاشة مكسورة تماماً في انتظار ردكم","complaint","negative","high"
"معلش، الساعة الذكية وصلت بشاشة مكسورة تماماً برجاء الإفادة","complaint","negative","high"
"من فضلك، الساعة الذكية وصلت بشاشة مكسوره تماماً وشكراً لتعاونكم","complaint","negative","high"
"بجد الساعة الذكية وصلت بشاشة مكسورة تماماً ياريت حد يرد عليا","complaint","negative","high"
"الساعة الذكية وصلت بشاشة مكسورة تماماً برجاء الإفادة","complaint","negative","high"
"الساعة الذكية وصلت بشاشة مكسوره تماماً","complaint","negative","high"
"بجد الساعة الذكية وصلت بشاشة مكسوره تماماً","complaint","negative","high"
"طب الساعة الذكية وصلت بشاشة مكسوره تماماً ياريت حد يرد عليا","complaint","negative","high"
"بجد الساعة الذكية وصلت بشاشة مكسوره تماماً وشكراً لتعاونكم","complaint","negative","high"
"من فضلك، الساعة الذكية وصلت بشاشة مكسورة تماماً","complaint","negative","high"
"لو سمحت، الساعة الذكية وصلت بشاشة مكسوره تماماً ياريت حد يرد عليا","complaint","negative","high"
"الساعة الذكية وصلت بشاشة مكسورة تماماً في انتظار ردكم","complaint","negative","high"
"معلش، الساعة الذكية وصلت بشاشة مكسوره تماماً","complaint","negative","high"
"على فكرة، الساعة الذكية وصلت بشاشة مكسورة تماماً وشكراً لتعاونكم","complaint","negative","high"
"معلش، عايز أوضح مشكلة حصلت من غير ما أكون متضايق أوي في انتظار ردكم","complaint","neutral","medium"
"معلش، عاوز أوضح مشكلة حصلت من غير ما أكون متضايق أوي برجاء الإفادة","complaint","neutral","medium"
"لو سمحت، عايز أوضح مشكلة حصلت من غير ما أكون متضايق أوي ياريت حد يرد عليا","complaint","neutral","medium"
"بجد عاوز أوضح مشكلة حصلت من غير ما أكون متضايق أوي وشكراً لتعاونكم","complaint","neutral","medium"
"لو سمحت، عاوز أوضح مشكلة حصلت من غير ما أكون متضايق أوي","complaint","neutral","medium"
"معلش، عايز أوضح مشكلة حصلت من غير ما أكون متضايق أوي ياريت حد يرد عليا","complaint","neutral","medium"
"طب عايز أوضح مشكلة حصلت من غير ما أكون متضايق أوي برجاء الإفادة","complaint","neutral","medium"
"عاوز أوضح مشكلة حصلت من غير ما أكون متضايق أوي ياريت حد يرد عليا","complaint","neutral","medium"
"من فضلك، عاوز أوضح مشكلة حصلت من غير ما أكون متضايق أوي في انتظار ردكم","complaint","neutral","medium"
"من فضلك، عاوز أوضح مشكلة حصلت من غير ما أكون متضايق أوي برجاء الإفادة","complaint","neutral","medium"
"طب عاوز أوضح مشكلة حصلت من غير ما أكون متضايق أوي ياريت حد يرد عليا","complaint","neutral","medium"
"على فكرة، عايز أوضح مشكلة حصلت من غير ما أكون متضايق أوي وشكراً لتعاونكم","complaint","neutral","medium"
"بجد عاوز أوضح مشكلة حصلت من غير ما أكون متضايق أوي في انتظار ردكم","complaint","neutral","medium"
"طب عايز أوضح مشكلة حصلت من غير ما أكون متضايق أوي","complaint","neutral","medium"
"من فضلك، عايز أوضح مشكلة حصلت من غير ما أكون متضايق أوي وشكراً لتعاونكم","complaint","neutral","medium"
"عاوز أوضح مشكلة حصلت من غير ما أكون متضايق أوي برجاء الإفادة","complaint","neutral","medium"
"معلش، عايز أوضح مشكلة حصلت من غير ما أكون متضايق أوي وشكراً لتعاونكم","complaint","neutral","medium"
"معلش، عايز أوضح مشكلة حصلت من غير ما أكون متضايق أوي","complaint","neutral","medium"
"بجد عايز أوضح مشكلة حصلت من غير ما أكون متضايق أوي برجاء الإفادة","complaint","neutral","medium"
"على فكرة، عاوز أوضح مشكلة حصلت من غير ما أكون متضايق أوي ياريت حد يرد عليا","complaint","neutral","medium"
"على فكرة، كل حاجة تمام تقريباً، بس فيه تفصيلة بسيطة حابب أذكرها في انتظار ردكم","complaint","negative","low"
"بجد كل حاجة تمام تقريباً، بس فيه تفصيلة بسيطة حابب أذكرها ياريت حد يرد عليا","complaint","negative","low"
"طب كل حاجة تمام تقريباً، بس فيه تفصيلة بسيطة حابب أذكرها برجاء الإفادة","complaint","negative","low"
"لو سمحت، كل حاجة تمام تقريباً، بس فيه تفصيلة بسيطة حابب أذكرها","complaint","negative","low"
"كل حاجة تمام تقريباً، بس فيه تفصيلة بسيطة حابب أذكرها","complaint","negative","low"
"معلش، كل حاجة تمام تقريباً، بس فيه تفصيلة بسيطة حابب أذكرها برجاء الإفادة","complaint","negative","low"
"معلش، كل حاجة تمام تقريباً، بس فيه تفصيلة بسيطة حابب أذكرها وشكراً لتعاونكم","complaint","negative","low"
"طب كل حاجة تمام تقريباً، بس فيه تفصيلة بسيطة حابب أذكرها","complaint","negative","low"
"على فكرة، كل حاجة تمام تقريباً، بس فيه تفصيلة بسيطة حابب أذكرها وشكراً لتعاونكم","complaint","negative","low"
"معلش، كل حاجة تمام تقريباً، بس فيه تفصيلة بسيطة حابب أذكرها","complaint","negative","low"
"بجد كل حاجة تمام تقريباً، بس فيه تفصيلة بسيطة حابب أذكرها في انتظار ردكم","complaint","negative","low"
"من فضلك، كل حاجة تمام تقريباً، بس فيه تفصيلة بسيطة حابب أذكرها ياريت حد يرد عليا","complaint","negative","low"
"على فكرة، كل حاجة تمام تقريباً، بس فيه تفصيلة بسيطة حابب أذكرها","complaint","negative","low"
"كل حاجة تمام تقريباً، بس فيه تفصيلة بسيطة حابب أذكرها برجاء الإفادة","complaint","negative","low"
"معلش، كل حاجة تمام تقريباً، بس فيه تفصيلة بسيطة حابب أذكرها في انتظار ردكم","complaint","negative","low"
"طب كل حاجة تمام تقريباً، بس فيه تفصيلة بسيطة حابب أذكرها وشكراً لتعاونكم","complaint","negative","low"
"على فكرة، مش زعلان بس حابب أبلغكم عن مشكلة بسيطة في الأوردر في انتظار ردكم","complaint","neutral","medium"
"من فضلك، مش زعلان بس حابب أبلغكم عن مشكلة بسيطة في الاوردر وشكراً لتعاونكم","complaint","neutral","medium"
"لو سمحت، مش زعلان بس حابب أبلغكم عن مشكلة بسيطة في الأوردر ياريت حد يرد عليا","complaint","neutral","medium"
"بجد مش زعلان بس حابب أبلغكم عن مشكلة بسيطة في الاوردر","complaint","neutral","medium"
"من فضلك، مش زعلان بس حابب أبلغكم عن مشكلة بسيطة في الأوردر ياريت حد يرد عليا","complaint","neutral","medium"
"طب مش زعلان بس حابب أبلغكم عن مشكلة بسيطة في الاوردر وشكراً لتعاونكم","complaint","neutral","medium"
"طب مش زعلان بس حابب أبلغكم عن مشكلة بسيطة في الأوردر برجاء الإفادة","complaint","neutral","medium"
"طب مش زعلان بس حابب أبلغكم عن مشكلة بسيطة في الاوردر في انتظار ردكم","complaint","neutral","medium"
"طب مش زعلان بس حابب أبلغكم عن مشكلة بسيطة في الاوردر","complaint","neutral","medium"
"من فضلك، مش زعلان بس حابب أبلغكم عن مشكلة بسيطة في الأوردر","complaint","neutral","medium"
"معلش، مش زعلان بس حابب أبلغكم عن مشكلة بسيطة في الأوردر ياريت حد يرد عليا","complaint","neutral","medium"
"بجد مش زعلان بس حابب أبلغكم عن مشكلة بسيطة في الأوردر ياريت حد يرد عليا","complaint","neutral","medium"
"مش زعلان بس حابب أبلغكم عن مشكلة بسيطة في الأوردر في انتظار ردكم","complaint","neutral","medium"
"على فكرة، مش زعلان بس حابب أبلغكم عن مشكلة بسيطة في الاوردر وشكراً لتعاونكم","complaint","neutral","medium"
"معلش، مش زعلان بس حابب أبلغكم عن مشكلة بسيطة في الأوردر برجاء الإفادة","complaint","neutral","medium"
"بجد مش زعلان بس حابب أبلغكم عن مشكلة بسيطة في الأوردر في انتظار ردكم","complaint","neutral","medium"
"معلش، مش زعلان بس حابب أبلغكم عن مشكلة بسيطة في الأوردر وشكراً لتعاونكم","complaint","neutral","medium"
"لو سمحت، التغليف كان سيء جداً والمنتج اتضرر بسببه ياريت حد يرد عليا","complaint","negative","high"
"من فضلك، التغليف كان سيء جداً والمنتج اتضرر بسببه في انتظار ردكم","complaint","negative","high"
"على فكرة، التغليف كان سيء جداً والمنتج اتضرر بسببه","complaint","negative","high"
"طب التغليف كان سيء جداً والمنتج اتضرر بسببه وشكراً لتعاونكم","complaint","negative","high"
"من فضلك، التغليف كان سيء جداً والمنتج اتضرر بسببه ياريت حد يرد عليا","complaint","negative","high"
"طب التغليف كان سيء جداً والمنتج اتضرر بسببه في انتظار ردكم","complaint","negative","high"
"بجد التغليف كان سيء جداً والمنتج اتضرر بسببه","complaint","negative","high"
"التغليف كان سيء جداً والمنتج اتضرر بسببه في انتظار ردكم","complaint","negative","high"
"لو سمحت، التغليف كان سيء جداً والمنتج اتضرر بسببه وشكراً لتعاونكم","complaint","negative","high"
"طب التغليف كان سيء جداً والمنتج اتضرر بسببه ياريت حد يرد عليا","complaint","negative","high"
"لو سمحت، التغليف كان سيء جداً والمنتج اتضرر بسببه برجاء الإفادة","complaint","negative","high"
"من فضلك، التغليف كان سيء جداً والمنتج اتضرر بسببه","complaint","negative","high"
"معلش، التغليف كان سيء جداً والمنتج اتضرر بسببه وشكراً لتعاونكم","complaint","negative","high"
"التغليف كان سيء جداً والمنتج اتضرر بسببه برجاء الإفادة","complaint","negative","high"
"طب التغليف كان سيء جداً والمنتج اتضرر بسببه برجاء الإفادة","complaint","negative","high"
"بجد التغليف كان سيء جداً والمنتج اتضرر بسببه برجاء الإفادة","complaint","negative","high"
"من فضلك، فيه ملاحظة على المنتج حابب أوضحها من غير زعل في انتظار ردكم","complaint","neutral","medium"
"لو سمحت، فيه ملاحظة على المنتج حابب أوضحها من غير زعل وشكراً لتعاونكم","complaint","neutral","medium"
"طب فيه ملاحظة على المنتج حابب أوضحها من غير زعل في انتظار ردكم","complaint","neutral","medium"
"على فكرة، فيه ملاحظة على المنتج حابب أوضحها من غير زعل في انتظار ردكم","complaint","neutral","medium"
"من فضلك، فيه ملاحظة على المنتج حابب أوضحها من غير زعل برجاء الإفادة","complaint","neutral","medium"
"بجد فيه ملاحظة على المنتج حابب أوضحها من غير زعل ياريت حد يرد عليا","complaint","neutral","medium"
"بجد فيه ملاحظة على المنتج حابب أوضحها من غير زعل وشكراً لتعاونكم","complaint","neutral","medium"
"فيه ملاحظة على المنتج حابب أوضحها من غير زعل برجاء الإفادة","complaint","neutral","medium"
"معلش، فيه ملاحظة على المنتج حابب أوضحها من غير زعل برجاء الإفادة","complaint","neutral","medium"
"لو سمحت، فيه ملاحظة على المنتج حابب أوضحها من غير زعل ياريت حد يرد عليا","complaint","neutral","medium"
"من فضلك، فيه ملاحظة على المنتج حابب أوضحها من غير زعل","complaint","neutral","medium"
"على فكرة، فيه ملاحظة على المنتج حابب أوضحها من غير زعل ياريت حد يرد عليا","complaint","neutral","medium"
"بجد فيه ملاحظة على المنتج حابب أوضحها من غير زعل برجاء الإفادة","complaint","neutral","medium"
"فيه ملاحظة على المنتج حابب أوضحها من غير زعل في انتظار ردكم","complaint","neutral","medium"
"معلش، استلمت المنتج بايظ ومحتاج استبدال فوري برجاء الإفادة","complaint","negative","high"
"استلمت المنتج بايض ومحتاج استبدال فوري وشكراً لتعاونكم","complaint","negative","high"
"طب استلمت المنتج بايض ومحتاج استبدال فوري في انتظار ردكم","complaint","negative","high"
"بجد استلمت المنتج بايظ ومحتاج استبدال فوري وشكراً لتعاونكم","complaint","negative","high"
"على فكرة، استلمت المنتج بايض ومحتاج استبدال فوري في انتظار ردكم","complaint","negative","high"
"معلش، استلمت المنتج بايظ ومحتاج استبدال فوري ياريت حد يرد عليا","complaint","negative","high"
"استلمت المنتج بايض ومحتاج استبدال فوري","complaint","negative","high"
"على فكرة، استلمت المنتج بايظ ومحتاج استبدال فوري وشكراً لتعاونكم","complaint","negative","high"
"على فكرة، استلمت المنتج بايظ ومحتاج استبدال فوري ياريت حد يرد عليا","complaint","negative","high"
"لو سمحت، استلمت المنتج بايظ ومحتاج استبدال فوري ياريت حد يرد عليا","complaint","negative","high"
"على فكرة، استلمت المنتج بايظ ومحتاج استبدال فوري","complaint","negative","high"
"معلش، استلمت المنتج بايض ومحتاج استبدال فوري","complaint","negative","high"
"لو سمحت، استلمت المنتج بايض ومحتاج استبدال فوري في انتظار ردكم","complaint","negative","high"
"على فكرة، استلمت المنتج بايظ ومحتاج استبدال فوري برجاء الإفادة","complaint","negative","high"
"لو سمحت، استلمت المنتج بايض ومحتاج استبدال فوري برجاء الإفادة","complaint","negative","high"
"معلش، استلمت المنتج بايظ ومحتاج استبدال فوري في انتظار ردكم","complaint","negative","high"
"استلمت المنتج بايض ومحتاج استبدال فوري برجاء الإفادة","complaint","negative","high"
"بجد استلمت المنتج بايظ ومحتاج استبدال فوري في انتظار ردكم","complaint","negative","high"
"المنتج كويس عموماً، بس فيه نقطة بسيطة ممكن تتحسن ياريت حد يرد عليا","complaint","negative","low"
"بجد المنتج كويس عموماً، بس فيه نقطة بسيطة ممكن تتحسن","complaint","negative","low"
"من فضلك، المنتج كويس عموماً، بس فيه نقطة بسيطة ممكن تتحسن","complaint","negative","low"
"لو سمحت، المنتج كويس عموماً، بس فيه نقطة بسيطة ممكن تتحسن وشكراً لتعاونكم","complaint","negative","low"
"معلش، المنتج كويس عموماً، بس فيه نقطة بسيطة ممكن تتحسن","complaint","negative","low"
"المنتج كويس عموماً، بس فيه نقطة بسيطة ممكن تتحسن","complaint","negative","low"
"المنتج كويس عموماً، بس فيه نقطة بسيطة ممكن تتحسن برجاء الإفادة","complaint","negative","low"
"من فضلك، المنتج كويس عموماً، بس فيه نقطة بسيطة ممكن تتحسن ياريت حد يرد عليا","complaint","negative","low"
"لو سمحت، المنتج كويس عموماً، بس فيه نقطة بسيطة ممكن تتحسن ياريت حد يرد عليا","complaint","negative","low"
"لو سمحت، المنتج كويس عموماً، بس فيه نقطة بسيطة ممكن تتحسن برجاء الإفادة","complaint","negative","low"
"المنتج كويس عموماً، بس فيه نقطة بسيطة ممكن تتحسن وشكراً لتعاونكم","complaint","negative","low"
"بجد المنتج كويس عموماً، بس فيه نقطة بسيطة ممكن تتحسن وشكراً لتعاونكم","complaint","negative","low"
"طب المنتج كويس عموماً، بس فيه نقطة بسيطة ممكن تتحسن في انتظار ردكم","complaint","negative","low"
"بجد المنتج كويس عموماً، بس فيه نقطة بسيطة ممكن تتحسن ياريت حد يرد عليا","complaint","negative","low"
"طب حابب ألفت نظركم لمشكلة بسيطة حصلت في التوصيل وشكراً لتعاونكم","complaint","neutral","medium"
"طب حابب ألفت نظركم لمشكلة بسيطة حصلت في التوصيل","complaint","neutral","medium"
"معلش، حابب ألفت نظركم لمشكلة بسيطة حصلت في التوصيل ياريت حد يرد عليا","complaint","neutral","medium"
"من فضلك، حابب ألفت نظركم لمشكلة بسيطة حصلت في التوصيل برجاء الإفادة","complaint","neutral","medium"
"طب حابب ألفت نظركم لمشكلة بسيطة حصلت في التوصيل ياريت حد يرد عليا","complaint","neutral","medium"
"حابب ألفت نظركم لمشكلة بسيطة حصلت في التوصيل برجاء الإفادة","complaint","neutral","medium"
"لو سمحت، حابب ألفت نظركم لمشكلة بسيطة حصلت في التوصيل وشكراً لتعاونكم","complaint","neutral","medium"
"حابب ألفت نظركم لمشكلة بسيطة حصلت في التوصيل في انتظار ردكم","complaint","neutral","medium"
"طب حابب ألفت نظركم لمشكلة بسيطة حصلت في التوصيل في انتظار ردكم","complaint","neutral","medium"
"من فضلك، حابب ألفت نظركم لمشكلة بسيطة حصلت في التوصيل في انتظار ردكم","complaint","neutral","medium"
"على فكرة، حابب ألفت نظركم لمشكلة بسيطة حصلت في التوصيل ياريت حد يرد عليا","complaint","neutral","medium"
"من فضلك، حابب ألفت نظركم لمشكلة بسيطة حصلت في التوصيل وشكراً لتعاونكم","complaint","neutral","medium"
"على فكرة، حابب ألفت نظركم لمشكلة بسيطة حصلت في التوصيل وشكراً لتعاونكم","complaint","neutral","medium"
"طب فيه تأخير في الرد على استفساراتي عن المشكلة","complaint","negative","medium"
"طب فيه تأخير في الرد على استفساراتي عن المشكلة برجاء الإفادة","complaint","negative","medium"
"فيه تأخير في الرد على استفساراتي عن المشكلة في انتظار ردكم","complaint","negative","medium"
"فيه تأخير في الرد على استفساراتي عن المشكلة ياريت حد يرد عليا","complaint","negative","medium"
"لو سمحت، فيه تأخير في الرد على استفساراتي عن المشكلة وشكراً لتعاونكم","complaint","negative","medium"
"على فكرة، فيه تأخير في الرد على استفساراتي عن المشكلة","complaint","negative","medium"
"من فضلك، فيه تأخير في الرد على استفساراتي عن المشكلة في انتظار ردكم","complaint","negative","medium"
"على فكرة، فيه تأخير في الرد على استفساراتي عن المشكلة وشكراً لتعاونكم","complaint","negative","medium"
"فيه تأخير في الرد على استفساراتي عن المشكلة","complaint","negative","medium"
"معلش، فيه تأخير في الرد على استفساراتي عن المشكلة","complaint","negative","medium"
"فيه تأخير في الرد على استفساراتي عن المشكلة وشكراً لتعاونكم","complaint","negative","medium"
"بجد فيه تأخير في الرد على استفساراتي عن المشكلة في انتظار ردكم","complaint","negative","medium"
"لو سمحت، فيه تأخير في الرد على استفساراتي عن المشكلة برجاء الإفادة","complaint","negative","medium"
"لو سمحت، فيه تأخير في الرد على استفساراتي عن المشكلة ياريت حد يرد عليا","complaint","negative","medium"
"بجد فيه تأخير في الرد على استفساراتي عن المشكلة","complaint","negative","medium"
"بجد مفيش مشكلة كبيرة بس التغليف كان ممكن يكون أحسن ياريت حد يرد عليا","complaint","negative","low"
"معلش، مفيش مشكلة كبيرة بس التغليف كان ممكن يكون أحسن برجاء الإفادة","complaint","negative","low"
"من فضلك، مفيش مشكلة كبيرة بس التغليف كان ممكن يكون أحسن وشكراً لتعاونكم","complaint","negative","low"
"من فضلك، مفيش مشكلة كبيرة بس التغليف كان ممكن يكون أحسن برجاء الإفادة","complaint","negative","low"
"مفيش مشكلة كبيرة بس التغليف كان ممكن يكون أحسن وشكراً لتعاونكم","complaint","negative","low"
"من فضلك، مفيش مشكلة كبيرة بس التغليف كان ممكن يكون أحسن ياريت حد يرد عليا","complaint","negative","low"
"مفيش مشكلة كبيرة بس التغليف كان ممكن يكون أحسن","complaint","negative","low"
"مفيش مشكلة كبيرة بس التغليف كان ممكن يكون أحسن في انتظار ردكم","complaint","negative","low"
"بجد مفيش مشكلة كبيرة بس التغليف كان ممكن يكون أحسن في انتظار ردكم","complaint","negative","low"
"على فكرة، مفيش مشكلة كبيرة بس التغليف كان ممكن يكون أحسن وشكراً لتعاونكم","complaint","negative","low"
"لو سمحت، مفيش مشكلة كبيرة بس التغليف كان ممكن يكون أحسن برجاء الإفادة","complaint","negative","low"
"مفيش مشكلة كبيرة بس التغليف كان ممكن يكون أحسن ياريت حد يرد عليا","complaint","negative","low"
"معلش، مفيش مشكلة كبيرة بس التغليف كان ممكن يكون أحسن ياريت حد يرد عليا","complaint","negative","low"
"معلش، فيه نقطة محتاجة تحسين في تجربة الطلب","complaint","neutral","medium"
"فيه نقطة محتاجة تحسين في تجربة الطلب وشكراً لتعاونكم","complaint","neutral","medium"
"على فكرة، فيه نقطة محتاجة تحسين في تجربة الطلب","complaint","neutral","medium"
"من فضلك، فيه نقطة محتاجة تحسين في تجربة الطلب في انتظار ردكم","complaint","neutral","medium"
"لو سمحت، فيه نقطة محتاجة تحسين في تجربة الطلب ياريت حد يرد عليا","complaint","neutral","medium"
"فيه نقطة محتاجة تحسين في تجربة الطلب","complaint","neutral","medium"
"من فضلك، فيه نقطة محتاجة تحسين في تجربة الطلب وشكراً لتعاونكم","complaint","neutral","medium"
"لو سمحت، فيه نقطة محتاجة تحسين في تجربة الطلب برجاء الإفادة","complaint","neutral","medium"
"من فضلك، فيه نقطة محتاجة تحسين في تجربة الطلب برجاء الإفادة","complaint","neutral","medium"
"بجد فيه نقطة محتاجة تحسين في تجربة الطلب في انتظار ردكم","complaint","neutral","medium"
"طب فيه نقطة محتاجة تحسين في تجربة الطلب","complaint","neutral","medium"
"معلش، فيه نقطة محتاجة تحسين في تجربة الطلب وشكراً لتعاونكم","complaint","neutral","medium"
"طب فيه نقطة محتاجة تحسين في تجربة الطلب وشكراً لتعاونكم","complaint","neutral","medium"
"طب فيه نقطة محتاجة تحسين في تجربة الطلب برجاء الإفادة","complaint","neutral","medium"
"على فكرة، وصلني منتج غير المطلوب وده أثر على شغلي وشكراً لتعاونكم","complaint","negative","high"
"طب وصلني منتج غير المطلوب وده أثر على شغلي","complaint","negative","high"
"طب وصلني منتج غير المطلوب وده أثر على شغلي ياريت حد يرد عليا","complaint","negative","high"
"معلش، وصلني منتج غير المطلوب وده أثر على شغلي ياريت حد يرد عليا","complaint","negative","high"
"على فكرة، وصلني منتج غير المطلوب وده أثر على شغلي","complaint","negative","high"
"من فضلك، وصلني منتج غير المطلوب وده أثر على شغلي وشكراً لتعاونكم","complaint","negative","high"
"بجد وصلني منتج غير المطلوب وده أثر على شغلي برجاء الإفادة","complaint","negative","high"
"بجد وصلني منتج غير المطلوب وده أثر على شغلي ياريت حد يرد عليا","complaint","negative","high"
"طب وصلني منتج غير المطلوب وده أثر على شغلي في انتظار ردكم","complaint","negative","high"
"معلش، وصلني منتج غير المطلوب وده أثر على شغلي","complaint","negative","high"
"من فضلك، وصلني منتج غير المطلوب وده أثر على شغلي","complaint","negative","high"
"وصلني منتج غير المطلوب وده أثر على شغلي برجاء الإفادة","complaint","negative","high"
"طب وصلني منتج غير المطلوب وده أثر على شغلي وشكراً لتعاونكم","complaint","negative","high"
"بجد محتاج توضيح أكتر لأن الوصف مش كافي وشكراً لتعاونكم","general_inquiry","negative","low"
"لو سمحت، محتاج توضيح أكتر لأن الوصف مش كافي برجاء الإفادة","general_inquiry","negative","low"
"محتاج توضيح أكتر لأن الوصف مش كافي ياريت حد يرد عليا","general_inquiry","negative","low"
"محتاج توضيح أكتر لأن الوصف مش كافي","general_inquiry","negative","low"
"من فضلك، محتاج توضيح أكتر لأن الوصف مش كافي برجاء الإفادة","general_inquiry","negative","low"
"طب محتاج توضيح أكتر لأن الوصف مش كافي في انتظار ردكم","general_inquiry","negative","low"
"معلش، محتاج توضيح أكتر لأن الوصف مش كافي وشكراً لتعاونكم","general_inquiry","negative","low"
"بجد محتاج توضيح أكتر لأن الوصف مش كافي في انتظار ردكم","general_inquiry","negative","low"
"على فكرة، محتاج توضيح أكتر لأن الوصف مش كافي","general_inquiry","negative","low"
"معلش، محتاج توضيح أكتر لأن الوصف مش كافي ياريت حد يرد عليا","general_inquiry","negative","low"
"على فكرة، محتاج توضيح أكتر لأن الوصف مش كافي وشكراً لتعاونكم","general_inquiry","negative","low"
"معلش، محتاج توضيح أكتر لأن الوصف مش كافي برجاء الإفادة","general_inquiry","negative","low"
"من فضلك، حلو أوي وجود تشكيلة كبيرة من المنتجات ياريت حد يرد عليا","general_inquiry","positive","low"
"لو سمحت، حلو أوي وجود تشكيلة كبيرة من المنتجات في انتظار ردكم","general_inquiry","positive","low"
"طب حلو أوي وجود تشكيلة كبيرة من المنتجات برجاء الإفادة","general_inquiry","positive","low"
"طب حلو أوي وجود تشكيلة كبيرة من المنتجات","general_inquiry","positive","low"
"بجد حلو أوي وجود تشكيلة كبيرة من المنتجات وشكراً لتعاونكم","general_inquiry","positive","low"
"بجد حلو أوي وجود تشكيلة كبيرة من المنتجات","general_inquiry","positive","low"
"على فكرة، حلو أوي وجود تشكيلة كبيرة من المنتجات ياريت حد يرد عليا","general_inquiry","positive","low"
"طب حلو أوي وجود تشكيلة كبيرة من المنتجات وشكراً لتعاونكم","general_inquiry","positive","low"
"حلو أوي وجود تشكيلة كبيرة من المنتجات ياريت حد يرد عليا","general_inquiry","positive","low"
"على فكرة، حلو أوي وجود تشكيلة كبيرة من المنتجات برجاء الإفادة","general_inquiry","positive","low"
"على فكرة، حلو أوي وجود تشكيلة كبيرة من المنتجات وشكراً لتعاونكم","general_inquiry","positive","low"
"بجد حلو أوي وجود تشكيلة كبيرة من المنتجات برجاء الإفادة","general_inquiry","positive","low"
"على فكرة، الشحن بياخد وقت أطول لو الطلب كبير؟","general_inquiry","neutral","low"
"على فكرة، الشحن بياخد وقت أطول لو الطلب كبير؟ ياريت حد يرد عليا","general_inquiry","neutral","low"
"معلش، الشحن بياخد وقت أطول لو الطلب كبير؟","general_inquiry","neutral","low"
"معلش، الشحن بياخد وقت أطول لو الطلب كبير؟ في انتظار ردكم","general_inquiry","neutral","low"
"لو سمحت، الشحن بياخد وقت أطول لو الطلب كبير؟ برجاء الإفادة","general_inquiry","neutral","low"
"الشحن بياخد وقت أطول لو الطلب كبير؟ ياريت حد يرد عليا","general_inquiry","neutral","low"
"معلش، الشحن بياخد وقت أطول لو الطلب كبير؟ ياريت حد يرد عليا","general_inquiry","neutral","low"
"معلش، الشحن بياخد وقت أطول لو الطلب كبير؟ برجاء الإفادة","general_inquiry","neutral","low"
"الشحن بياخد وقت أطول لو الطلب كبير؟ في انتظار ردكم","general_inquiry","neutral","low"
"طب الشحن بياخد وقت أطول لو الطلب كبير؟","general_inquiry","neutral","low"
"على فكرة، الشحن بياخد وقت أطول لو الطلب كبير؟ في انتظار ردكم","general_inquiry","neutral","low"
"الشحن بياخد وقت أطول لو الطلب كبير؟ برجاء الإفادة","general_inquiry","neutral","low"
"على فكرة، حابب أقول ان خدمه العملاء عندكم محترمة برجاء الإفادة","general_inquiry","positive","low"
"حابب أقول ان خدمه العملاء عندكم محترمة ياريت حد يرد عليا","general_inquiry","positive","low"
"من فضلك، حابب أقول ان خدمة العملاء عندكم محترمة ياريت حد يرد عليا","general_inquiry","positive","low"
"حابب أقول ان خدمه العملاء عندكم محترمة وشكراً لتعاونكم","general_inquiry","positive","low"
"طب حابب أقول ان خدمة العملاء عندكم محترمة في انتظار ردكم","general_inquiry","positive","low"
"لو سمحت، حابب أقول ان خدمه العملاء عندكم محترمة ياريت حد يرد عليا","general_inquiry","positive","low"
"معلش، حابب أقول ان خدمة العملاء عندكم محترمة في انتظار ردكم","general_inquiry","positive","low"
"على فكرة، حابب أقول ان خدمه العملاء عندكم محترمة ياريت حد يرد عليا","general_inquiry","positive","low"
"لو سمحت، حابب أقول ان خدمة العملاء عندكم محترمة","general_inquiry","positive","low"
"لو سمحت، حابب أقول ان خدمة العملاء عندكم محترمة في انتظار ردكم","general_inquiry","positive","low"
"بجد حابب أقول ان خدمه العملاء عندكم محترمة في انتظار ردكم","general_inquiry","positive","low"
"بجد حابب أقول ان خدمة العملاء عندكم محترمة","general_inquiry","positive","low"
"لو سمحت، بتشتغلوا أيام الجمعة والسبت؟","general_inquiry","neutral","low"
"طب بتشتغلوا أيام الجمعة والسبت؟ ياريت حد يرد عليا","general_inquiry","neutral","low"
"بجد بتشتغلوا أيام الجمعة والسبت؟","general_inquiry","neutral","low"
"بتشتغلوا أيام الجمعة والسبت؟ برجاء الإفادة","general_inquiry","neutral","low"
"معلش، بتشتغلوا أيام الجمعة والسبت؟","general_inquiry","neutral","low"
"طب بتشتغلوا أيام الجمعة والسبت؟ في انتظار ردكم","general_inquiry","neutral","low"
"من فضلك، بتشتغلوا أيام الجمعة والسبت؟ ياريت حد يرد عليا","general_inquiry","neutral","low"
"من فضلك، بتشتغلوا أيام الجمعة والسبت؟ وشكراً لتعاونكم","general_inquiry","neutral","low"
"بتشتغلوا أيام الجمعة والسبت؟","general_inquiry","neutral","low"
"لو سمحت، بتشتغلوا أيام الجمعة والسبت؟ وشكراً لتعاونكم","general_inquiry","neutral","low"
"لو سمحت، بتشتغلوا أيام الجمعة والسبت؟ ياريت حد يرد عليا","general_inquiry","neutral","low"
"طب بتشتغلوا أيام الجمعة والسبت؟ برجاء الإفادة","general_inquiry","neutral","low"
"بجد عاوز أعرف الفرق بين موديلين من الهيدفون عندكم برجاء الإفادة","general_inquiry","neutral","low"
"عاوز أعرف الفرق بين موديلين من الهيدفون عندكم ياريت حد يرد عليا","general_inquiry","neutral","low"
"معلش، عايز أعرف الفرق بين موديلين من الهيدفون عندكم وشكراً لتعاونكم","general_inquiry","neutral","low"
"عايز أعرف الفرق بين موديلين من الهيدفون عندكم وشكراً لتعاونكم","general_inquiry","neutral","low"
"من فضلك، عايز أعرف الفرق بين موديلين من الهيدفون عندكم في انتظار ردكم","general_inquiry","neutral","low"
"معلش، عاوز أعرف الفرق بين موديلين من الهيدفون عندكم برجاء الإفادة","general_inquiry","neutral","low"
"على فكرة، عايز أعرف الفرق بين موديلين من الهيدفون عندكم برجاء الإفادة","general_inquiry","neutral","low"
"لو سمحت، عاوز أعرف الفرق بين موديلين من الهيدفون عندكم برجاء الإفادة","general_inquiry","neutral","low"
"طب عاوز أعرف الفرق بين موديلين من الهيدفون عندكم وشكراً لتعاونكم","general_inquiry","neutral","low"
"على فكرة، عايز أعرف الفرق بين موديلين من الهيدفون عندكم","general_inquiry","neutral","low"
"بجد عاوز أعرف الفرق بين موديلين من الهيدفون عندكم في انتظار ردكم","general_inquiry","neutral","low"
"من فضلك، عاوز أعرف الفرق بين موديلين من الهيدفون عندكم برجاء الإفادة","general_inquiry","neutral","low"
"لو سمحت، عندكم تابلت مناسب للرسم؟ ياريت حد يرد عليا","general_inquiry","neutral","low"
"على فكرة، عندكم تابلت مناسب للرسم؟","general_inquiry","neutral","low"
"لو سمحت، عندكم تابلت مناسب للرسم؟ في انتظار ردكم","general_inquiry","neutral","low"
"على فكرة، عندكم تابلت مناسب للرسم؟ وشكراً لتعاونكم","general_inquiry","neutral","low"
"بجد عندكم تابلت مناسب للرسم؟ وشكراً لتعاونكم","general_inquiry","neutral","low"
"عندكم تابلت مناسب للرسم؟ برجاء الإفادة","general_inquiry","neutral","low"
"من فضلك، عندكم تابلت مناسب للرسم؟ ياريت حد يرد عليا","general_inquiry","neutral","low"
"من فضلك، عندكم تابلت مناسب للرسم؟","general_inquiry","neutral","low"
"طب عندكم تابلت مناسب للرسم؟ في انتظار ردكم","general_inquiry","neutral","low"
"لو سمحت، عندكم تابلت مناسب للرسم؟","general_inquiry","neutral","low"
"معلش، عندكم تابلت مناسب للرسم؟ في انتظار ردكم","general_inquiry","neutral","low"
"من فضلك، عندكم تابلت مناسب للرسم؟ وشكراً لتعاونكم","general_inquiry","neutral","low"
"طب عايز أعرف الحد الأدنى للطلب عشان الشحن يبقى مجاني في انتظار ردكم","general_inquiry","neutral","low"
"معلش، عاوز أعرف الحد الأدنى للطلب عشان الشحن يبقى مجاني","general_inquiry","neutral","low"
"بجد عاوز أعرف الحد الأدنى للطلب عشان الشحن يبقى مجاني وشكراً لتعاونكم","general_inquiry","neutral","low"
"من فضلك، عاوز أعرف الحد الأدنى للطلب عشان الشحن يبقى مجاني ياريت حد يرد عليا","general_inquiry","neutral","low"
"لو سمحت، عاوز أعرف الحد الأدنى للطلب عشان الشحن يبقى مجاني وشكراً لتعاونكم","general_inquiry","neutral","low"
"من فضلك، عاوز أعرف الحد الأدنى للطلب عشان الشحن يبقى مجاني","general_inquiry","neutral","low"
"طب عاوز أعرف الحد الأدنى للطلب عشان الشحن يبقى مجاني ياريت حد يرد عليا","general_inquiry","neutral","low"
"لو سمحت، عاوز أعرف الحد الأدنى للطلب عشان الشحن يبقى مجاني في انتظار ردكم","general_inquiry","neutral","low"
"من فضلك، عاوز أعرف الحد الأدنى للطلب عشان الشحن يبقى مجاني برجاء الإفادة","general_inquiry","neutral","low"
"معلش، عاوز أعرف الحد الأدنى للطلب عشان الشحن يبقى مجاني ياريت حد يرد عليا","general_inquiry","neutral","low"
"عايز أعرف الحد الأدنى للطلب عشان الشحن يبقى مجاني ياريت حد يرد عليا","general_inquiry","neutral","low"
"عاوز أعرف الحد الأدنى للطلب عشان الشحن يبقى مجاني","general_inquiry","neutral","low"
"طب عندكم ماوس مناسب للألعاب؟ وشكراً لتعاونكم","general_inquiry","neutral","low"
"على فكرة، عندكم ماوس مناسب للألعاب؟ برجاء الإفادة","general_inquiry","neutral","low"
"على فكرة، عندكم ماوس مناسب للألعاب؟ وشكراً لتعاونكم","general_inquiry","neutral","low"
"من فضلك، عندكم ماوس مناسب للألعاب؟ برجاء الإفادة","general_inquiry","neutral","low"
"بجد عندكم ماوس مناسب للألعاب؟ وشكراً لتعاونكم","general_inquiry","neutral","low"
"من فضلك، عندكم ماوس مناسب للألعاب؟ في انتظار ردكم","general_inquiry","neutral","low"
"على فكرة، عندكم ماوس مناسب للألعاب؟","general_inquiry","neutral","low"
"معلش، عندكم ماوس مناسب للألعاب؟ برجاء الإفادة","general_inquiry","neutral","low"
"لو سمحت، عندكم ماوس مناسب للألعاب؟ في انتظار ردكم","general_inquiry","neutral","low"
"من فضلك، عندكم ماوس مناسب للألعاب؟ وشكراً لتعاونكم","general_inquiry","neutral","low"
"عندكم ماوس مناسب للألعاب؟ في انتظار ردكم","general_inquiry","neutral","low"
"عندكم ماوس مناسب للألعاب؟ برجاء الإفادة","general_inquiry","neutral","low"
"من فضلك، عاوز أعرف طرق التواصل مع خدمة العملاء","general_inquiry","neutral","low"
"بجد عايز أعرف طرق التواصل مع خدمة العملاء وشكراً لتعاونكم","general_inquiry","neutral","low"
"طب عايز أعرف طرق التواصل مع خدمة العملاء في انتظار ردكم","general_inquiry","neutral","low"
"معلش، عاوز أعرف طرق التواصل مع خدمة العملاء وشكراً لتعاونكم","general_inquiry","neutral","low"
"عايز أعرف طرق التواصل مع خدمه العملاء ياريت حد يرد عليا","general_inquiry","neutral","low"
"لو سمحت، عايز أعرف طرق التواصل مع خدمة العملاء برجاء الإفادة","general_inquiry","neutral","low"
"على فكرة، عايز أعرف طرق التواصل مع خدمه العملاء برجاء الإفادة","general_inquiry","neutral","low"
"طب عايز أعرف طرق التواصل مع خدمة العملاء ياريت حد يرد عليا","general_inquiry","neutral","low"
"معلش، عاوز أعرف طرق التواصل مع خدمة العملاء برجاء الإفادة","general_inquiry","neutral","low"
"لو سمحت، عايز أعرف طرق التواصل مع خدمه العملاء","general_inquiry","neutral","low"
"معلش، عايز أعرف طرق التواصل مع خدمة العملاء في انتظار ردكم","general_inquiry","neutral","low"
"من فضلك، عايز أعرف طرق التواصل مع خدمة العملاء ياريت حد يرد عليا","general_inquiry","neutral","low"
"على فكرة، هل ممكن أدفع أونلاين من غير فيزا؟ برجاء الإفادة","general_inquiry","neutral","low"
"بجد هل ممكن أدفع أونلاين من غير فيزا؟ وشكراً لتعاونكم","general_inquiry","neutral","low"
"معلش، هل ممكن أدفع أونلاين من غير فيزا؟ في انتظار ردكم","general_inquiry","neutral","low"
"لو سمحت، هل ممكن أدفع أونلاين من غير فيزا؟","general_inquiry","neutral","low"
"لو سمحت، هل ممكن أدفع أونلاين من غير فيزا؟ برجاء الإفادة","general_inquiry","neutral","low"
"هل ممكن أدفع أونلاين من غير فيزا؟ ياريت حد يرد عليا","general_inquiry","neutral","low"
"طب هل ممكن أدفع أونلاين من غير فيزا؟","general_inquiry","neutral","low"
"لو سمحت، هل ممكن أدفع أونلاين من غير فيزا؟ في انتظار ردكم","general_inquiry","neutral","low"
"على فكرة، هل ممكن أدفع أونلاين من غير فيزا؟ ياريت حد يرد عليا","general_inquiry","neutral","low"
"بجد هل ممكن أدفع أونلاين من غير فيزا؟ برجاء الإفادة","general_inquiry","neutral","low"
"على فكرة، هل ممكن أدفع أونلاين من غير فيزا؟ في انتظار ردكم","general_inquiry","neutral","low"
"هل ممكن أدفع أونلاين من غير فيزا؟ وشكراً لتعاونكم","general_inquiry","neutral","low"
"لو سمحت، عاوز أعرف سعة التخزين المتاحة في اللابتوب وشكراً لتعاونكم","general_inquiry","neutral","low"
"معلش، عايز أعرف سعة التخزين المتاحة في اللابتوب وشكراً لتعاونكم","general_inquiry","neutral","low"
"على فكرة، عاوز أعرف سعة التخزين المتاحة في اللابتوب","general_inquiry","neutral","low"
"معلش، عاوز أعرف سعة التخزين المتاحة في اللابتوب برجاء الإفادة","general_inquiry","neutral","low"
"من فضلك، عايز أعرف سعة التخزين المتاحة في اللابتوب برجاء الإفادة","general_inquiry","neutral","low"
"طب عاوز أعرف سعة التخزين المتاحة في اللابتوب","general_inquiry","neutral","low"
"من فضلك، عايز أعرف سعة التخزين المتاحة في اللابتوب","general_inquiry","neutral","low"
"من فضلك، عايز أعرف سعة التخزين المتاحة في اللابتوب ياريت حد يرد عليا","general_inquiry","neutral","low"
"لو سمحت، عايز أعرف سعة التخزين المتاحة في اللابتوب في انتظار ردكم","general_inquiry","neutral","low"
"عايز أعرف سعة التخزين المتاحة في اللابتوب وشكراً لتعاونكم","general_inquiry","neutral","low"
"على فكرة، عايز أعرف سعة التخزين المتاحة في اللابتوب برجاء الإفادة","general_inquiry","neutral","low"
"على فكرة، عايز أعرف سعة التخزين المتاحة في اللابتوب في انتظار ردكم","general_inquiry","neutral","low"
"طب مش فاهم ليه مفيش صور كافية للمنتج في الموقع برجاء الإفادة","general_inquiry","negative","low"
"معلش، مش فاهم ليه مفيش صور كافية للمنتج في الموقع","general_inquiry","negative","low"
"طب مش فاهم ليه مفيش صور كافية للمنتج في الموقع","general_inquiry","negative","low"
"على فكرة، مش فاهم ليه مفيش صور كافية للمنتج في الموقع","general_inquiry","negative","low"
"لو سمحت، مش فاهم ليه مفيش صور كافية للمنتج في الموقع في انتظار ردكم","general_inquiry","negative","low"
"لو سمحت، مش فاهم ليه مفيش صور كافية للمنتج في الموقع ياريت حد يرد عليا","general_inquiry","negative","low"
"طب مش فاهم ليه مفيش صور كافية للمنتج في الموقع في انتظار ردكم","general_inquiry","negative","low"
"من فضلك، مش فاهم ليه مفيش صور كافية للمنتج في الموقع في انتظار ردكم","general_inquiry","negative","low"
"معلش، مش فاهم ليه مفيش صور كافية للمنتج في الموقع وشكراً لتعاونكم","general_inquiry","negative","low"
"مش فاهم ليه مفيش صور كافية للمنتج في الموقع في انتظار ردكم","general_inquiry","negative","low"
"من فضلك، مش فاهم ليه مفيش صور كافية للمنتج في الموقع ياريت حد يرد عليا","general_inquiry","negative","low"
"مش فاهم ليه مفيش صور كافية للمنتج في الموقع برجاء الإفادة","general_inquiry","negative","low"
"هل فيه توصيل لكل المحافظات؟","general_inquiry","neutral","low"
"لو سمحت، هل فيه توصيل لكل المحافظات؟ برجاء الإفادة","general_inquiry","neutral","low"
"طب هل فيه توصيل لكل المحافظات؟ وشكراً لتعاونكم","general_inquiry","neutral","low"
"معلش، هل فيه توصيل لكل المحافظات؟ ياريت حد يرد عليا","general_inquiry","neutral","low"
"على فكرة، هل فيه توصيل لكل المحافظات؟ وشكراً لتعاونكم","general_inquiry","neutral","low"
"هل فيه توصيل لكل المحافظات؟ برجاء الإفادة","general_inquiry","neutral","low"
"معلش، هل فيه توصيل لكل المحافظات؟","general_inquiry","neutral","low"
"من فضلك، هل فيه توصيل لكل المحافظات؟ برجاء الإفادة","general_inquiry","neutral","low"
"لو سمحت، هل فيه توصيل لكل المحافظات؟ في انتظار ردكم","general_inquiry","neutral","low"
"طب هل فيه توصيل لكل المحافظات؟ ياريت حد يرد عليا","general_inquiry","neutral","low"
"بجد هل فيه توصيل لكل المحافظات؟ برجاء الإفادة","general_inquiry","neutral","low"
"هل فيه توصيل لكل المحافظات؟ وشكراً لتعاونكم","general_inquiry","neutral","low"
"بجد محتاج أعرف الحد الأدنى للشحن المجاني بسرعة عشان هكمل الطلب برجاء الإفادة","general_inquiry","neutral","medium"
"محتاج أعرف الحد الأدنى للشحن المجاني بسرعة عشان هكمل الطلب ياريت حد يرد عليا","general_inquiry","neutral","medium"
"محتاج أعرف الحد الأدنى للشحن المجاني بسرعة عشان هكمل الطلب في انتظار ردكم","general_inquiry","neutral","medium"
"محتاج أعرف الحد الأدنى للشحن المجاني بسرعة عشان هكمل الطلب","general_inquiry","neutral","medium"
"على فكرة، محتاج أعرف الحد الأدنى للشحن المجاني بسرعة عشان هكمل الطلب","general_inquiry","neutral","medium"
"بجد محتاج أعرف الحد الأدنى للشحن المجاني بسرعة عشان هكمل الطلب","general_inquiry","neutral","medium"
"لو سمحت، محتاج أعرف الحد الأدنى للشحن المجاني بسرعة عشان هكمل الطلب في انتظار ردكم","general_inquiry","neutral","medium"
"من فضلك، محتاج أعرف الحد الأدنى للشحن المجاني بسرعة عشان هكمل الطلب وشكراً لتعاونكم","general_inquiry","neutral","medium"
"معلش، محتاج أعرف الحد الأدنى للشحن المجاني بسرعة عشان هكمل الطلب ياريت حد يرد عليا","general_inquiry","neutral","medium"
"طب محتاج أعرف الحد الأدنى للشحن المجاني بسرعة عشان هكمل الطلب في انتظار ردكم","general_inquiry","neutral","medium"
"بجد محتاج أعرف الحد الأدنى للشحن المجاني بسرعة عشان هكمل الطلب ياريت حد يرد عليا","general_inquiry","neutral","medium"
"بجد محتاج أعرف الحد الأدنى للشحن المجاني بسرعة عشان هكمل الطلب وشكراً لتعاونكم","general_inquiry","neutral","medium"
"معلش، محتاج أعرف مواعيد خدمة العملاء بسرعة عشان هتصل دلوقتي","general_inquiry","neutral","medium"
"على فكرة، محتاج أعرف مواعيد خدمة العملاء بسرعة عشان هتصل دلوقتي وشكراً لتعاونكم","general_inquiry","neutral","medium"
"بجد محتاج أعرف مواعيد خدمه العملاء بسرعة عشان هتصل دلوقتي وشكراً لتعاونكم","general_inquiry","neutral","medium"
"طب محتاج أعرف مواعيد خدمه العملاء بسرعة عشان هتصل دلوقتي","general_inquiry","neutral","medium"
"بجد محتاج أعرف مواعيد خدمة العملاء بسرعة عشان هتصل دلوقتي برجاء الإفادة","general_inquiry","neutral","medium"
"من فضلك، محتاج أعرف مواعيد خدمه العملاء بسرعة عشان هتصل دلوقتي وشكراً لتعاونكم","general_inquiry","neutral","medium"
"بجد محتاج أعرف مواعيد خدمة العملاء بسرعة عشان هتصل دلوقتي في انتظار ردكم","general_inquiry","neutral","medium"
"طب محتاج أعرف مواعيد خدمه العملاء بسرعة عشان هتصل دلوقتي في انتظار ردكم","general_inquiry","neutral","medium"
"طب محتاج أعرف مواعيد خدمة العملاء بسرعة عشان هتصل دلوقتي وشكراً لتعاونكم","general_inquiry","neutral","medium"
"لو سمحت، محتاج أعرف مواعيد خدمه العملاء بسرعة عشان هتصل دلوقتي","general_inquiry","neutral","medium"
"على فكرة، محتاج أعرف مواعيد خدمه العملاء بسرعة عشان هتصل دلوقتي برجاء الإفادة","general_inquiry","neutral","medium"
"محتاج أعرف مواعيد خدمه العملاء بسرعة عشان هتصل دلوقتي","general_inquiry","neutral","medium"
"بجد عايز أعرف مقاس الشاشة المتوفرة عندكم برجاء الإفادة","general_inquiry","neutral","low"
"على فكرة، عايز أعرف مقاس الشاشة المتوفرة عندكم في انتظار ردكم","general_inquiry","neutral","low"
"بجد عايز أعرف مقاس الشاشة المتوفرة عندكم وشكراً لتعاونكم","general_inquiry","neutral","low"
"بجد عاوز أعرف مقاس الشاشة المتوفرة عندكم","general_inquiry","neutral","low"
"من فضلك، عاوز أعرف مقاس الشاشة المتوفرة عندكم برجاء الإفادة","general_inquiry","neutral","low"
"على فكرة، عاوز أعرف مقاس الشاشة المتوفرة عندكم ياريت حد يرد عليا","general_inquiry","neutral","low"
"من فضلك، عاوز أعرف مقاس الشاشة المتوفرة عندكم وشكراً لتعاونكم","general_inquiry","neutral","low"
"عايز أعرف مقاس الشاشة المتوفرة عندكم","general_inquiry","neutral","low"
"من فضلك، عايز أعرف مقاس الشاشة المتوفرة عندكم في انتظار ردكم","general_inquiry","neutral","low"
"عاوز أعرف مقاس الشاشة المتوفرة عندكم برجاء الإفادة","general_inquiry","neutral","low"
"عايز أعرف مقاس الشاشة المتوفرة عندكم وشكراً لتعاونكم","general_inquiry","neutral","low"
"عايز أعرف مقاس الشاشة المتوفرة عندكم في انتظار ردكم","general_inquiry","neutral","low"
"معلش، ممكن أدفع بفيزا كارد؟ برجاء الإفادة","general_inquiry","neutral","low"
"بجد ممكن أدفع بفيزا كارد؟ برجاء الإفادة","general_inquiry","neutral","low"
"لو سمحت، ممكن أدفع بفيزا كارد؟","general_inquiry","neutral","low"
"معلش، ممكن أدفع بفيزا كارد؟ وشكراً لتعاونكم","general_inquiry","neutral","low"
"بجد ممكن أدفع بفيزا كارد؟ ياريت حد يرد عليا","general_inquiry","neutral","low"
"ممكن أدفع بفيزا كارد؟ وشكراً لتعاونكم","general_inquiry","neutral","low"
"طب ممكن أدفع بفيزا كارد؟ في انتظار ردكم","general_inquiry","neutral","low"
"لو سمحت، ممكن أدفع بفيزا كارد؟ برجاء الإفادة","general_inquiry","neutral","low"
"من فضلك، ممكن أدفع بفيزا كارد؟ في انتظار ردكم","general_inquiry","neutral","low"
"من فضلك، ممكن أدفع بفيزا كارد؟ ياريت حد يرد عليا","general_inquiry","neutral","low"
"ممكن أدفع بفيزا كارد؟","general_inquiry","neutral","low"
"بجد ممكن أدفع بفيزا كارد؟","general_inquiry","neutral","low"
"طب الشحن للإسكندرية بياخد كام يوم؟ ياريت حد يرد عليا","general_inquiry","neutral","low"
"الشحن للإسكندرية بياخد كام يوم؟","general_inquiry","neutral","low"
"بجد الشحن للإسكندرية بياخد كام يوم؟ برجاء الإفادة","general_inquiry","neutral","low"
"لو سمحت، الشحن للإسكندرية بياخد كام يوم؟ وشكراً لتعاونكم","general_inquiry","neutral","low"
"على فكرة، الشحن للإسكندرية بياخد كام يوم؟ برجاء الإفادة","general_inquiry","neutral","low"
"على فكرة، الشحن للإسكندرية بياخد كام يوم؟ وشكراً لتعاونكم","general_inquiry","neutral","low"
"بجد الشحن للإسكندرية بياخد كام يوم؟ ياريت حد يرد عليا","general_inquiry","neutral","low"
"معلش، الشحن للإسكندرية بياخد كام يوم؟ في انتظار ردكم","general_inquiry","neutral","low"
"معلش، الشحن للإسكندرية بياخد كام يوم؟ ياريت حد يرد عليا","general_inquiry","neutral","low"
"بجد الشحن للإسكندرية بياخد كام يوم؟ في انتظار ردكم","general_inquiry","neutral","low"
"الشحن للإسكندرية بياخد كام يوم؟ في انتظار ردكم","general_inquiry","neutral","low"
"معلش، الشحن للإسكندرية بياخد كام يوم؟","general_inquiry","neutral","low"
"طب إيه هي أسرع طريقة توصيل عندكم؟ في انتظار ردكم","general_inquiry","neutral","low"
"معلش، إيه هي أسرع طريقة توصيل عندكم؟","general_inquiry","neutral","low"
"معلش، إيه هي أسرع طريقة توصيل عندكم؟ ياريت حد يرد عليا","general_inquiry","neutral","low"
"بجد إيه هي أسرع طريقة توصيل عندكم؟ في انتظار ردكم","general_inquiry","neutral","low"
"لو سمحت، إيه هي أسرع طريقة توصيل عندكم؟","general_inquiry","neutral","low"
"على فكرة، إيه هي أسرع طريقة توصيل عندكم؟ ياريت حد يرد عليا","general_inquiry","neutral","low"
"من فضلك، إيه هي أسرع طريقة توصيل عندكم؟","general_inquiry","neutral","low"
"معلش، إيه هي أسرع طريقة توصيل عندكم؟ في انتظار ردكم","general_inquiry","neutral","low"
"لو سمحت، إيه هي أسرع طريقة توصيل عندكم؟ وشكراً لتعاونكم","general_inquiry","neutral","low"
"إيه هي أسرع طريقة توصيل عندكم؟ وشكراً لتعاونكم","general_inquiry","neutral","low"
"من فضلك، إيه هي أسرع طريقة توصيل عندكم؟ ياريت حد يرد عليا","general_inquiry","neutral","low"
"بجد إيه هي أسرع طريقة توصيل عندكم؟ وشكراً لتعاونكم","general_inquiry","neutral","low"
"على فكرة، من الساعة كام لحد الساعة كام بتشتغلوا؟ في انتظار ردكم","general_inquiry","neutral","low"
"بجد من الساعة كام لحد الساعة كام بتشتغلوا؟ في انتظار ردكم","general_inquiry","neutral","low"
"معلش، من الساعة كام لحد الساعة كام بتشتغلوا؟","general_inquiry","neutral","low"
"طب من الساعة كام لحد الساعة كام بتشتغلوا؟ برجاء الإفادة","general_inquiry","neutral","low"
"معلش، من الساعة كام لحد الساعة كام بتشتغلوا؟ برجاء الإفادة","general_inquiry","neutral","low"
"طب من الساعة كام لحد الساعة كام بتشتغلوا؟ ياريت حد يرد عليا","general_inquiry","neutral","low"
"بجد من الساعة كام لحد الساعة كام بتشتغلوا؟ برجاء الإفادة","general_inquiry","neutral","low"
"على فكرة، من الساعة كام لحد الساعة كام بتشتغلوا؟ برجاء الإفادة","general_inquiry","neutral","low"
"من فضلك، من الساعة كام لحد الساعة كام بتشتغلوا؟ في انتظار ردكم","general_inquiry","neutral","low"
"معلش، من الساعة كام لحد الساعة كام بتشتغلوا؟ ياريت حد يرد عليا","general_inquiry","neutral","low"
"طب من الساعة كام لحد الساعة كام بتشتغلوا؟ في انتظار ردكم","general_inquiry","neutral","low"
"من الساعة كام لحد الساعة كام بتشتغلوا؟ وشكراً لتعاونكم","general_inquiry","neutral","low"
"لو سمحت، مش مبسوط من قلة الخيارات المتاحة في المنتج ده","general_inquiry","negative","low"
"مش مبسوط من قلة الخيارات المتاحة في المنتج ده برجاء الإفادة","general_inquiry","negative","low"
"من فضلك، مش مبسوط من قلة الخيارات المتاحة في المنتج ده وشكراً لتعاونكم","general_inquiry","negative","low"
"لو سمحت، مش مبسوط من قلة الخيارات المتاحة في المنتج ده في انتظار ردكم","general_inquiry","negative","low"
"لو سمحت، مش مبسوط من قلة الخيارات المتاحة في المنتج ده وشكراً لتعاونكم","general_inquiry","negative","low"
"مش مبسوط من قلة الخيارات المتاحة في المنتج ده","general_inquiry","negative","low"
"بجد مش مبسوط من قلة الخيارات المتاحة في المنتج ده في انتظار ردكم","general_inquiry","negative","low"
"طب مش مبسوط من قلة الخيارات المتاحة في المنتج ده","general_inquiry","negative","low"
"طب مش مبسوط من قلة الخيارات المتاحة في المنتج ده ياريت حد يرد عليا","general_inquiry","negative","low"
"طب مش مبسوط من قلة الخيارات المتاحة في المنتج ده في انتظار ردكم","general_inquiry","negative","low"
"لو سمحت، مش مبسوط من قلة الخيارات المتاحة في المنتج ده برجاء الإفادة","general_inquiry","negative","low"
"معلش، مش مبسوط من قلة الخيارات المتاحة في المنتج ده وشكراً لتعاونكم","general_inquiry","negative","low"
"طب الـكيبورد ده متوفر بالمخزن دلوقتي؟ ياريت حد يرد عليا","general_inquiry","neutral","low"
"من فضلك، الـتابلت ده متوفر بالمخزن دلوقتي؟ برجاء الإفادة","general_inquiry","neutral","low"
"معلش، الـموبايل ده متوفر بالمخزن دلوقتي؟ في انتظار ردكم","general_inquiry","neutral","low"
"الـموبايل ده متوفر بالمخزن دلوقتي؟ برجاء الإفادة","general_inquiry","neutral","low"
"من فضلك، الـهيدفون ده متوفر بالمخزن دلوقتي؟","general_inquiry","neutral","low"
"على فكرة، الـباور بانك ده متوفر بالمخزن دلوقتي؟ في انتظار ردكم","general_inquiry","neutral","low"
"لو سمحت، الـشاحن ده متوفر بالمخزن دلوقتي؟ ياريت حد يرد عليا","general_inquiry","neutral","low"
"الـلابتوب ده متوفر بالمخزن دلوقتي؟ وشكراً لتعاونكم","general_inquiry","neutral","low"
"على فكرة، الـماوس ده متوفر بالمخزن دلوقتي؟","general_inquiry","neutral","low"
"معلش، الـتابلت ده متوفر بالمخزن دلوقتي؟","general_inquiry","neutral","low"
"لو سمحت، الـموبايل ده متوفر بالمخزن دلوقتي؟","general_inquiry","neutral","low"
"لو سمحت، الـماوس ده متوفر بالمخزن دلوقتي؟ في انتظار ردكم","general_inquiry","neutral","low"
"بجد الـباور بانك ده متوفر بالمخزن دلوقتي؟ برجاء الإفادة","general_inquiry","neutral","low"
"معلش، الـتابلت ده متوفر بالمخزن دلوقتي؟ برجاء الإفادة","general_inquiry","neutral","low"
"معلش، الـشاحن ده متوفر بالمخزن دلوقتي؟ وشكراً لتعاونكم","general_inquiry","neutral","low"
"طب الـتابلت ده متوفر بالمخزن دلوقتي؟ في انتظار ردكم","general_inquiry","neutral","low"
"على فكرة، الـماوس متوفر بألوان مختلفة؟ في انتظار ردكم","general_inquiry","neutral","low"
"طب الـشاحن متوفر بألوان مختلفة؟ برجاء الإفادة","general_inquiry","neutral","low"
"معلش، الـلابتوب متوفر بألوان مختلفة؟","general_inquiry","neutral","low"
"لو سمحت، الـباور بانك متوفر بألوان مختلفة؟","general_inquiry","neutral","low"
"على فكرة، الـموبايل متوفر بألوان مختلفة؟ برجاء الإفادة","general_inquiry","neutral","low"
"على فكرة، الـكيبورد متوفر بألوان مختلفة؟ وشكراً لتعاونكم","general_inquiry","neutral","low"
"من فضلك، الـكيبورد متوفر بألوان مختلفة؟ برجاء الإفادة","general_inquiry","neutral","low"
"بجد الـكيبورد متوفر بألوان مختلفة؟ ياريت حد يرد عليا","general_inquiry","neutral","low"
"بجد الـتابلت متوفر بألوان مختلفة؟ برجاء الإفادة","general_inquiry","neutral","low"
"الـهيدفون متوفر بألوان مختلفة؟ ياريت حد يرد عليا","general_inquiry","neutral","low"
"طب الـلابتوب متوفر بألوان مختلفة؟ في انتظار ردكم","general_inquiry","neutral","low"
"من فضلك، الـماوس متوفر بألوان مختلفة؟ وشكراً لتعاونكم","general_inquiry","neutral","low"
"لو سمحت، الـماوس متوفر بألوان مختلفة؟ برجاء الإفادة","general_inquiry","neutral","low"
"بجد الـموبايل متوفر بألوان مختلفة؟ وشكراً لتعاونكم","general_inquiry","neutral","low"
"طب الـموبايل متوفر بألوان مختلفة؟ وشكراً لتعاونكم","general_inquiry","neutral","low"
"على فكرة، الـهيدفون متوفر بألوان مختلفة؟","general_inquiry","neutral","low"
"من فضلك، الـلابتوب متوفر بألوان مختلفة؟ في انتظار ردكم","general_inquiry","neutral","low"
"معلش، الـتابلت متوفر بألوان مختلفة؟ في انتظار ردكم","general_inquiry","neutral","low"
"على فكرة، عاوز أعرف بسرعة تفاصيل الشحن عشان قررت أطلب حالاً","general_inquiry","neutral","medium"
"عاوز أعرف بسرعة تفاصيل الشحن عشان قررت أطلب حالاً في انتظار ردكم","general_inquiry","neutral","medium"
"من فضلك، عايز أعرف بسرعة تفاصيل الشحن عشان قررت أطلب حالاً ياريت حد يرد عليا","general_inquiry","neutral","medium"
"طب عاوز أعرف بسرعة تفاصيل الشحن عشان قررت أطلب حالاً برجاء الإفادة","general_inquiry","neutral","medium"
"من فضلك، عايز أعرف بسرعة تفاصيل الشحن عشان قررت أطلب حالاً في انتظار ردكم","general_inquiry","neutral","medium"
"لو سمحت، عاوز أعرف بسرعة تفاصيل الشحن عشان قررت أطلب حالاً في انتظار ردكم","general_inquiry","neutral","medium"
"لو سمحت، عايز أعرف بسرعة تفاصيل الشحن عشان قررت أطلب حالاً","general_inquiry","neutral","medium"
"بجد عايز أعرف بسرعة تفاصيل الشحن عشان قررت أطلب حالاً في انتظار ردكم","general_inquiry","neutral","medium"
"بجد عاوز أعرف بسرعة تفاصيل الشحن عشان قررت أطلب حالاً برجاء الإفادة","general_inquiry","neutral","medium"
"لو سمحت، عاوز أعرف بسرعة تفاصيل الشحن عشان قررت أطلب حالاً ياريت حد يرد عليا","general_inquiry","neutral","medium"
"طب عاوز أعرف بسرعة تفاصيل الشحن عشان قررت أطلب حالاً","general_inquiry","neutral","medium"
"على فكرة، عاوز أعرف بسرعة تفاصيل الشحن عشان قررت أطلب حالاً برجاء الإفادة","general_inquiry","neutral","medium"
"طب مش عارف ليه المنتج مش متوفر من مدة","general_inquiry","negative","low"
"طب مش عارف ليه المنتج مش متوفر من مدة وشكراً لتعاونكم","general_inquiry","negative","low"
"على فكرة، مش عارف ليه المنتج مش متوفر من مدة برجاء الإفادة","general_inquiry","negative","low"
"مش عارف ليه المنتج مش متوفر من مدة وشكراً لتعاونكم","general_inquiry","negative","low"
"طب مش عارف ليه المنتج مش متوفر من مدة برجاء الإفادة","general_inquiry","negative","low"
"بجد مش عارف ليه المنتج مش متوفر من مدة وشكراً لتعاونكم","general_inquiry","negative","low"
"بجد مش عارف ليه المنتج مش متوفر من مدة","general_inquiry","negative","low"
"مش عارف ليه المنتج مش متوفر من مدة في انتظار ردكم","general_inquiry","negative","low"
"طب مش عارف ليه المنتج مش متوفر من مدة ياريت حد يرد عليا","general_inquiry","negative","low"
"بجد مش عارف ليه المنتج مش متوفر من مدة في انتظار ردكم","general_inquiry","negative","low"
"لو سمحت، مش عارف ليه المنتج مش متوفر من مدة في انتظار ردكم","general_inquiry","negative","low"
"معلش، مش عارف ليه المنتج مش متوفر من مدة وشكراً لتعاونكم","general_inquiry","negative","low"
"هل تقدروا الشحن في نفس اليوم؟ ياريت حد يرد عليا","general_inquiry","neutral","low"
"هل تقدروا الشحن في نفس اليوم؟ وشكراً لتعاونكم","general_inquiry","neutral","low"
"طب هل تقدروا الشحن في نفس اليوم؟ برجاء الإفادة","general_inquiry","neutral","low"
"من فضلك، هل تقدروا الشحن في نفس اليوم؟ في انتظار ردكم","general_inquiry","neutral","low"
"معلش، هل تقدروا الشحن في نفس اليوم؟ وشكراً لتعاونكم","general_inquiry","neutral","low"
"هل تقدروا الشحن في نفس اليوم؟","general_inquiry","neutral","low"
"بجد هل تقدروا الشحن في نفس اليوم؟ برجاء الإفادة","general_inquiry","neutral","low"
"لو سمحت، هل تقدروا الشحن في نفس اليوم؟ في انتظار ردكم","general_inquiry","neutral","low"
"معلش، هل تقدروا الشحن في نفس اليوم؟ في انتظار ردكم","general_inquiry","neutral","low"
"من فضلك، هل تقدروا الشحن في نفس اليوم؟ برجاء الإفادة","general_inquiry","neutral","low"
"من فضلك، هل تقدروا الشحن في نفس اليوم؟ ياريت حد يرد عليا","general_inquiry","neutral","low"
"هل تقدروا الشحن في نفس اليوم؟ برجاء الإفادة","general_inquiry","neutral","low"
"بجد عايز أعرف بسرعة هل الـباور بانك متوفر عشان مش هينفع أستنى في انتظار ردكم","general_inquiry","neutral","medium"
"عايز أعرف بسرعة هل الـكيبورد متوفر عشان مش هينفع أستنى وشكراً لتعاونكم","general_inquiry","neutral","medium"
"بجد عاوز أعرف بسرعة هل الـتابلت متوفر عشان مش هينفع أستنى برجاء الإفادة","general_inquiry","neutral","medium"
"معلش، عاوز أعرف بسرعة هل الـشاحن متوفر عشان مش هينفع أستنى ياريت حد يرد عليا","general_inquiry","neutral","medium"
"طب عايز أعرف بسرعة هل الـتابلت متوفر عشان مش هينفع أستنى برجاء الإفادة","general_inquiry","neutral","medium"
"من فضلك، عاوز أعرف بسرعة هل الـماوس متوفر عشان مش هينفع أستنى ياريت حد يرد عليا","general_inquiry","neutral","medium"
"معلش، عاوز أعرف بسرعة هل الـماوس متوفر عشان مش هينفع أستنى وشكراً لتعاونكم","general_inquiry","neutral","medium"
"بجد عايز أعرف بسرعة هل الـتابلت متوفر عشان مش هينفع أستنى ياريت حد يرد عليا","general_inquiry","neutral","medium"
"عايز أعرف بسرعة هل الـموبايل متوفر عشان مش هينفع أستنى","general_inquiry","neutral","medium"
"على فكرة، عاوز أعرف بسرعة هل الـكيبورد متوفر عشان مش هينفع أستنى في انتظار ردكم","general_inquiry","neutral","medium"
"بجد عاوز أعرف بسرعة هل الـماوس متوفر عشان مش هينفع أستنى","general_inquiry","neutral","medium"
"معلش، عايز أعرف بسرعة هل الـموبايل متوفر عشان مش هينفع أستنى ياريت حد يرد عليا","general_inquiry","neutral","medium"
"من فضلك، عايز أعرف بسرعة هل الـماوس متوفر عشان مش هينفع أستنى","general_inquiry","neutral","medium"
"عايز أعرف بسرعة هل الـتابلت متوفر عشان مش هينفع أستنى في انتظار ردكم","general_inquiry","neutral","medium"
"عاوز أعرف بسرعة هل الـباور بانك متوفر عشان مش هينفع أستنى وشكراً لتعاونكم","general_inquiry","neutral","medium"
"بجد عايز أعرف بسرعة هل الـلابتوب متوفر عشان مش هينفع أستنى","general_inquiry","neutral","medium"
"من فضلك، عايز أعرف بسرعة هل الـهيدفون متوفر عشان مش هينفع أستنى في انتظار ردكم","general_inquiry","neutral","medium"
"طب عايز أعرف بسرعة هل الـماوس متوفر عشان مش هينفع أستنى ياريت حد يرد عليا","general_inquiry","neutral","medium"
"بجد بجد المتجر بتاعكم من أحسن اللي جربتهم وشكراً لتعاونكم","general_inquiry","positive","low"
"من فضلك، بجد المتجر بتاعكم من أحسن اللي جربتهم وشكراً لتعاونكم","general_inquiry","positive","low"
"بجد المتجر بتاعكم من أحسن اللي جربتهم وشكراً لتعاونكم","general_inquiry","positive","low"
"معلش، بجد المتجر بتاعكم من أحسن اللي جربتهم ياريت حد يرد عليا","general_inquiry","positive","low"
"على فكرة، بجد المتجر بتاعكم من أحسن اللي جربتهم برجاء الإفادة","general_inquiry","positive","low"
"لو سمحت، بجد المتجر بتاعكم من أحسن اللي جربتهم ياريت حد يرد عليا","general_inquiry","positive","low"
"على فكرة، بجد المتجر بتاعكم من أحسن اللي جربتهم ياريت حد يرد عليا","general_inquiry","positive","low"
"بجد بجد المتجر بتاعكم من أحسن اللي جربتهم برجاء الإفادة","general_inquiry","positive","low"
"معلش، بجد المتجر بتاعكم من أحسن اللي جربتهم وشكراً لتعاونكم","general_inquiry","positive","low"
"لو سمحت، بجد المتجر بتاعكم من أحسن اللي جربتهم برجاء الإفادة","general_inquiry","positive","low"
"لو سمحت، بجد المتجر بتاعكم من أحسن اللي جربتهم وشكراً لتعاونكم","general_inquiry","positive","low"
"طب بجد المتجر بتاعكم من أحسن اللي جربتهم","general_inquiry","positive","low"
"طب عاوز أعرف تكلفة الشحن لباقي المحافظات برجاء الإفادة","general_inquiry","neutral","low"
"بجد عايز أعرف تكلفة الشحن لباقي المحافظات وشكراً لتعاونكم","general_inquiry","neutral","low"
"من فضلك، عايز أعرف تكلفة الشحن لباقي المحافظات في انتظار ردكم","general_inquiry","neutral","low"
"عاوز أعرف تكلفة الشحن لباقي المحافظات","general_inquiry","neutral","low"
"بجد عايز أعرف تكلفة الشحن لباقي المحافظات في انتظار ردكم","general_inquiry","neutral","low"
"معلش، عاوز أعرف تكلفة الشحن لباقي المحافظات في انتظار ردكم","general_inquiry","neutral","low"
"على فكرة، عايز أعرف تكلفة الشحن لباقي المحافظات ياريت حد يرد عليا","general_inquiry","neutral","low"
"من فضلك، عاوز أعرف تكلفة الشحن لباقي المحافظات","general_inquiry","neutral","low"
"لو سمحت، عاوز أعرف تكلفة الشحن لباقي المحافظات","general_inquiry","neutral","low"
"على فكرة، عاوز أعرف تكلفة الشحن لباقي المحافظات في انتظار ردكم","general_inquiry","neutral","low"
"عايز أعرف تكلفة الشحن لباقي المحافظات في انتظار ردكم","general_inquiry","neutral","low"
"معلش، عايز أعرف تكلفة الشحن لباقي المحافظات","general_inquiry","neutral","low"
"من فضلك، عاوز أعرف مواصفات الساعة الذكية اللي عندكم","general_inquiry","neutral","low"
"من فضلك، عاوز أعرف مواصفات الساعة الذكية اللي عندكم برجاء الإفادة","general_inquiry","neutral","low"
"عاوز أعرف مواصفات الساعة الذكية اللي عندكم في انتظار ردكم","general_inquiry","neutral","low"
"لو سمحت، عايز أعرف مواصفات الساعة الذكية اللي عندكم وشكراً لتعاونكم","general_inquiry","neutral","low"
"معلش، عاوز أعرف مواصفات الساعة الذكية اللي عندكم برجاء الإفادة","general_inquiry","neutral","low"
"بجد عاوز أعرف مواصفات الساعة الذكية اللي عندكم في انتظار ردكم","general_inquiry","neutral","low"
"على فكرة، عايز أعرف مواصفات الساعة الذكية اللي عندكم ياريت حد يرد عليا","general_inquiry","neutral","low"
"بجد عاوز أعرف مواصفات الساعة الذكية اللي عندكم ياريت حد يرد عليا","general_inquiry","neutral","low"
"من فضلك، عايز أعرف مواصفات الساعة الذكية اللي عندكم وشكراً لتعاونكم","general_inquiry","neutral","low"
"بجد عاوز أعرف مواصفات الساعة الذكية اللي عندكم وشكراً لتعاونكم","general_inquiry","neutral","low"
"عايز أعرف مواصفات الساعة الذكية اللي عندكم برجاء الإفادة","general_inquiry","neutral","low"
"على فكرة، عايز أعرف مواصفات الساعة الذكية اللي عندكم","general_inquiry","neutral","low"
"لو سمحت، عاوز أعرف بسرعة مواصفات الـباور بانك عشان قررت أشتريه النهاردة ياريت حد يرد عليا","general_inquiry","neutral","medium"
"طب عايز أعرف بسرعة مواصفات الـلابتوب عشان قررت أشتريه النهاردة ياريت حد يرد عليا","general_inquiry","neutral","medium"
"طب عاوز أعرف بسرعة مواصفات الـهيدفون عشان قررت أشتريه النهاردة برجاء الإفادة","general_inquiry","neutral","medium"
"من فضلك، عاوز أعرف بسرعة مواصفات الـكيبورد عشان قررت أشتريه النهاردة وشكراً لتعاونكم","general_inquiry","neutral","medium"
"على فكرة، عاوز أعرف بسرعة مواصفات الـماوس عشان قررت أشتريه النهاردة في انتظار ردكم","general_inquiry","neutral","medium"
"لو سمحت، عاوز أعرف بسرعة مواصفات الـماوس عشان قررت أشتريه النهاردة في انتظار ردكم","general_inquiry","neutral","medium"
"على فكرة، عاوز أعرف بسرعة مواصفات الـماوس عشان قررت أشتريه النهاردة وشكراً لتعاونكم","general_inquiry","neutral","medium"
"بجد عاوز أعرف بسرعة مواصفات الـلابتوب عشان قررت أشتريه النهاردة ياريت حد يرد عليا","general_inquiry","neutral","medium"
"على فكرة، عاوز أعرف بسرعة مواصفات الـباور بانك عشان قررت أشتريه النهاردة برجاء الإفادة","general_inquiry","neutral","medium"
"من فضلك، عايز أعرف بسرعة مواصفات الـلابتوب عشان قررت أشتريه النهاردة ياريت حد يرد عليا","general_inquiry","neutral","medium"
"عاوز أعرف بسرعة مواصفات الـشاحن عشان قررت أشتريه النهاردة في انتظار ردكم","general_inquiry","neutral","medium"
"عاوز أعرف بسرعة مواصفات الـتابلت عشان قررت أشتريه النهاردة وشكراً لتعاونكم","general_inquiry","neutral","medium"
"بجد عايز أعرف بسرعة مواصفات الـباور بانك عشان قررت أشتريه النهاردة برجاء الإفادة","general_inquiry","neutral","medium"
"عاوز أعرف بسرعة مواصفات الـكيبورد عشان قررت أشتريه النهاردة","general_inquiry","neutral","medium"
"معلش، عايز أعرف بسرعة مواصفات الـلابتوب عشان قررت أشتريه النهاردة ياريت حد يرد عليا","general_inquiry","neutral","medium"
"بجد عاوز أعرف بسرعة مواصفات الـتابلت عشان قررت أشتريه النهاردة برجاء الإفادة","general_inquiry","neutral","medium"
"بجد عايز أعرف بسرعة مواصفات الـلابتوب عشان قررت أشتريه النهاردة","general_inquiry","neutral","medium"
"لو سمحت، عاوز أعرف بسرعة مواصفات الـتابلت عشان قررت أشتريه النهاردة","general_inquiry","neutral","medium"
"هل فيه رسوم إضافية على الدفع عند الاستلام؟ ياريت حد يرد عليا","general_inquiry","neutral","low"
"على فكرة، هل فيه رسوم إضافية على الدفع عند الاستلام؟ في انتظار ردكم","general_inquiry","neutral","low"
"بجد هل فيه رسوم إضافية على الدفع عند الاستلام؟ ياريت حد يرد عليا","general_inquiry","neutral","low"
"على فكرة، هل فيه رسوم إضافية على الدفع عند الاستلام؟ برجاء الإفادة","general_inquiry","neutral","low"
"من فضلك، هل فيه رسوم إضافية على الدفع عند الاستلام؟ في انتظار ردكم","general_inquiry","neutral","low"
"طب هل فيه رسوم إضافية على الدفع عند الاستلام؟ وشكراً لتعاونكم","general_inquiry","neutral","low"
"لو سمحت، هل فيه رسوم إضافية على الدفع عند الاستلام؟ برجاء الإفادة","general_inquiry","neutral","low"
"على فكرة، هل فيه رسوم إضافية على الدفع عند الاستلام؟ وشكراً لتعاونكم","general_inquiry","neutral","low"
"هل فيه رسوم إضافية على الدفع عند الاستلام؟ وشكراً لتعاونكم","general_inquiry","neutral","low"
"بجد هل فيه رسوم إضافية على الدفع عند الاستلام؟ في انتظار ردكم","general_inquiry","neutral","low"
"طب هل فيه رسوم إضافية على الدفع عند الاستلام؟ برجاء الإفادة","general_inquiry","neutral","low"
"هل فيه رسوم إضافية على الدفع عند الاستلام؟","general_inquiry","neutral","low"
"من فضلك، هل المنتجات عندكم أصلية 100%؟ ياريت حد يرد عليا","general_inquiry","neutral","low"
"معلش، هل المنتجات عندكم أصلية 100%؟ وشكراً لتعاونكم","general_inquiry","neutral","low"
"بجد هل المنتجات عندكم أصلية 100%؟ ياريت حد يرد عليا","general_inquiry","neutral","low"
"بجد هل المنتجات عندكم أصلية 100%؟ برجاء الإفادة","general_inquiry","neutral","low"
"على فكرة، هل المنتجات عندكم أصلية 100%؟ في انتظار ردكم","general_inquiry","neutral","low"
"طب هل المنتجات عندكم أصلية 100%؟ ياريت حد يرد عليا","general_inquiry","neutral","low"
"لو سمحت، هل المنتجات عندكم أصلية 100%؟ ياريت حد يرد عليا","general_inquiry","neutral","low"
"هل المنتجات عندكم أصلية 100%؟ ياريت حد يرد عليا","general_inquiry","neutral","low"
"هل المنتجات عندكم أصلية 100%؟ في انتظار ردكم","general_inquiry","neutral","low"
"على فكرة، هل المنتجات عندكم أصلية 100%؟ وشكراً لتعاونكم","general_inquiry","neutral","low"
"لو سمحت، هل المنتجات عندكم أصلية 100%؟","general_inquiry","neutral","low"
"هل المنتجات عندكم أصلية 100%؟","general_inquiry","neutral","low"
"من فضلك، شكراً على المعلومات الواضحة اللي بتقدموها وشكراً لتعاونكم","general_inquiry","positive","low"
"معلش، شكراً على المعلومات الواضحة اللي بتقدموها في انتظار ردكم","general_inquiry","positive","low"
"على فكرة، شكراً على المعلومات الواضحة اللي بتقدموها في انتظار ردكم","general_inquiry","positive","low"
"معلش، شكراً على المعلومات الواضحة اللي بتقدموها برجاء الإفادة","general_inquiry","positive","low"
"شكراً على المعلومات الواضحة اللي بتقدموها في انتظار ردكم","general_inquiry","positive","low"
"بجد شكراً على المعلومات الواضحة اللي بتقدموها","general_inquiry","positive","low"
"بجد شكراً على المعلومات الواضحة اللي بتقدموها وشكراً لتعاونكم","general_inquiry","positive","low"
"شكراً على المعلومات الواضحة اللي بتقدموها برجاء الإفادة","general_inquiry","positive","low"
"من فضلك، شكراً على المعلومات الواضحة اللي بتقدموها في انتظار ردكم","general_inquiry","positive","low"
"بجد شكراً على المعلومات الواضحة اللي بتقدموها برجاء الإفادة","general_inquiry","positive","low"
"لو سمحت، شكراً على المعلومات الواضحة اللي بتقدموها","general_inquiry","positive","low"
"من فضلك، شكراً على المعلومات الواضحة اللي بتقدموها ياريت حد يرد عليا","general_inquiry","positive","low"
"من فضلك، خدمة العملاء بترد على الواتساب؟ ياريت حد يرد عليا","general_inquiry","neutral","low"
"طب خدمة العملاء بترد على الواتساب؟ وشكراً لتعاونكم","general_inquiry","neutral","low"
"لو سمحت، خدمه العملاء بترد على الواتساب؟","general_inquiry","neutral","low"
"طب خدمه العملاء بترد على الواتساب؟ في انتظار ردكم","general_inquiry","neutral","low"
"من فضلك، خدمه العملاء بترد على الواتساب؟","general_inquiry","neutral","low"
"طب خدمة العملاء بترد على الواتساب؟ برجاء الإفادة","general_inquiry","neutral","low"
"على فكرة، خدمة العملاء بترد على الواتساب؟ ياريت حد يرد عليا","general_inquiry","neutral","low"
"على فكرة، خدمة العملاء بترد على الواتساب؟ في انتظار ردكم","general_inquiry","neutral","low"
"خدمه العملاء بترد على الواتساب؟ في انتظار ردكم","general_inquiry","neutral","low"
"لو سمحت، خدمة العملاء بترد على الواتساب؟ في انتظار ردكم","general_inquiry","neutral","low"
"من فضلك، خدمه العملاء بترد على الواتساب؟ برجاء الإفادة","general_inquiry","neutral","low"
"بجد خدمة العملاء بترد على الواتساب؟ برجاء الإفادة","general_inquiry","neutral","low"
"هل عندكم موديلات لابتوب جديدة؟ ياريت حد يرد عليا","general_inquiry","neutral","low"
"طب هل عندكم موديلات لابتوب جديدة؟ برجاء الإفادة","general_inquiry","neutral","low"
"على فكرة، هل عندكم موديلات لابتوب جديدة؟ في انتظار ردكم","general_inquiry","neutral","low"
"من فضلك، هل عندكم موديلات لابتوب جديدة؟ برجاء الإفادة","general_inquiry","neutral","low"
"بجد هل عندكم موديلات لابتوب جديدة؟ ياريت حد يرد عليا","general_inquiry","neutral","low"
"على فكرة، هل عندكم موديلات لابتوب جديدة؟ ياريت حد يرد عليا","general_inquiry","neutral","low"
"لو سمحت، هل عندكم موديلات لابتوب جديدة؟ وشكراً لتعاونكم","general_inquiry","neutral","low"
"على فكرة، هل عندكم موديلات لابتوب جديدة؟ برجاء الإفادة","general_inquiry","neutral","low"
"بجد هل عندكم موديلات لابتوب جديدة؟ برجاء الإفادة","general_inquiry","neutral","low"
"هل عندكم موديلات لابتوب جديدة؟ برجاء الإفادة","general_inquiry","neutral","low"
"طب هل عندكم موديلات لابتوب جديدة؟ وشكراً لتعاونكم","general_inquiry","neutral","low"
"لو سمحت، هل عندكم موديلات لابتوب جديدة؟ برجاء الإفادة","general_inquiry","neutral","low"
"بتشتغلوا امتى بالظبط في الأسبوع؟ وشكراً لتعاونكم","general_inquiry","neutral","low"
"لو سمحت، بتشتغلوا امتى بالظبط في الأسبوع؟ برجاء الإفادة","general_inquiry","neutral","low"
"بجد بتشتغلوا امتى بالظبط في الأسبوع؟ وشكراً لتعاونكم","general_inquiry","neutral","low"
"بتشتغلوا امتى بالظبط في الأسبوع؟ ياريت حد يرد عليا","general_inquiry","neutral","low"
"لو سمحت، بتشتغلوا امتى بالظبط في الأسبوع؟ وشكراً لتعاونكم","general_inquiry","neutral","low"
"بجد بتشتغلوا امتى بالظبط في الأسبوع؟ ياريت حد يرد عليا","general_inquiry","neutral","low"
"من فضلك، بتشتغلوا امتى بالظبط في الأسبوع؟ ياريت حد يرد عليا","general_inquiry","neutral","low"
"معلش، بتشتغلوا امتى بالظبط في الأسبوع؟ ياريت حد يرد عليا","general_inquiry","neutral","low"
"طب بتشتغلوا امتى بالظبط في الأسبوع؟ وشكراً لتعاونكم","general_inquiry","neutral","low"
"على فكرة، بتشتغلوا امتى بالظبط في الأسبوع؟ برجاء الإفادة","general_inquiry","neutral","low"
"على فكرة، بتشتغلوا امتى بالظبط في الأسبوع؟ وشكراً لتعاونكم","general_inquiry","neutral","low"
"بجد بتشتغلوا امتى بالظبط في الأسبوع؟ برجاء الإفادة","general_inquiry","neutral","low"
"لو سمحت، الشحن لأسوان بياخد قد ايه؟ في انتظار ردكم","general_inquiry","neutral","low"
"طب الشحن لأسوان بياخد قد ايه؟ ياريت حد يرد عليا","general_inquiry","neutral","low"
"على فكرة، الشحن لأسوان بياخد قد ايه؟ ياريت حد يرد عليا","general_inquiry","neutral","low"
"الشحن لأسوان بياخد قد ايه؟ برجاء الإفادة","general_inquiry","neutral","low"
"طب الشحن لأسوان بياخد قد ايه؟ في انتظار ردكم","general_inquiry","neutral","low"
"معلش، الشحن لأسوان بياخد قد ايه؟ وشكراً لتعاونكم","general_inquiry","neutral","low"
"بجد الشحن لأسوان بياخد قد ايه؟ برجاء الإفادة","general_inquiry","neutral","low"
"معلش، الشحن لأسوان بياخد قد ايه؟ برجاء الإفادة","general_inquiry","neutral","low"
"لو سمحت، الشحن لأسوان بياخد قد ايه؟ وشكراً لتعاونكم","general_inquiry","neutral","low"
"الشحن لأسوان بياخد قد ايه؟","general_inquiry","neutral","low"
"لو سمحت، الشحن لأسوان بياخد قد ايه؟","general_inquiry","neutral","low"
"من فضلك، الشحن لأسوان بياخد قد ايه؟ ياريت حد يرد عليا","general_inquiry","neutral","low"
"لو سمحت، المتجر عندكم منظم جداً، تسلموا برجاء الإفادة","general_inquiry","positive","low"
"على فكرة، المتجر عندكم منظم جداً، تسلموا وشكراً لتعاونكم","general_inquiry","positive","low"
"لو سمحت، المتجر عندكم منظم جداً، تسلموا ياريت حد يرد عليا","general_inquiry","positive","low"
"طب المتجر عندكم منظم جداً، تسلموا برجاء الإفادة","general_inquiry","positive","low"
"معلش، المتجر عندكم منظم جداً، تسلموا برجاء الإفادة","general_inquiry","positive","low"
"بجد المتجر عندكم منظم جداً، تسلموا ياريت حد يرد عليا","general_inquiry","positive","low"
"بجد المتجر عندكم منظم جداً، تسلموا برجاء الإفادة","general_inquiry","positive","low"
"طب المتجر عندكم منظم جداً، تسلموا في انتظار ردكم","general_inquiry","positive","low"
"من فضلك، المتجر عندكم منظم جداً، تسلموا","general_inquiry","positive","low"
"بجد المتجر عندكم منظم جداً، تسلموا في انتظار ردكم","general_inquiry","positive","low"
"معلش، المتجر عندكم منظم جداً، تسلموا ياريت حد يرد عليا","general_inquiry","positive","low"
"المتجر عندكم منظم جداً، تسلموا ياريت حد يرد عليا","general_inquiry","positive","low"
"طب هل فيه نسخة أحدث من الموبايل ده؟ ياريت حد يرد عليا","general_inquiry","neutral","low"
"معلش، هل فيه نسخة أحدث من الموبايل ده؟ وشكراً لتعاونكم","general_inquiry","neutral","low"
"بجد هل فيه نسخة أحدث من الموبايل ده؟ برجاء الإفادة","general_inquiry","neutral","low"
"معلش، هل فيه نسخة أحدث من الموبايل ده؟ في انتظار ردكم","general_inquiry","neutral","low"
"معلش، هل فيه نسخة أحدث من الموبايل ده؟ ياريت حد يرد عليا","general_inquiry","neutral","low"
"لو سمحت، هل فيه نسخة أحدث من الموبايل ده؟ وشكراً لتعاونكم","general_inquiry","neutral","low"
"طب هل فيه نسخة أحدث من الموبايل ده؟ وشكراً لتعاونكم","general_inquiry","neutral","low"
"من فضلك، هل فيه نسخة أحدث من الموبايل ده؟ في انتظار ردكم","general_inquiry","neutral","low"
"هل فيه نسخة أحدث من الموبايل ده؟ في انتظار ردكم","general_inquiry","neutral","low"
"معلش، هل فيه نسخة أحدث من الموبايل ده؟","general_inquiry","neutral","low"
"لو سمحت، هل فيه نسخة أحدث من الموبايل ده؟","general_inquiry","neutral","low"
"على فكرة، هل فيه نسخة أحدث من الموبايل ده؟ وشكراً لتعاونكم","general_inquiry","neutral","low"
"لو سمحت، إيه هي مدة عمر بطارية الساعة الذكية؟","general_inquiry","neutral","low"
"طب إيه هي مدة عمر بطارية الساعة الذكية؟ وشكراً لتعاونكم","general_inquiry","neutral","low"
"بجد إيه هي مدة عمر بطارية الساعة الذكية؟ في انتظار ردكم","general_inquiry","neutral","low"
"لو سمحت، إيه هي مدة عمر بطارية الساعة الذكية؟ في انتظار ردكم","general_inquiry","neutral","low"
"بجد إيه هي مدة عمر بطارية الساعة الذكية؟ وشكراً لتعاونكم","general_inquiry","neutral","low"
"إيه هي مدة عمر بطارية الساعة الذكية؟ في انتظار ردكم","general_inquiry","neutral","low"
"طب إيه هي مدة عمر بطارية الساعة الذكية؟ برجاء الإفادة","general_inquiry","neutral","low"
"طب إيه هي مدة عمر بطارية الساعة الذكية؟","general_inquiry","neutral","low"
"بجد إيه هي مدة عمر بطارية الساعة الذكية؟ برجاء الإفادة","general_inquiry","neutral","low"
"معلش، إيه هي مدة عمر بطارية الساعة الذكية؟ برجاء الإفادة","general_inquiry","neutral","low"
"على فكرة، إيه هي مدة عمر بطارية الساعة الذكية؟","general_inquiry","neutral","low"
"بجد إيه هي مدة عمر بطارية الساعة الذكية؟ ياريت حد يرد عليا","general_inquiry","neutral","low"
"عايز رد سريع عن تكلفة الشحن عشان هطلب حالاً في انتظار ردكم","general_inquiry","neutral","medium"
"طب عايز رد سريع عن تكلفة الشحن عشان هطلب حالاً برجاء الإفادة","general_inquiry","neutral","medium"
"من فضلك، عاوز رد سريع عن تكلفة الشحن عشان هطلب حالاً ياريت حد يرد عليا","general_inquiry","neutral","medium"
"معلش، عاوز رد سريع عن تكلفة الشحن عشان هطلب حالاً في انتظار ردكم","general_inquiry","neutral","medium"
"معلش، عايز رد سريع عن تكلفة الشحن عشان هطلب حالاً ياريت حد يرد عليا","general_inquiry","neutral","medium"
"عايز رد سريع عن تكلفة الشحن عشان هطلب حالاً وشكراً لتعاونكم","general_inquiry","neutral","medium"
"عاوز رد سريع عن تكلفة الشحن عشان هطلب حالاً ياريت حد يرد عليا","general_inquiry","neutral","medium"
"على فكرة، عاوز رد سريع عن تكلفة الشحن عشان هطلب حالاً وشكراً لتعاونكم","general_inquiry","neutral","medium"
"على فكرة، عايز رد سريع عن تكلفة الشحن عشان هطلب حالاً برجاء الإفادة","general_inquiry","neutral","medium"
"معلش، عايز رد سريع عن تكلفة الشحن عشان هطلب حالاً برجاء الإفادة","general_inquiry","neutral","medium"
"بجد عاوز رد سريع عن تكلفة الشحن عشان هطلب حالاً برجاء الإفادة","general_inquiry","neutral","medium"
"بجد عاوز رد سريع عن تكلفة الشحن عشان هطلب حالاً ياريت حد يرد عليا","general_inquiry","neutral","medium"
"بجد هل ممكن الدفع بماستركارد؟","general_inquiry","neutral","low"
"طب هل ممكن الدفع بماستركارد؟ في انتظار ردكم","general_inquiry","neutral","low"
"هل ممكن الدفع بماستركارد؟ برجاء الإفادة","general_inquiry","neutral","low"
"لو سمحت، هل ممكن الدفع بماستركارد؟ ياريت حد يرد عليا","general_inquiry","neutral","low"
"على فكرة، هل ممكن الدفع بماستركارد؟ ياريت حد يرد عليا","general_inquiry","neutral","low"
"طب هل ممكن الدفع بماستركارد؟ برجاء الإفادة","general_inquiry","neutral","low"
"بجد هل ممكن الدفع بماستركارد؟ في انتظار ردكم","general_inquiry","neutral","low"
"لو سمحت، هل ممكن الدفع بماستركارد؟","general_inquiry","neutral","low"
"لو سمحت، هل ممكن الدفع بماستركارد؟ وشكراً لتعاونكم","general_inquiry","neutral","low"
"على فكرة، هل ممكن الدفع بماستركارد؟ برجاء الإفادة","general_inquiry","neutral","low"
"معلش، هل ممكن الدفع بماستركارد؟ برجاء الإفادة","general_inquiry","neutral","low"
"بجد هل ممكن الدفع بماستركارد؟ وشكراً لتعاونكم","general_inquiry","neutral","low"
"تجربتي مع المتجر كانت حلوة أوي لحد دلوقتي برجاء الإفادة","general_inquiry","positive","low"
"على فكرة، تجربتي مع المتجر كانت حلوة أوي لحد دلوقتي في انتظار ردكم","general_inquiry","positive","low"
"معلش، تجربتي مع المتجر كانت حلوة أوي لحد دلوقتي برجاء الإفادة","general_inquiry","positive","low"
"بجد تجربتي مع المتجر كانت حلوة أوي لحد دلوقتي برجاء الإفادة","general_inquiry","positive","low"
"من فضلك، تجربتي مع المتجر كانت حلوة أوي لحد دلوقتي ياريت حد يرد عليا","general_inquiry","positive","low"
"طب تجربتي مع المتجر كانت حلوة أوي لحد دلوقتي وشكراً لتعاونكم","general_inquiry","positive","low"
"لو سمحت، تجربتي مع المتجر كانت حلوة أوي لحد دلوقتي برجاء الإفادة","general_inquiry","positive","low"
"لو سمحت، تجربتي مع المتجر كانت حلوة أوي لحد دلوقتي وشكراً لتعاونكم","general_inquiry","positive","low"
"طب تجربتي مع المتجر كانت حلوة أوي لحد دلوقتي","general_inquiry","positive","low"
"على فكرة، تجربتي مع المتجر كانت حلوة أوي لحد دلوقتي","general_inquiry","positive","low"
"معلش، تجربتي مع المتجر كانت حلوة أوي لحد دلوقتي في انتظار ردكم","general_inquiry","positive","low"
"تجربتي مع المتجر كانت حلوة أوي لحد دلوقتي في انتظار ردكم","general_inquiry","positive","low"
"الـهيدفون ده جديد ولا مستعمل؟ ياريت حد يرد عليا","general_inquiry","neutral","low"
"لو سمحت، الـباور بانك ده جديد ولا مستعمل؟ في انتظار ردكم","general_inquiry","neutral","low"
"طب الـموبايل ده جديد ولا مستعمل؟","general_inquiry","neutral","low"
"معلش، الـكيبورد ده جديد ولا مستعمل؟ برجاء الإفادة","general_inquiry","neutral","low"
"معلش، الـباور بانك ده جديد ولا مستعمل؟ في انتظار ردكم","general_inquiry","neutral","low"
"بجد الـماوس ده جديد ولا مستعمل؟ ياريت حد يرد عليا","general_inquiry","neutral","low"
"بجد الـلابتوب ده جديد ولا مستعمل؟","general_inquiry","neutral","low"
"معلش، الـشاحن ده جديد ولا مستعمل؟ ياريت حد يرد عليا","general_inquiry","neutral","low"
"على فكرة، الـباور بانك ده جديد ولا مستعمل؟ ياريت حد يرد عليا","general_inquiry","neutral","low"
"على فكرة، الـكيبورد ده جديد ولا مستعمل؟ في انتظار ردكم","general_inquiry","neutral","low"
"لو سمحت، الـموبايل ده جديد ولا مستعمل؟ وشكراً لتعاونكم","general_inquiry","neutral","low"
"بجد الـكيبورد ده جديد ولا مستعمل؟ وشكراً لتعاونكم","general_inquiry","neutral","low"
"من فضلك، الـتابلت ده جديد ولا مستعمل؟","general_inquiry","neutral","low"
"من فضلك، الـتابلت ده جديد ولا مستعمل؟ وشكراً لتعاونكم","general_inquiry","neutral","low"
"طب الـشاحن متوفر بضمان كام سنة؟ في انتظار ردكم","general_inquiry","neutral","low"
"على فكرة، الـموبايل متوفر بضمان كام سنة؟ ياريت حد يرد عليا","general_inquiry","neutral","low"
"بجد الـلابتوب متوفر بضمان كام سنة؟","general_inquiry","neutral","low"
"على فكرة، الـهيدفون متوفر بضمان كام سنة؟ في انتظار ردكم","general_inquiry","neutral","low"
"لو سمحت، الـتابلت متوفر بضمان كام سنة؟ ياريت حد يرد عليا","general_inquiry","neutral","low"
"طب الـلابتوب متوفر بضمان كام سنة؟ برجاء الإفادة","general_inquiry","neutral","low"
"لو سمحت، الـماوس متوفر بضمان كام سنة؟ في انتظار ردكم","general_inquiry","neutral","low"
"من فضلك، الـتابلت متوفر بضمان كام سنة؟ برجاء الإفادة","general_inquiry","neutral","low"
"بجد الـهيدفون متوفر بضمان كام سنة؟ وشكراً لتعاونكم","general_inquiry","neutral","low"
"معلش، الـلابتوب متوفر بضمان كام سنة؟ وشكراً لتعاونكم","general_inquiry","neutral","low"
"من فضلك، الـتابلت متوفر بضمان كام سنة؟ في انتظار ردكم","general_inquiry","neutral","low"
"معلش، الـكيبورد متوفر بضمان كام سنة؟ برجاء الإفادة","general_inquiry","neutral","low"
"من فضلك، الـموبايل متوفر بضمان كام سنة؟ وشكراً لتعاونكم","general_inquiry","neutral","low"
"الـتابلت متوفر بضمان كام سنة؟ برجاء الإفادة","general_inquiry","neutral","low"
"لو سمحت، الـشاحن متوفر بضمان كام سنة؟ وشكراً لتعاونكم","general_inquiry","neutral","low"
"طب الـشاحن متوفر بضمان كام سنة؟ ياريت حد يرد عليا","general_inquiry","neutral","low"
"بجد الـباور بانك متوفر بضمان كام سنة؟ في انتظار ردكم","general_inquiry","neutral","low"
"بجد الشحن للدلتا بياخد قد ايه من الوقت؟ وشكراً لتعاونكم","general_inquiry","neutral","low"
"الشحن للدلتا بياخد قد ايه من الوقت؟ في انتظار ردكم","general_inquiry","neutral","low"
"بجد الشحن للدلتا بياخد قد ايه من الوقت؟ في انتظار ردكم","general_inquiry","neutral","low"
"على فكرة، الشحن للدلتا بياخد قد ايه من الوقت؟ في انتظار ردكم","general_inquiry","neutral","low"
"على فكرة، الشحن للدلتا بياخد قد ايه من الوقت؟","general_inquiry","neutral","low"
"لو سمحت، الشحن للدلتا بياخد قد ايه من الوقت؟ في انتظار ردكم","general_inquiry","neutral","low"
"لو سمحت، الشحن للدلتا بياخد قد ايه من الوقت؟ وشكراً لتعاونكم","general_inquiry","neutral","low"
"معلش، الشحن للدلتا بياخد قد ايه من الوقت؟ برجاء الإفادة","general_inquiry","neutral","low"
"بجد الشحن للدلتا بياخد قد ايه من الوقت؟ برجاء الإفادة","general_inquiry","neutral","low"
"طب الشحن للدلتا بياخد قد ايه من الوقت؟","general_inquiry","neutral","low"
"على فكرة، الشحن للدلتا بياخد قد ايه من الوقت؟ وشكراً لتعاونكم","general_inquiry","neutral","low"
"الشحن للدلتا بياخد قد ايه من الوقت؟ ياريت حد يرد عليا","general_inquiry","neutral","low"
"على فكرة، هل فيه ضمان على المنتجات عندكم؟ في انتظار ردكم","general_inquiry","neutral","low"
"على فكرة، هل فيه ضمان على المنتجات عندكم؟ ياريت حد يرد عليا","general_inquiry","neutral","low"
"على فكرة، هل فيه ضمان على المنتجات عندكم؟","general_inquiry","neutral","low"
"معلش، هل فيه ضمان على المنتجات عندكم؟ في انتظار ردكم","general_inquiry","neutral","low"
"على فكرة، هل فيه ضمان على المنتجات عندكم؟ وشكراً لتعاونكم","general_inquiry","neutral","low"
"من فضلك، هل فيه ضمان على المنتجات عندكم؟ في انتظار ردكم","general_inquiry","neutral","low"
"هل فيه ضمان على المنتجات عندكم؟ برجاء الإفادة","general_inquiry","neutral","low"
"لو سمحت، هل فيه ضمان على المنتجات عندكم؟ في انتظار ردكم","general_inquiry","neutral","low"
"هل فيه ضمان على المنتجات عندكم؟ ياريت حد يرد عليا","general_inquiry","neutral","low"
"من فضلك، هل فيه ضمان على المنتجات عندكم؟ وشكراً لتعاونكم","general_inquiry","neutral","low"
"لو سمحت، هل فيه ضمان على المنتجات عندكم؟ برجاء الإفادة","general_inquiry","neutral","low"
"طب هل فيه ضمان على المنتجات عندكم؟ في انتظار ردكم","general_inquiry","neutral","low"
"لو سمحت، هل خدمة العملاء شغالة يوم الجمعة؟ برجاء الإفادة","general_inquiry","neutral","low"
"من فضلك، هل خدمه العملاء شغالة يوم الجمعة؟ في انتظار ردكم","general_inquiry","neutral","low"
"هل خدمه العملاء شغالة يوم الجمعة؟ ياريت حد يرد عليا","general_inquiry","neutral","low"
"هل خدمة العملاء شغالة يوم الجمعة؟ في انتظار ردكم","general_inquiry","neutral","low"
"طب هل خدمه العملاء شغالة يوم الجمعة؟ برجاء الإفادة","general_inquiry","neutral","low"
"على فكرة، هل خدمة العملاء شغالة يوم الجمعة؟ برجاء الإفادة","general_inquiry","neutral","low"
"لو سمحت، هل خدمة العملاء شغالة يوم الجمعة؟ في انتظار ردكم","general_inquiry","neutral","low"
"على فكرة، هل خدمه العملاء شغالة يوم الجمعة؟ ياريت حد يرد عليا","general_inquiry","neutral","low"
"طب هل خدمه العملاء شغالة يوم الجمعة؟ ياريت حد يرد عليا","general_inquiry","neutral","low"
"على فكرة، هل خدمة العملاء شغالة يوم الجمعة؟ وشكراً لتعاونكم","general_inquiry","neutral","low"
"هل خدمة العملاء شغالة يوم الجمعة؟","general_inquiry","neutral","low"
"هل خدمة العملاء شغالة يوم الجمعة؟ برجاء الإفادة","general_inquiry","neutral","low"
"معلش، هل الشحن مجاني لو الطلب كبير؟ ياريت حد يرد عليا","general_inquiry","neutral","low"
"لو سمحت، هل الشحن مجاني لو الطلب كبير؟ وشكراً لتعاونكم","general_inquiry","neutral","low"
"على فكرة، هل الشحن مجاني لو الطلب كبير؟ وشكراً لتعاونكم","general_inquiry","neutral","low"
"بجد هل الشحن مجاني لو الطلب كبير؟ وشكراً لتعاونكم","general_inquiry","neutral","low"
"معلش، هل الشحن مجاني لو الطلب كبير؟ في انتظار ردكم","general_inquiry","neutral","low"
"هل الشحن مجاني لو الطلب كبير؟ في انتظار ردكم","general_inquiry","neutral","low"
"من فضلك، هل الشحن مجاني لو الطلب كبير؟ برجاء الإفادة","general_inquiry","neutral","low"
"بجد هل الشحن مجاني لو الطلب كبير؟ في انتظار ردكم","general_inquiry","neutral","low"
"معلش، هل الشحن مجاني لو الطلب كبير؟","general_inquiry","neutral","low"
"بجد هل الشحن مجاني لو الطلب كبير؟ ياريت حد يرد عليا","general_inquiry","neutral","low"
"لو سمحت، هل الشحن مجاني لو الطلب كبير؟","general_inquiry","neutral","low"
"من فضلك، هل الشحن مجاني لو الطلب كبير؟ في انتظار ردكم","general_inquiry","neutral","low"
"طب تكلفة الشحن للقاهرة كام؟ ياريت حد يرد عليا","general_inquiry","neutral","low"
"معلش، تكلفة الشحن للقاهرة كام؟ في انتظار ردكم","general_inquiry","neutral","low"
"تكلفة الشحن للقاهرة كام؟ ياريت حد يرد عليا","general_inquiry","neutral","low"
"على فكرة، تكلفة الشحن للقاهرة كام؟ برجاء الإفادة","general_inquiry","neutral","low"
"طب تكلفة الشحن للقاهرة كام؟ في انتظار ردكم","general_inquiry","neutral","low"
"تكلفة الشحن للقاهرة كام؟ برجاء الإفادة","general_inquiry","neutral","low"
"لو سمحت، تكلفة الشحن للقاهرة كام؟","general_inquiry","neutral","low"
"طب تكلفة الشحن للقاهرة كام؟ برجاء الإفادة","general_inquiry","neutral","low"
"على فكرة، تكلفة الشحن للقاهرة كام؟ ياريت حد يرد عليا","general_inquiry","neutral","low"
"لو سمحت، تكلفة الشحن للقاهرة كام؟ برجاء الإفادة","general_inquiry","neutral","low"
"معلش، تكلفة الشحن للقاهرة كام؟ ياريت حد يرد عليا","general_inquiry","neutral","low"
"من فضلك، تكلفة الشحن للقاهرة كام؟ وشكراً لتعاونكم","general_inquiry","neutral","low"
"طب عندكم باور بانك بسعة كبيرة؟ برجاء الإفادة","general_inquiry","neutral","low"
"عندكم باور بانك بسعة كبيرة؟ برجاء الإفادة","general_inquiry","neutral","low"
"عندكم باور بانك بسعة كبيرة؟ ياريت حد يرد عليا","general_inquiry","neutral","low"
"عندكم باور بانك بسعة كبيرة؟ في انتظار ردكم","general_inquiry","neutral","low"
"على فكرة، عندكم باور بانك بسعة كبيرة؟ برجاء الإفادة","general_inquiry","neutral","low"
"معلش، عندكم باور بانك بسعة كبيرة؟ ياريت حد يرد عليا","general_inquiry","neutral","low"
"معلش، عندكم باور بانك بسعة كبيرة؟ وشكراً لتعاونكم","general_inquiry","neutral","low"
"لو سمحت، عندكم باور بانك بسعة كبيرة؟ في انتظار ردكم","general_inquiry","neutral","low"
"طب عندكم باور بانك بسعة كبيرة؟ ياريت حد يرد عليا","general_inquiry","neutral","low"
"بجد عندكم باور بانك بسعة كبيرة؟ في انتظار ردكم","general_inquiry","neutral","low"
"بجد عندكم باور بانك بسعة كبيرة؟ ياريت حد يرد عليا","general_inquiry","neutral","low"
"على فكرة، عندكم باور بانك بسعة كبيرة؟ في انتظار ردكم","general_inquiry","neutral","low"
"طب مش راضي عن وضوح المعلومات المعروضة عن المنتجات ياريت حد يرد عليا","general_inquiry","negative","low"
"مش راضي عن وضوح المعلومات المعروضة عن المنتجات","general_inquiry","negative","low"
"على فكرة، مش راضي عن وضوح المعلومات المعروضة عن المنتجات","general_inquiry","negative","low"
"لو سمحت، مش راضي عن وضوح المعلومات المعروضة عن المنتجات وشكراً لتعاونكم","general_inquiry","negative","low"
"بجد مش راضي عن وضوح المعلومات المعروضة عن المنتجات برجاء الإفادة","general_inquiry","negative","low"
"معلش، مش راضي عن وضوح المعلومات المعروضة عن المنتجات في انتظار ردكم","general_inquiry","negative","low"
"بجد مش راضي عن وضوح المعلومات المعروضة عن المنتجات","general_inquiry","negative","low"
"طب مش راضي عن وضوح المعلومات المعروضة عن المنتجات في انتظار ردكم","general_inquiry","negative","low"
"من فضلك، مش راضي عن وضوح المعلومات المعروضة عن المنتجات ياريت حد يرد عليا","general_inquiry","negative","low"
"على فكرة، مش راضي عن وضوح المعلومات المعروضة عن المنتجات ياريت حد يرد عليا","general_inquiry","negative","low"
"بجد مش راضي عن وضوح المعلومات المعروضة عن المنتجات في انتظار ردكم","general_inquiry","negative","low"
"على فكرة، مش راضي عن وضوح المعلومات المعروضة عن المنتجات برجاء الإفادة","general_inquiry","negative","low"
"إيه هي طرق الدفع المتاحة عندكم؟ ياريت حد يرد عليا","general_inquiry","neutral","low"
"من فضلك، إيه هي طرق الدفع المتاحة عندكم؟","general_inquiry","neutral","low"
"طب إيه هي طرق الدفع المتاحة عندكم؟ في انتظار ردكم","general_inquiry","neutral","low"
"إيه هي طرق الدفع المتاحة عندكم؟ برجاء الإفادة","general_inquiry","neutral","low"
"طب إيه هي طرق الدفع المتاحة عندكم؟","general_inquiry","neutral","low"
"معلش، إيه هي طرق الدفع المتاحة عندكم؟ ياريت حد يرد عليا","general_inquiry","neutral","low"
"على فكرة، إيه هي طرق الدفع المتاحة عندكم؟ ياريت حد يرد عليا","general_inquiry","neutral","low"
"بجد إيه هي طرق الدفع المتاحة عندكم؟ ياريت حد يرد عليا","general_inquiry","neutral","low"
"على فكرة، إيه هي طرق الدفع المتاحة عندكم؟ في انتظار ردكم","general_inquiry","neutral","low"
"بجد إيه هي طرق الدفع المتاحة عندكم؟ وشكراً لتعاونكم","general_inquiry","neutral","low"
"بجد إيه هي طرق الدفع المتاحة عندكم؟ في انتظار ردكم","general_inquiry","neutral","low"
"طب إيه هي طرق الدفع المتاحة عندكم؟ وشكراً لتعاونكم","general_inquiry","neutral","low"
"لو سمحت، هل الكيبورد ده لاسلكي ولا سلك؟ وشكراً لتعاونكم","general_inquiry","neutral","low"
"من فضلك، هل الكيبورد ده لاسلكي ولا سلك؟ وشكراً لتعاونكم","general_inquiry","neutral","low"
"بجد هل الكيبورد ده لاسلكي ولا سلك؟ برجاء الإفادة","general_inquiry","neutral","low"
"على فكرة، هل الكيبورد ده لاسلكي ولا سلك؟ في انتظار ردكم","general_inquiry","neutral","low"
"لو سمحت، هل الكيبورد ده لاسلكي ولا سلك؟ برجاء الإفادة","general_inquiry","neutral","low"
"بجد هل الكيبورد ده لاسلكي ولا سلك؟ وشكراً لتعاونكم","general_inquiry","neutral","low"
"على فكرة، هل الكيبورد ده لاسلكي ولا سلك؟ برجاء الإفادة","general_inquiry","neutral","low"
"معلش، هل الكيبورد ده لاسلكي ولا سلك؟ برجاء الإفادة","general_inquiry","neutral","low"
"هل الكيبورد ده لاسلكي ولا سلك؟ ياريت حد يرد عليا","general_inquiry","neutral","low"
"على فكرة، هل الكيبورد ده لاسلكي ولا سلك؟ ياريت حد يرد عليا","general_inquiry","neutral","low"
"طب هل الكيبورد ده لاسلكي ولا سلك؟ ياريت حد يرد عليا","general_inquiry","neutral","low"
"لو سمحت، هل الكيبورد ده لاسلكي ولا سلك؟","general_inquiry","neutral","low"
"من فضلك، مش لاقي رد واضح على استفساري من فترة في انتظار ردكم","general_inquiry","negative","low"
"طب مش لاقي رد واضح على استفساري من فترة برجاء الإفادة","general_inquiry","negative","low"
"لو سمحت، مش لاقي رد واضح على استفساري من فترة ياريت حد يرد عليا","general_inquiry","negative","low"
"طب مش لاقي رد واضح على استفساري من فترة","general_inquiry","negative","low"
"بجد مش لاقي رد واضح على استفساري من فترة وشكراً لتعاونكم","general_inquiry","negative","low"
"من فضلك، مش لاقي رد واضح على استفساري من فترة","general_inquiry","negative","low"
"بجد مش لاقي رد واضح على استفساري من فترة","general_inquiry","negative","low"
"مش لاقي رد واضح على استفساري من فترة برجاء الإفادة","general_inquiry","negative","low"
"لو سمحت، مش لاقي رد واضح على استفساري من فترة برجاء الإفادة","general_inquiry","negative","low"
"مش لاقي رد واضح على استفساري من فترة","general_inquiry","negative","low"
"بجد مش لاقي رد واضح على استفساري من فترة في انتظار ردكم","general_inquiry","negative","low"
"من فضلك، مش لاقي رد واضح على استفساري من فترة ياريت حد يرد عليا","general_inquiry","negative","low"
"معلش، عندكم عروض على الموبايلات دلوقتي؟ في انتظار ردكم","general_inquiry","neutral","low"
"لو سمحت، عندكم عروض على الموبايلات دلوقتي؟ ياريت حد يرد عليا","general_inquiry","neutral","low"
"من فضلك، عندكم عروض على الموبايلات دلوقتي؟ وشكراً لتعاونكم","general_inquiry","neutral","low"
"على فكرة، عندكم عروض على الموبايلات دلوقتي؟ برجاء الإفادة","general_inquiry","neutral","low"
"عندكم عروض على الموبايلات دلوقتي؟ ياريت حد يرد عليا","general_inquiry","neutral","low"
"على فكرة، عندكم عروض على الموبايلات دلوقتي؟","general_inquiry","neutral","low"
"طب عندكم عروض على الموبايلات دلوقتي؟ في انتظار ردكم","general_inquiry","neutral","low"
"طب عندكم عروض على الموبايلات دلوقتي؟ وشكراً لتعاونكم","general_inquiry","neutral","low"
"طب عندكم عروض على الموبايلات دلوقتي؟ برجاء الإفادة","general_inquiry","neutral","low"
"من فضلك، عندكم عروض على الموبايلات دلوقتي؟","general_inquiry","neutral","low"
"معلش، عندكم عروض على الموبايلات دلوقتي؟ وشكراً لتعاونكم","general_inquiry","neutral","low"
"بجد عندكم عروض على الموبايلات دلوقتي؟ ياريت حد يرد عليا","general_inquiry","neutral","low"
"من فضلك، عجبتني الأسعار عندكم مقارنة بالسوق","general_inquiry","positive","low"
"طب عجبتني الأسعار عندكم مقارنة بالسوق في انتظار ردكم","general_inquiry","positive","low"
"من فضلك، عجبتني الأسعار عندكم مقارنة بالسوق برجاء الإفادة","general_inquiry","positive","low"
"طب عجبتني الأسعار عندكم مقارنة بالسوق ياريت حد يرد عليا","general_inquiry","positive","low"
"معلش، عجبتني الأسعار عندكم مقارنة بالسوق برجاء الإفادة","general_inquiry","positive","low"
"لو سمحت، عجبتني الأسعار عندكم مقارنة بالسوق برجاء الإفادة","general_inquiry","positive","low"
"على فكرة، عجبتني الأسعار عندكم مقارنة بالسوق ياريت حد يرد عليا","general_inquiry","positive","low"
"عجبتني الأسعار عندكم مقارنة بالسوق","general_inquiry","positive","low"
"بجد عجبتني الأسعار عندكم مقارنة بالسوق ياريت حد يرد عليا","general_inquiry","positive","low"
"عجبتني الأسعار عندكم مقارنة بالسوق ياريت حد يرد عليا","general_inquiry","positive","low"
"معلش، عجبتني الأسعار عندكم مقارنة بالسوق ياريت حد يرد عليا","general_inquiry","positive","low"
"لو سمحت، عجبتني الأسعار عندكم مقارنة بالسوق ياريت حد يرد عليا","general_inquiry","positive","low"
"معلش، ممكن أعرف طريقة التواصل مع خدمه العملاء؟ برجاء الإفادة","general_inquiry","neutral","low"
"من فضلك، ممكن أعرف طريقة التواصل مع خدمه العملاء؟","general_inquiry","neutral","low"
"لو سمحت، ممكن أعرف طريقة التواصل مع خدمة العملاء؟ ياريت حد يرد عليا","general_inquiry","neutral","low"
"طب ممكن أعرف طريقة التواصل مع خدمة العملاء؟ برجاء الإفادة","general_inquiry","neutral","low"
"ممكن أعرف طريقة التواصل مع خدمه العملاء؟","general_inquiry","neutral","low"
"بجد ممكن أعرف طريقة التواصل مع خدمه العملاء؟ في انتظار ردكم","general_inquiry","neutral","low"
"على فكرة، ممكن أعرف طريقة التواصل مع خدمه العملاء؟ وشكراً لتعاونكم","general_inquiry","neutral","low"
"من فضلك، ممكن أعرف طريقة التواصل مع خدمة العملاء؟ برجاء الإفادة","general_inquiry","neutral","low"
"لو سمحت، ممكن أعرف طريقة التواصل مع خدمه العملاء؟","general_inquiry","neutral","low"
"بجد ممكن أعرف طريقة التواصل مع خدمه العملاء؟","general_inquiry","neutral","low"
"معلش، ممكن أعرف طريقة التواصل مع خدمه العملاء؟ ياريت حد يرد عليا","general_inquiry","neutral","low"
"معلش، ممكن أعرف طريقة التواصل مع خدمه العملاء؟ وشكراً لتعاونكم","general_inquiry","neutral","low"
"على فكرة، مواعيد خدمه العملاء عندكم إيه؟ برجاء الإفادة","general_inquiry","neutral","low"
"طب مواعيد خدمة العملاء عندكم إيه؟","general_inquiry","neutral","low"
"من فضلك، مواعيد خدمه العملاء عندكم إيه؟ برجاء الإفادة","general_inquiry","neutral","low"
"لو سمحت، مواعيد خدمة العملاء عندكم إيه؟ في انتظار ردكم","general_inquiry","neutral","low"
"لو سمحت، مواعيد خدمة العملاء عندكم إيه؟ ياريت حد يرد عليا","general_inquiry","neutral","low"
"مواعيد خدمه العملاء عندكم إيه؟ في انتظار ردكم","general_inquiry","neutral","low"
"طب مواعيد خدمة العملاء عندكم إيه؟ ياريت حد يرد عليا","general_inquiry","neutral","low"
"طب مواعيد خدمة العملاء عندكم إيه؟ برجاء الإفادة","general_inquiry","neutral","low"
"لو سمحت، مواعيد خدمه العملاء عندكم إيه؟ وشكراً لتعاونكم","general_inquiry","neutral","low"
"معلش، مواعيد خدمه العملاء عندكم إيه؟ برجاء الإفادة","general_inquiry","neutral","low"
"معلش، مواعيد خدمه العملاء عندكم إيه؟ في انتظار ردكم","general_inquiry","neutral","low"
"بجد مواعيد خدمه العملاء عندكم إيه؟ في انتظار ردكم","general_inquiry","neutral","low"
"هل فيه خصومات على المنتجات دلوقتي؟ في انتظار ردكم","general_inquiry","neutral","low"
"لو سمحت، هل فيه خصومات على المنتجات دلوقتي؟ في انتظار ردكم","general_inquiry","neutral","low"
"بجد هل فيه خصومات على المنتجات دلوقتي؟ في انتظار ردكم","general_inquiry","neutral","low"
"لو سمحت، هل فيه خصومات على المنتجات دلوقتي؟ برجاء الإفادة","general_inquiry","neutral","low"
"معلش، هل فيه خصومات على المنتجات دلوقتي؟ وشكراً لتعاونكم","general_inquiry","neutral","low"
"لو سمحت، هل فيه خصومات على المنتجات دلوقتي؟ وشكراً لتعاونكم","general_inquiry","neutral","low"
"طب هل فيه خصومات على المنتجات دلوقتي؟ في انتظار ردكم","general_inquiry","neutral","low"
"من فضلك، هل فيه خصومات على المنتجات دلوقتي؟ في انتظار ردكم","general_inquiry","neutral","low"
"بجد هل فيه خصومات على المنتجات دلوقتي؟ ياريت حد يرد عليا","general_inquiry","neutral","low"
"طب هل فيه خصومات على المنتجات دلوقتي؟ برجاء الإفادة","general_inquiry","neutral","low"
"بجد هل فيه خصومات على المنتجات دلوقتي؟","general_inquiry","neutral","low"
"من فضلك، هل فيه خصومات على المنتجات دلوقتي؟ وشكراً لتعاونكم","general_inquiry","neutral","low"
"طب هل الدفع بفودافون كاش آمن عندكم؟ ياريت حد يرد عليا","general_inquiry","neutral","low"
"لو سمحت، هل الدفع بفودافون كاش آمن عندكم؟ وشكراً لتعاونكم","general_inquiry","neutral","low"
"على فكرة، هل الدفع بفودافون كاش آمن عندكم؟ ياريت حد يرد عليا","general_inquiry","neutral","low"
"على فكرة، هل الدفع بفودافون كاش آمن عندكم؟ برجاء الإفادة","general_inquiry","neutral","low"
"طب هل الدفع بفودافون كاش آمن عندكم؟ وشكراً لتعاونكم","general_inquiry","neutral","low"
"على فكرة، هل الدفع بفودافون كاش آمن عندكم؟","general_inquiry","neutral","low"
"بجد هل الدفع بفودافون كاش آمن عندكم؟ وشكراً لتعاونكم","general_inquiry","neutral","low"
"معلش، هل الدفع بفودافون كاش آمن عندكم؟ وشكراً لتعاونكم","general_inquiry","neutral","low"
"لو سمحت، هل الدفع بفودافون كاش آمن عندكم؟ ياريت حد يرد عليا","general_inquiry","neutral","low"
"من فضلك، هل الدفع بفودافون كاش آمن عندكم؟ ياريت حد يرد عليا","general_inquiry","neutral","low"
"بجد هل الدفع بفودافون كاش آمن عندكم؟ ياريت حد يرد عليا","general_inquiry","neutral","low"
"معلش، هل الدفع بفودافون كاش آمن عندكم؟ برجاء الإفادة","general_inquiry","neutral","low"
"طب هل تقدروا الدفع عند الاستلام؟ في انتظار ردكم","general_inquiry","neutral","low"
"من فضلك، هل تقدروا الدفع عند الاستلام؟ برجاء الإفادة","general_inquiry","neutral","low"
"هل تقدروا الدفع عند الاستلام؟ وشكراً لتعاونكم","general_inquiry","neutral","low"
"طب هل تقدروا الدفع عند الاستلام؟ ياريت حد يرد عليا","general_inquiry","neutral","low"
"من فضلك، هل تقدروا الدفع عند الاستلام؟ ياريت حد يرد عليا","general_inquiry","neutral","low"
"على فكرة، هل تقدروا الدفع عند الاستلام؟ برجاء الإفادة","general_inquiry","neutral","low"
"معلش، هل تقدروا الدفع عند الاستلام؟ وشكراً لتعاونكم","general_inquiry","neutral","low"
"هل تقدروا الدفع عند الاستلام؟ ياريت حد يرد عليا","general_inquiry","neutral","low"
"هل تقدروا الدفع عند الاستلام؟ برجاء الإفادة","general_inquiry","neutral","low"
"معلش، هل تقدروا الدفع عند الاستلام؟ ياريت حد يرد عليا","general_inquiry","neutral","low"
"طب هل تقدروا الدفع عند الاستلام؟ وشكراً لتعاونكم","general_inquiry","neutral","low"
"طب هل تقدروا الدفع عند الاستلام؟","general_inquiry","neutral","low"
"لو سمحت، محتاج معرفة سريعة هل فيه توصيل النهاردة عشان الموضوع مستعجل في انتظار ردكم","general_inquiry","neutral","medium"
"بجد محتاج معرفة سريعة هل فيه توصيل النهاردة عشان الموضوع مستعجل في انتظار ردكم","general_inquiry","neutral","medium"
"طب محتاج معرفة سريعة هل فيه توصيل النهاردة عشان الموضوع مستعجل ياريت حد يرد عليا","general_inquiry","neutral","medium"
"من فضلك، محتاج معرفة سريعة هل فيه توصيل النهاردة عشان الموضوع مستعجل","general_inquiry","neutral","medium"
"لو سمحت، محتاج معرفة سريعة هل فيه توصيل النهاردة عشان الموضوع مستعجل","general_inquiry","neutral","medium"
"لو سمحت، محتاج معرفة سريعة هل فيه توصيل النهاردة عشان الموضوع مستعجل وشكراً لتعاونكم","general_inquiry","neutral","medium"
"طب محتاج معرفة سريعة هل فيه توصيل النهاردة عشان الموضوع مستعجل","general_inquiry","neutral","medium"
"معلش، محتاج معرفة سريعة هل فيه توصيل النهاردة عشان الموضوع مستعجل","general_inquiry","neutral","medium"
"على فكرة، محتاج معرفة سريعة هل فيه توصيل النهاردة عشان الموضوع مستعجل ياريت حد يرد عليا","general_inquiry","neutral","medium"
"بجد محتاج معرفة سريعة هل فيه توصيل النهاردة عشان الموضوع مستعجل برجاء الإفادة","general_inquiry","neutral","medium"
"من فضلك، محتاج معرفة سريعة هل فيه توصيل النهاردة عشان الموضوع مستعجل وشكراً لتعاونكم","general_inquiry","neutral","medium"
"محتاج معرفة سريعة هل فيه توصيل النهاردة عشان الموضوع مستعجل وشكراً لتعاونكم","general_inquiry","neutral","medium"
"من فضلك، هل فيه سماعات بلوتوث متوفرة دلوقتي؟ برجاء الإفادة","general_inquiry","neutral","low"
"على فكرة، هل فيه سماعات بلوتوث متوفرة دلوقتي؟ برجاء الإفادة","general_inquiry","neutral","low"
"معلش، هل فيه سماعات بلوتوث متوفرة دلوقتي؟ في انتظار ردكم","general_inquiry","neutral","low"
"بجد هل فيه سماعات بلوتوث متوفرة دلوقتي؟","general_inquiry","neutral","low"
"هل فيه سماعات بلوتوث متوفرة دلوقتي؟ برجاء الإفادة","general_inquiry","neutral","low"
"هل فيه سماعات بلوتوث متوفرة دلوقتي؟ وشكراً لتعاونكم","general_inquiry","neutral","low"
"بجد هل فيه سماعات بلوتوث متوفرة دلوقتي؟ برجاء الإفادة","general_inquiry","neutral","low"
"لو سمحت، هل فيه سماعات بلوتوث متوفرة دلوقتي؟ في انتظار ردكم","general_inquiry","neutral","low"
"بجد هل فيه سماعات بلوتوث متوفرة دلوقتي؟ وشكراً لتعاونكم","general_inquiry","neutral","low"
"على فكرة، هل فيه سماعات بلوتوث متوفرة دلوقتي؟ وشكراً لتعاونكم","general_inquiry","neutral","low"
"معلش، هل فيه سماعات بلوتوث متوفرة دلوقتي؟","general_inquiry","neutral","low"
"معلش، هل فيه سماعات بلوتوث متوفرة دلوقتي؟ ياريت حد يرد عليا","general_inquiry","neutral","low"
"على فكرة، عجبني تنوع المنتجات عندكم وشكراً لتعاونكم","general_inquiry","positive","low"
"من فضلك، عجبني تنوع المنتجات عندكم وشكراً لتعاونكم","general_inquiry","positive","low"
"عجبني تنوع المنتجات عندكم في انتظار ردكم","general_inquiry","positive","low"
"بجد عجبني تنوع المنتجات عندكم برجاء الإفادة","general_inquiry","positive","low"
"عجبني تنوع المنتجات عندكم برجاء الإفادة","general_inquiry","positive","low"
"لو سمحت، عجبني تنوع المنتجات عندكم ياريت حد يرد عليا","general_inquiry","positive","low"
"على فكرة، عجبني تنوع المنتجات عندكم برجاء الإفادة","general_inquiry","positive","low"
"من فضلك، عجبني تنوع المنتجات عندكم في انتظار ردكم","general_inquiry","positive","low"
"عجبني تنوع المنتجات عندكم","general_inquiry","positive","low"
"لو سمحت، عجبني تنوع المنتجات عندكم وشكراً لتعاونكم","general_inquiry","positive","low"
"عجبني تنوع المنتجات عندكم ياريت حد يرد عليا","general_inquiry","positive","low"
"من فضلك، عجبني تنوع المنتجات عندكم ياريت حد يرد عليا","general_inquiry","positive","low"
"على فكرة، الموقع مش واضح في عرض تفاصيل المنتجات برجاء الإفادة","general_inquiry","negative","low"
"معلش، الموقع مش واضح في عرض تفاصيل المنتجات","general_inquiry","negative","low"
"بجد الموقع مش واضح في عرض تفاصيل المنتجات برجاء الإفادة","general_inquiry","negative","low"
"الموقع مش واضح في عرض تفاصيل المنتجات","general_inquiry","negative","low"
"طب الموقع مش واضح في عرض تفاصيل المنتجات في انتظار ردكم","general_inquiry","negative","low"
"على فكرة، الموقع مش واضح في عرض تفاصيل المنتجات وشكراً لتعاونكم","general_inquiry","negative","low"
"بجد الموقع مش واضح في عرض تفاصيل المنتجات في انتظار ردكم","general_inquiry","negative","low"
"لو سمحت، الموقع مش واضح في عرض تفاصيل المنتجات برجاء الإفادة","general_inquiry","negative","low"
"من فضلك، الموقع مش واضح في عرض تفاصيل المنتجات","general_inquiry","negative","low"
"من فضلك، الموقع مش واضح في عرض تفاصيل المنتجات ياريت حد يرد عليا","general_inquiry","negative","low"
"بجد الموقع مش واضح في عرض تفاصيل المنتجات وشكراً لتعاونكم","general_inquiry","negative","low"
"طب الموقع مش واضح في عرض تفاصيل المنتجات برجاء الإفادة","general_inquiry","negative","low"
"الموقع سهل جداً في الاستخدام، شكراً ليكم ياريت حد يرد عليا","general_inquiry","positive","low"
"معلش، الموقع سهل جداً في الاستخدام، شكراً ليكم وشكراً لتعاونكم","general_inquiry","positive","low"
"لو سمحت، الموقع سهل جداً في الاستخدام، شكراً ليكم ياريت حد يرد عليا","general_inquiry","positive","low"
"معلش، الموقع سهل جداً في الاستخدام، شكراً ليكم برجاء الإفادة","general_inquiry","positive","low"
"طب الموقع سهل جداً في الاستخدام، شكراً ليكم في انتظار ردكم","general_inquiry","positive","low"
"طب الموقع سهل جداً في الاستخدام، شكراً ليكم برجاء الإفادة","general_inquiry","positive","low"
"لو سمحت، الموقع سهل جداً في الاستخدام، شكراً ليكم","general_inquiry","positive","low"
"على فكرة، الموقع سهل جداً في الاستخدام، شكراً ليكم برجاء الإفادة","general_inquiry","positive","low"
"الموقع سهل جداً في الاستخدام، شكراً ليكم","general_inquiry","positive","low"
"طب الموقع سهل جداً في الاستخدام، شكراً ليكم","general_inquiry","positive","low"
"لو سمحت، الموقع سهل جداً في الاستخدام، شكراً ليكم في انتظار ردكم","general_inquiry","positive","low"
"على فكرة، الموقع سهل جداً في الاستخدام، شكراً ليكم في انتظار ردكم","general_inquiry","positive","low"
"على فكرة، محتاج تفاصيل أكتر عن المواصفات، مش واضحة وشكراً لتعاونكم","general_inquiry","negative","low"
"على فكرة، محتاج تفاصيل أكتر عن المواصفات، مش واضحة","general_inquiry","negative","low"
"بجد محتاج تفاصيل أكتر عن المواصفات، مش واضحة","general_inquiry","negative","low"
"على فكرة، محتاج تفاصيل أكتر عن المواصفات، مش واضحة ياريت حد يرد عليا","general_inquiry","negative","low"
"محتاج تفاصيل أكتر عن المواصفات، مش واضحة في انتظار ردكم","general_inquiry","negative","low"
"محتاج تفاصيل أكتر عن المواصفات، مش واضحة ياريت حد يرد عليا","general_inquiry","negative","low"
"محتاج تفاصيل أكتر عن المواصفات، مش واضحة","general_inquiry","negative","low"
"معلش، محتاج تفاصيل أكتر عن المواصفات، مش واضحة ياريت حد يرد عليا","general_inquiry","negative","low"
"على فكرة، محتاج تفاصيل أكتر عن المواصفات، مش واضحة في انتظار ردكم","general_inquiry","negative","low"
"طب محتاج تفاصيل أكتر عن المواصفات، مش واضحة في انتظار ردكم","general_inquiry","negative","low"
"معلش، محتاج تفاصيل أكتر عن المواصفات، مش واضحة في انتظار ردكم","general_inquiry","negative","low"
"طب محتاج تفاصيل أكتر عن المواصفات، مش واضحة وشكراً لتعاونكم","general_inquiry","negative","low"
"بجد عندكم اكسسوارات إضافية للتابلت؟ ياريت حد يرد عليا","general_inquiry","neutral","low"
"لو سمحت، عندكم اكسسوارات إضافية للتابلت؟ وشكراً لتعاونكم","general_inquiry","neutral","low"
"معلش، عندكم اكسسوارات إضافية للتابلت؟ ياريت حد يرد عليا","general_inquiry","neutral","low"
"على فكرة، عندكم اكسسوارات إضافية للتابلت؟ في انتظار ردكم","general_inquiry","neutral","low"
"طب عندكم اكسسوارات إضافية للتابلت؟ وشكراً لتعاونكم","general_inquiry","neutral","low"
"معلش، عندكم اكسسوارات إضافية للتابلت؟ في انتظار ردكم","general_inquiry","neutral","low"
"على فكرة، عندكم اكسسوارات إضافية للتابلت؟ برجاء الإفادة","general_inquiry","neutral","low"
"عندكم اكسسوارات إضافية للتابلت؟ ياريت حد يرد عليا","general_inquiry","neutral","low"
"لو سمحت، عندكم اكسسوارات إضافية للتابلت؟ برجاء الإفادة","general_inquiry","neutral","low"
"على فكرة، عندكم اكسسوارات إضافية للتابلت؟","general_inquiry","neutral","low"
"بجد عندكم اكسسوارات إضافية للتابلت؟ في انتظار ردكم","general_inquiry","neutral","low"
"معلش، عندكم اكسسوارات إضافية للتابلت؟","general_inquiry","neutral","low"
"من فضلك، هل ينفع أطلب لون معين مش موجود في الموقع؟","general_inquiry","neutral","low"
"طب هل ينفع أطلب لون معين مش موجود في الموقع؟ وشكراً لتعاونكم","general_inquiry","neutral","low"
"هل ينفع أطلب لون معين مش موجود في الموقع؟ في انتظار ردكم","general_inquiry","neutral","low"
"من فضلك، هل ينفع أطلب لون معين مش موجود في الموقع؟ وشكراً لتعاونكم","general_inquiry","neutral","low"
"طب هل ينفع أطلب لون معين مش موجود في الموقع؟ في انتظار ردكم","general_inquiry","neutral","low"
"لو سمحت، هل ينفع أطلب لون معين مش موجود في الموقع؟","general_inquiry","neutral","low"
"بجد هل ينفع أطلب لون معين مش موجود في الموقع؟ ياريت حد يرد عليا","general_inquiry","neutral","low"
"لو سمحت، هل ينفع أطلب لون معين مش موجود في الموقع؟ ياريت حد يرد عليا","general_inquiry","neutral","low"
"بجد هل ينفع أطلب لون معين مش موجود في الموقع؟ في انتظار ردكم","general_inquiry","neutral","low"
"من فضلك، هل ينفع أطلب لون معين مش موجود في الموقع؟ في انتظار ردكم","general_inquiry","neutral","low"
"طب هل ينفع أطلب لون معين مش موجود في الموقع؟ ياريت حد يرد عليا","general_inquiry","neutral","low"
"معلش، هل ينفع أطلب لون معين مش موجود في الموقع؟ وشكراً لتعاونكم","general_inquiry","neutral","low"
"هل الشاحن ده متوافق مع كل الموبايلات؟ في انتظار ردكم","general_inquiry","neutral","low"
"بجد هل الشاحن ده متوافق مع كل الموبايلات؟ وشكراً لتعاونكم","general_inquiry","neutral","low"
"بجد هل الشاحن ده متوافق مع كل الموبايلات؟ ياريت حد يرد عليا","general_inquiry","neutral","low"
"من فضلك، هل الشاحن ده متوافق مع كل الموبايلات؟ في انتظار ردكم","general_inquiry","neutral","low"
"من فضلك، هل الشاحن ده متوافق مع كل الموبايلات؟","general_inquiry","neutral","low"
"لو سمحت، هل الشاحن ده متوافق مع كل الموبايلات؟ ياريت حد يرد عليا","general_inquiry","neutral","low"
"هل الشاحن ده متوافق مع كل الموبايلات؟ برجاء الإفادة","general_inquiry","neutral","low"
"لو سمحت، هل الشاحن ده متوافق مع كل الموبايلات؟ برجاء الإفادة","general_inquiry","neutral","low"
"معلش، هل الشاحن ده متوافق مع كل الموبايلات؟ برجاء الإفادة","general_inquiry","neutral","low"
"على فكرة، هل الشاحن ده متوافق مع كل الموبايلات؟","general_inquiry","neutral","low"
"بجد هل الشاحن ده متوافق مع كل الموبايلات؟ في انتظار ردكم","general_inquiry","neutral","low"
"طب هل الشاحن ده متوافق مع كل الموبايلات؟ برجاء الإفادة","general_inquiry","neutral","low"
"بجد محتاج تأكيد سريع إن الدفع بفودافون كاش هيشتغل معايا دلوقتي وشكراً لتعاونكم","general_inquiry","neutral","medium"
"بجد محتاج تأكيد سريع إن الدفع بفودافون كاش هيشتغل معايا دلوقتي ياريت حد يرد عليا","general_inquiry","neutral","medium"
"محتاج تأكيد سريع إن الدفع بفودافون كاش هيشتغل معايا دلوقتي في انتظار ردكم","general_inquiry","neutral","medium"
"بجد محتاج تأكيد سريع إن الدفع بفودافون كاش هيشتغل معايا دلوقتي","general_inquiry","neutral","medium"
"محتاج تأكيد سريع إن الدفع بفودافون كاش هيشتغل معايا دلوقتي ياريت حد يرد عليا","general_inquiry","neutral","medium"
"معلش، محتاج تأكيد سريع إن الدفع بفودافون كاش هيشتغل معايا دلوقتي وشكراً لتعاونكم","general_inquiry","neutral","medium"
"طب محتاج تأكيد سريع إن الدفع بفودافون كاش هيشتغل معايا دلوقتي","general_inquiry","neutral","medium"
"معلش، محتاج تأكيد سريع إن الدفع بفودافون كاش هيشتغل معايا دلوقتي","general_inquiry","neutral","medium"
"لو سمحت، محتاج تأكيد سريع إن الدفع بفودافون كاش هيشتغل معايا دلوقتي ياريت حد يرد عليا","general_inquiry","neutral","medium"
"طب محتاج تأكيد سريع إن الدفع بفودافون كاش هيشتغل معايا دلوقتي في انتظار ردكم","general_inquiry","neutral","medium"
"من فضلك، محتاج تأكيد سريع إن الدفع بفودافون كاش هيشتغل معايا دلوقتي برجاء الإفادة","general_inquiry","neutral","medium"
"معلش، محتاج تأكيد سريع إن الدفع بفودافون كاش هيشتغل معايا دلوقتي ياريت حد يرد عليا","general_inquiry","neutral","medium"
"بجد عايز أعرف تفاصيل تكلفة الشحن بالظبط ياريت حد يرد عليا","general_inquiry","neutral","low"
"لو سمحت، عاوز أعرف تفاصيل تكلفة الشحن بالظبط في انتظار ردكم","general_inquiry","neutral","low"
"طب عايز أعرف تفاصيل تكلفة الشحن بالظبط ياريت حد يرد عليا","general_inquiry","neutral","low"
"من فضلك، عاوز أعرف تفاصيل تكلفة الشحن بالظبط وشكراً لتعاونكم","general_inquiry","neutral","low"
"عاوز أعرف تفاصيل تكلفة الشحن بالظبط وشكراً لتعاونكم","general_inquiry","neutral","low"
"لو سمحت، عاوز أعرف تفاصيل تكلفة الشحن بالظبط ياريت حد يرد عليا","general_inquiry","neutral","low"
"من فضلك، عايز أعرف تفاصيل تكلفة الشحن بالظبط","general_inquiry","neutral","low"
"بجد عاوز أعرف تفاصيل تكلفة الشحن بالظبط وشكراً لتعاونكم","general_inquiry","neutral","low"
"لو سمحت، عاوز أعرف تفاصيل تكلفة الشحن بالظبط","general_inquiry","neutral","low"
"طب عاوز أعرف تفاصيل تكلفة الشحن بالظبط في انتظار ردكم","general_inquiry","neutral","low"
"معلش، عاوز أعرف تفاصيل تكلفة الشحن بالظبط وشكراً لتعاونكم","general_inquiry","neutral","low"
"معلش، عاوز أعرف تفاصيل تكلفة الشحن بالظبط في انتظار ردكم","general_inquiry","neutral","low"
"على فكرة، شكراً على الرد السريع على استفساراتي وشكراً لتعاونكم","general_inquiry","positive","low"
"لو سمحت، شكراً على الرد السريع على استفساراتي في انتظار ردكم","general_inquiry","positive","low"
"لو سمحت، شكراً على الرد السريع على استفساراتي","general_inquiry","positive","low"
"معلش، شكراً على الرد السريع على استفساراتي برجاء الإفادة","general_inquiry","positive","low"
"معلش، شكراً على الرد السريع على استفساراتي ياريت حد يرد عليا","general_inquiry","positive","low"
"معلش، شكراً على الرد السريع على استفساراتي في انتظار ردكم","general_inquiry","positive","low"
"شكراً على الرد السريع على استفساراتي وشكراً لتعاونكم","general_inquiry","positive","low"
"بجد شكراً على الرد السريع على استفساراتي وشكراً لتعاونكم","general_inquiry","positive","low"
"بجد شكراً على الرد السريع على استفساراتي ياريت حد يرد عليا","general_inquiry","positive","low"
"طب شكراً على الرد السريع على استفساراتي وشكراً لتعاونكم","general_inquiry","positive","low"
"من فضلك، شكراً على الرد السريع على استفساراتي","general_inquiry","positive","low"
"طب شكراً على الرد السريع على استفساراتي ياريت حد يرد عليا","general_inquiry","positive","low"
"مش لاقي معلومات كافية عن المنتج ده في الموقع وشكراً لتعاونكم","general_inquiry","negative","low"
"بجد مش لاقي معلومات كافية عن المنتج ده في الموقع برجاء الإفادة","general_inquiry","negative","low"
"من فضلك، مش لاقي معلومات كافية عن المنتج ده في الموقع ياريت حد يرد عليا","general_inquiry","negative","low"
"لو سمحت، مش لاقي معلومات كافية عن المنتج ده في الموقع برجاء الإفادة","general_inquiry","negative","low"
"بجد مش لاقي معلومات كافية عن المنتج ده في الموقع","general_inquiry","negative","low"
"لو سمحت، مش لاقي معلومات كافية عن المنتج ده في الموقع","general_inquiry","negative","low"
"بجد مش لاقي معلومات كافية عن المنتج ده في الموقع وشكراً لتعاونكم","general_inquiry","negative","low"
"طب مش لاقي معلومات كافية عن المنتج ده في الموقع برجاء الإفادة","general_inquiry","negative","low"
"على فكرة، مش لاقي معلومات كافية عن المنتج ده في الموقع","general_inquiry","negative","low"
"على فكرة، مش لاقي معلومات كافية عن المنتج ده في الموقع في انتظار ردكم","general_inquiry","negative","low"
"مش لاقي معلومات كافية عن المنتج ده في الموقع","general_inquiry","negative","low"
"معلش، مش لاقي معلومات كافية عن المنتج ده في الموقع","general_inquiry","negative","low"
"معلش، المعلومات عن المنتج ناقصة شوية في الموقع في انتظار ردكم","general_inquiry","negative","low"
"معلش، المعلومات عن المنتج ناقصة شوية في الموقع برجاء الإفادة","general_inquiry","negative","low"
"من فضلك، المعلومات عن المنتج ناقصة شوية في الموقع","general_inquiry","negative","low"
"المعلومات عن المنتج ناقصة شوية في الموقع في انتظار ردكم","general_inquiry","negative","low"
"طب المعلومات عن المنتج ناقصة شوية في الموقع ياريت حد يرد عليا","general_inquiry","negative","low"
"على فكرة، المعلومات عن المنتج ناقصة شوية في الموقع في انتظار ردكم","general_inquiry","negative","low"
"طب المعلومات عن المنتج ناقصة شوية في الموقع برجاء الإفادة","general_inquiry","negative","low"
"المعلومات عن المنتج ناقصة شوية في الموقع ياريت حد يرد عليا","general_inquiry","negative","low"
"لو سمحت، المعلومات عن المنتج ناقصة شوية في الموقع","general_inquiry","negative","low"
"على فكرة، المعلومات عن المنتج ناقصة شوية في الموقع","general_inquiry","negative","low"
"المعلومات عن المنتج ناقصة شوية في الموقع وشكراً لتعاونكم","general_inquiry","negative","low"
"لو سمحت، المعلومات عن المنتج ناقصة شوية في الموقع في انتظار ردكم","general_inquiry","negative","low"
"الشحن للقاهرة والجيزة بياخد قد ايه؟ برجاء الإفادة","general_inquiry","neutral","low"
"لو سمحت، الشحن للقاهرة والجيزة بياخد قد ايه؟ ياريت حد يرد عليا","general_inquiry","neutral","low"
"لو سمحت، الشحن للقاهرة والجيزة بياخد قد ايه؟ وشكراً لتعاونكم","general_inquiry","neutral","low"
"بجد الشحن للقاهرة والجيزة بياخد قد ايه؟ وشكراً لتعاونكم","general_inquiry","neutral","low"
"معلش، الشحن للقاهرة والجيزة بياخد قد ايه؟ في انتظار ردكم","general_inquiry","neutral","low"
"لو سمحت، الشحن للقاهرة والجيزة بياخد قد ايه؟ في انتظار ردكم","general_inquiry","neutral","low"
"من فضلك، الشحن للقاهرة والجيزة بياخد قد ايه؟ برجاء الإفادة","general_inquiry","neutral","low"
"طب الشحن للقاهرة والجيزة بياخد قد ايه؟ برجاء الإفادة","general_inquiry","neutral","low"
"طب الشحن للقاهرة والجيزة بياخد قد ايه؟ في انتظار ردكم","general_inquiry","neutral","low"
"بجد الشحن للقاهرة والجيزة بياخد قد ايه؟ في انتظار ردكم","general_inquiry","neutral","low"
"على فكرة، الشحن للقاهرة والجيزة بياخد قد ايه؟ في انتظار ردكم","general_inquiry","neutral","low"
"على فكرة، الشحن للقاهرة والجيزة بياخد قد ايه؟ برجاء الإفادة","general_inquiry","neutral","low"
"على فكرة، إيه هي مواصفات الكاميرا اللي بتبيعوها؟ برجاء الإفادة","general_inquiry","neutral","low"
"من فضلك، إيه هي مواصفات الكاميرا اللي بتبيعوها؟ في انتظار ردكم","general_inquiry","neutral","low"
"بجد إيه هي مواصفات الكاميرا اللي بتبيعوها؟ برجاء الإفادة","general_inquiry","neutral","low"
"من فضلك، إيه هي مواصفات الكاميرا اللي بتبيعوها؟ وشكراً لتعاونكم","general_inquiry","neutral","low"
"معلش، إيه هي مواصفات الكاميرا اللي بتبيعوها؟ برجاء الإفادة","general_inquiry","neutral","low"
"على فكرة، إيه هي مواصفات الكاميرا اللي بتبيعوها؟","general_inquiry","neutral","low"
"طب إيه هي مواصفات الكاميرا اللي بتبيعوها؟ برجاء الإفادة","general_inquiry","neutral","low"
"لو سمحت، إيه هي مواصفات الكاميرا اللي بتبيعوها؟ ياريت حد يرد عليا","general_inquiry","neutral","low"
"من فضلك، إيه هي مواصفات الكاميرا اللي بتبيعوها؟","general_inquiry","neutral","low"
"بجد إيه هي مواصفات الكاميرا اللي بتبيعوها؟ ياريت حد يرد عليا","general_inquiry","neutral","low"
"إيه هي مواصفات الكاميرا اللي بتبيعوها؟ برجاء الإفادة","general_inquiry","neutral","low"
"على فكرة، إيه هي مواصفات الكاميرا اللي بتبيعوها؟ ياريت حد يرد عليا","general_inquiry","neutral","low"
"لو سمحت، الشاشة دي بتدعم دقة عالية؟ وشكراً لتعاونكم","general_inquiry","neutral","low"
"لو سمحت، الشاشة دي بتدعم دقة عالية؟ ياريت حد يرد عليا","general_inquiry","neutral","low"
"معلش، الشاشة دي بتدعم دقة عالية؟ ياريت حد يرد عليا","general_inquiry","neutral","low"
"على فكرة، الشاشة دي بتدعم دقة عالية؟","general_inquiry","neutral","low"
"من فضلك، الشاشة دي بتدعم دقة عالية؟ وشكراً لتعاونكم","general_inquiry","neutral","low"
"بجد الشاشة دي بتدعم دقة عالية؟","general_inquiry","neutral","low"
"الشاشة دي بتدعم دقة عالية؟","general_inquiry","neutral","low"
"لو سمحت، الشاشة دي بتدعم دقة عالية؟ برجاء الإفادة","general_inquiry","neutral","low"
"لو سمحت، الشاشة دي بتدعم دقة عالية؟ في انتظار ردكم","general_inquiry","neutral","low"
"بجد الشاشة دي بتدعم دقة عالية؟ ياريت حد يرد عليا","general_inquiry","neutral","low"
"من فضلك، الشاشة دي بتدعم دقة عالية؟ في انتظار ردكم","general_inquiry","neutral","low"
"معلش، الشاشة دي بتدعم دقة عالية؟ برجاء الإفادة","general_inquiry","neutral","low"
"معلش، عاوز رد فوري عن توفر الـماوس عشان هحسم الطلب دلوقتي ياريت حد يرد عليا","general_inquiry","neutral","medium"
"من فضلك، عايز رد فوري عن توفر الـلابتوب عشان هحسم الطلب دلوقتي وشكراً لتعاونكم","general_inquiry","neutral","medium"
"بجد عايز رد فوري عن توفر الـتابلت عشان هحسم الطلب دلوقتي برجاء الإفادة","general_inquiry","neutral","medium"
"لو سمحت، عاوز رد فوري عن توفر الـتابلت عشان هحسم الطلب دلوقتي في انتظار ردكم","general_inquiry","neutral","medium"
"على فكرة، عايز رد فوري عن توفر الـماوس عشان هحسم الطلب دلوقتي برجاء الإفادة","general_inquiry","neutral","medium"
"بجد عايز رد فوري عن توفر الـسماعة عشان هحسم الطلب دلوقتي ياريت حد يرد عليا","general_inquiry","neutral","medium"
"من فضلك، عاوز رد فوري عن توفر الـلابتوب عشان هحسم الطلب دلوقتي","general_inquiry","neutral","medium"
"على فكرة، عايز رد فوري عن توفر الـماوس عشان هحسم الطلب دلوقتي وشكراً لتعاونكم","general_inquiry","neutral","medium"
"عاوز رد فوري عن توفر الـشاشة عشان هحسم الطلب دلوقتي","general_inquiry","neutral","medium"
"معلش، عاوز رد فوري عن توفر الـلابتوب عشان هحسم الطلب دلوقتي برجاء الإفادة","general_inquiry","neutral","medium"
"عاوز رد فوري عن توفر الـموبايل عشان هحسم الطلب دلوقتي في انتظار ردكم","general_inquiry","neutral","medium"
"من فضلك، عايز رد فوري عن توفر الـهيدفون عشان هحسم الطلب دلوقتي في انتظار ردكم","general_inquiry","neutral","medium"
"عاوز رد فوري عن توفر الساعة الذكية عشان هحسم الطلب دلوقتي","general_inquiry","neutral","medium"
"عاوز رد فوري عن توفر الـشاشة عشان هحسم الطلب دلوقتي وشكراً لتعاونكم","general_inquiry","neutral","medium"
"من فضلك، عايز رد فوري عن توفر الـموبايل عشان هحسم الطلب دلوقتي ياريت حد يرد عليا","general_inquiry","neutral","medium"
"طب عاوز رد فوري عن توفر الـكاميرا عشان هحسم الطلب دلوقتي","general_inquiry","neutral","medium"
"معلش، عاوز رد فوري عن توفر الـشاحن عشان هحسم الطلب دلوقتي وشكراً لتعاونكم","general_inquiry","neutral","medium"
"طب عايز رد فوري عن توفر الـشاحن عشان هحسم الطلب دلوقتي وشكراً لتعاونكم","general_inquiry","neutral","medium"
"على فكرة، عاوز رد فوري عن توفر الـسماعة عشان هحسم الطلب دلوقتي في انتظار ردكم","general_inquiry","neutral","medium"
"لو سمحت، عاوز رد فوري عن توفر الـتابلت عشان هحسم الطلب دلوقتي","general_inquiry","neutral","medium"
"لو سمحت، محتاج أعرف طرق الدفع بسرعة عشان هخلص الطلب دلوقتي ياريت حد يرد عليا","general_inquiry","neutral","medium"
"معلش، محتاج أعرف طرق الدفع بسرعة عشان هخلص الطلب دلوقتي ياريت حد يرد عليا","general_inquiry","neutral","medium"
"معلش، محتاج أعرف طرق الدفع بسرعة عشان هخلص الطلب دلوقتي وشكراً لتعاونكم","general_inquiry","neutral","medium"
"طب محتاج أعرف طرق الدفع بسرعة عشان هخلص الطلب دلوقتي في انتظار ردكم","general_inquiry","neutral","medium"
"على فكرة، محتاج أعرف طرق الدفع بسرعة عشان هخلص الطلب دلوقتي","general_inquiry","neutral","medium"
"معلش، محتاج أعرف طرق الدفع بسرعة عشان هخلص الطلب دلوقتي","general_inquiry","neutral","medium"
"بجد محتاج أعرف طرق الدفع بسرعة عشان هخلص الطلب دلوقتي ياريت حد يرد عليا","general_inquiry","neutral","medium"
"من فضلك، محتاج أعرف طرق الدفع بسرعة عشان هخلص الطلب دلوقتي","general_inquiry","neutral","medium"
"لو سمحت، محتاج أعرف طرق الدفع بسرعة عشان هخلص الطلب دلوقتي وشكراً لتعاونكم","general_inquiry","neutral","medium"
"لو سمحت، محتاج أعرف طرق الدفع بسرعة عشان هخلص الطلب دلوقتي برجاء الإفادة","general_inquiry","neutral","medium"
"محتاج أعرف طرق الدفع بسرعة عشان هخلص الطلب دلوقتي ياريت حد يرد عليا","general_inquiry","neutral","medium"
"على فكرة، محتاج أعرف طرق الدفع بسرعة عشان هخلص الطلب دلوقتي ياريت حد يرد عليا","general_inquiry","neutral","medium"
"على فكرة، الشحن لباقي المحافظات بياخد قد ايه؟ برجاء الإفادة","general_inquiry","neutral","low"
"طب الشحن لباقي المحافظات بياخد قد ايه؟ برجاء الإفادة","general_inquiry","neutral","low"
"بجد الشحن لباقي المحافظات بياخد قد ايه؟ في انتظار ردكم","general_inquiry","neutral","low"
"على فكرة، الشحن لباقي المحافظات بياخد قد ايه؟ وشكراً لتعاونكم","general_inquiry","neutral","low"
"بجد الشحن لباقي المحافظات بياخد قد ايه؟ برجاء الإفادة","general_inquiry","neutral","low"
"لو سمحت، الشحن لباقي المحافظات بياخد قد ايه؟ في انتظار ردكم","general_inquiry","neutral","low"
"لو سمحت، الشحن لباقي المحافظات بياخد قد ايه؟","general_inquiry","neutral","low"
"على فكرة، الشحن لباقي المحافظات بياخد قد ايه؟ في انتظار ردكم","general_inquiry","neutral","low"
"معلش، الشحن لباقي المحافظات بياخد قد ايه؟","general_inquiry","neutral","low"
"معلش، الشحن لباقي المحافظات بياخد قد ايه؟ وشكراً لتعاونكم","general_inquiry","neutral","low"
"طب الشحن لباقي المحافظات بياخد قد ايه؟ وشكراً لتعاونكم","general_inquiry","neutral","low"
"الشحن لباقي المحافظات بياخد قد ايه؟","general_inquiry","neutral","low"
"لو سمحت، هل الدفع بفودافون كاش متاح؟ ياريت حد يرد عليا","general_inquiry","neutral","low"
"طب هل الدفع بفودافون كاش متاح؟ وشكراً لتعاونكم","general_inquiry","neutral","low"
"معلش، هل الدفع بفودافون كاش متاح؟ وشكراً لتعاونكم","general_inquiry","neutral","low"
"هل الدفع بفودافون كاش متاح؟ في انتظار ردكم","general_inquiry","neutral","low"
"هل الدفع بفودافون كاش متاح؟ برجاء الإفادة","general_inquiry","neutral","low"
"بجد هل الدفع بفودافون كاش متاح؟ في انتظار ردكم","general_inquiry","neutral","low"
"لو سمحت، هل الدفع بفودافون كاش متاح؟ في انتظار ردكم","general_inquiry","neutral","low"
"على فكرة، هل الدفع بفودافون كاش متاح؟ برجاء الإفادة","general_inquiry","neutral","low"
"طب هل الدفع بفودافون كاش متاح؟","general_inquiry","neutral","low"
"هل الدفع بفودافون كاش متاح؟","general_inquiry","neutral","low"
"على فكرة، هل الدفع بفودافون كاش متاح؟","general_inquiry","neutral","low"
"هل الدفع بفودافون كاش متاح؟ وشكراً لتعاونكم","general_inquiry","neutral","low"
"محتاج توضيح أكتر لأن الوصف مش كافي في انتظار ردكم","general_inquiry","negative","low"
"بجد محتاج توضيح أكتر لأن الوصف مش كافي برجاء الإفادة","general_inquiry","negative","low"
"بجد محتاج توضيح أكتر لأن الوصف مش كافي ياريت حد يرد عليا","general_inquiry","negative","low"
